split,expiry,entry_date,strategy,regime,rv20,rv20_rank,spot,p20,p35,p65,p80,strikes_json,entry_cashflow_points,mc_ev_gross,mc_ev_net,mc_pop,es95_points,es99_points,risk_points_per_lot,risk_budget_inr,estimated_risk_inr_per_lot,recommended_lots,contract_count,eligible,eligibility_reason,slippage_points_per_leg,entry_cost_inr_expected,entry_cost_inr_entry_only,legs_json,cpcv_frequency,status,expiry_spot,realized_pnl_points_per_unit,realized_cost_inr_per_lot,realized_pnl_inr_per_lot,forced_per_lot_evaluation,universe,reason
development,2024-01-05,2024-01-02,Batman,high,0.11606320822148102,0.8015873015873016,72172.12,71379.2657837405,71907.02273372187,72748.80660897575,73253.64105043001,"{""c65"": 72700.0, ""c80"": 73300.0, ""p20"": 71400.0, ""p35"": 71900.0}",-65.50000000000003,-37.03390432074553,-40.59331621517691,0.4618,1528.4285158011564,2600.7253446775135,2600.7253446775135,2000.0,52014.50689355027,0.0,6.0,False,negative_net_ev,2.0,71.18823788862751,56.86382308,"[{""expiry"": ""2024-01-05"", ""option_type"": ""PE"", ""premium_points"": 267.6, ""qty"": 1, ""quantity_per_lot"": 1, ""raw_open"": 265.6, ""side"": ""BUY"", ""strike"": 71900.0}, {""expiry"": ""2024-01-05"", ""option_type"": ""PE"", ""premium_points"": 133.25, ""qty"": -2, ""quantity_per_lot"": 2, ""raw_open"": 135.25, ""side"": ""SELL"", ""strike"": 71400.0}, {""expiry"": ""2024-01-05"", ""option_type"": ""CE"", ""premium_points"": 212.8, ""qty"": 1, ""quantity_per_lot"": 1, ""raw_open"": 210.8, ""side"": ""BUY"", ""strike"": 72700.0}, {""expiry"": ""2024-01-05"", ""option_type"": ""CE"", ""premium_points"": 74.2, ""qty"": -2, ""quantity_per_lot"": 2, ""raw_open"": 76.2, ""side"": ""SELL"", ""strike"": 73300.0}]",2.0,EVALUATED,72026.15,-65.50000000000003,56.86382308,-1366.8638230800004,True,,
development,2024-01-05,2024-01-02,Long Synthetic Future,high,0.11606320822148102,0.8015873015873016,72172.12,71379.2657837405,71907.02273372187,72748.80660897575,73253.64105043001,"{""atm"": 72200.0}",-61.05000000000001,41.657771471689394,39.40019388530292,0.5234,2546.863908780936,3544.404592477663,3544.404592477663,2000.0,70888.09184955325,1.0,2.0,True,eligible,2.0,45.151551727730435,32.36426806,"[{""expiry"": ""2024-01-05"", ""option_type"": ""CE"", ""premium_points"": 437.2, ""qty"": 1, ""quantity_per_lot"": 1, ""raw_open"": 435.2, ""side"": ""BUY"", ""strike"": 72200.0}, {""expiry"": ""2024-01-05"", ""option_type"": ""PE"", ""premium_points"": 376.15, ""qty"": -1, ""quantity_per_lot"": 1, ""raw_open"": 378.15, ""side"": ""SELL"", ""strike"": 72200.0}]",3.0,EVALUATED,72026.15,-234.90000000000583,32.36426806,-4730.364268060116,True,,
development,2024-01-05,2024-01-02,Risk Reversal,high,0.11606320822148102,0.8015873015873016,72172.12,71379.2657837405,71907.02273372187,72748.80660897575,73253.64105043001,"{""c65"": 72700.0, ""p35"": 71900.0}",50.80000000000001,45.702858888523586,43.86928047950251,0.6698,2134.5899096035705,3132.1305933002977,3132.1305933002977,2000.0,62642.61186600596,1.0,2.0,True,eligible,2.0,36.67156818042031,29.573075040000006,"[{""expiry"": ""2024-01-05"", ""option_type"": ""CE"", ""premium_points"": 212.8, ""qty"": 1, ""quantity_per_lot"": 1, ""raw_open"": 210.8, ""side"": ""BUY"", ""strike"": 72700.0}, {""expiry"": ""2024-01-05"", ""option_type"": ""PE"", ""premium_points"": 263.6, ""qty"": -1, ""quantity_per_lot"": 1, ""raw_open"": 265.6, ""side"": ""SELL"", ""strike"": 71900.0}]",5.0,EVALUATED,72026.15,50.80000000000001,29.573075040000006,986.4269249600002,True,,
development,2024-01-05,2024-01-02,Sell Put,high,0.11606320822148102,0.8015873015873016,72172.12,71379.2657837405,71907.02273372187,72748.80660897575,73253.64105043001,"{""atm"": 72200.0}",376.15,-32.633575237528106,-33.622361944528116,0.6774,2108.3951179015503,3105.935801598277,3105.935801598277,2000.0,62118.71603196554,0.0,1.0,False,negative_net_ev,2.0,19.77573414,19.77573414,"[{""expiry"": ""2024-01-05"", ""option_type"": ""PE"", ""premium_points"": 376.15, ""qty"": -1, ""quantity_per_lot"": 1, ""raw_open"": 378.15, ""side"": ""SELL"", ""strike"": 72200.0}]",5.0,EVALUATED,72026.15,202.29999999999416,19.77573414,4026.224265859883,True,,
development,2024-01-05,2024-01-02,Batman,high,0.11606320822148102,0.8015873015873016,72172.12,71379.2657837405,71907.02273372187,72748.80660897575,73253.64105043001,"{""c65"": 72700.0, ""c80"": 73300.0, ""p20"": 71400.0, ""p35"": 71900.0}",-65.50000000000003,-37.03390432074553,-40.59331621517691,0.4618,1528.4285158011564,2600.7253446775135,2600.7253446775135,2000.0,52014.50689355027,0.0,6.0,False,negative_net_ev,2.0,71.18823788862751,56.86382308,"[{""expiry"": ""2024-01-05"", ""option_type"": ""PE"", ""premium_points"": 267.6, ""qty"": 1, ""quantity_per_lot"": 1, ""raw_open"": 265.6, ""side"": ""BUY"", ""strike"": 71900.0}, {""expiry"": ""2024-01-05"", ""option_type"": ""PE"", ""premium_points"": 133.25, ""qty"": -2, ""quantity_per_lot"": 2, ""raw_open"": 135.25, ""side"": ""SELL"", ""strike"": 71400.0}, {""expiry"": ""2024-01-05"", ""option_type"": ""CE"", ""premium_points"": 212.8, ""qty"": 1, ""quantity_per_lot"": 1, ""raw_open"": 210.8, ""side"": ""BUY"", ""strike"": 72700.0}, {""expiry"": ""2024-01-05"", ""option_type"": ""CE"", ""premium_points"": 74.2, ""qty"": -2, ""quantity_per_lot"": 2, ""raw_open"": 76.2, ""side"": ""SELL"", ""strike"": 73300.0}]",2.0,EVALUATED,72026.15,-65.50000000000003,56.86382308,-1366.8638230800004,True,Batman_standalone,
development,2024-01-12,2024-01-09,Batman,high,0.11234755291538256,0.7420634920634921,71849.59,71113.98632691246,71613.8827949209,72430.9485480098,72889.76427267972,"{""c65"": 72400.0, ""c80"": 72900.0, ""p20"": 71100.0, ""p35"": 71600.0}",-61.60000000000002,-59.54490675490687,-62.9690063105426,0.441,1513.787042623901,2525.999796599367,2525.999796599367,2000.0,50519.995931987345,0.0,6.0,False,negative_net_ev,2.0,68.48199111271444,54.90117704000001,"[{""expiry"": ""2024-01-12"", ""option_type"": ""PE"", ""premium_points"": 223.5, ""qty"": 1, ""quantity_per_lot"": 1, ""raw_open"": 221.5, ""side"": ""BUY"", ""strike"": 71600.0}, {""expiry"": ""2024-01-12"", ""option_type"": ""PE"", ""premium_points"": 96.6, ""qty"": -2, ""quantity_per_lot"": 2, ""raw_open"": 98.6, ""side"": ""SELL"", ""strike"": 71100.0}, {""expiry"": ""2024-01-12"", ""option_type"": ""CE"", ""premium_points"": 168.0, ""qty"": 1, ""quantity_per_lot"": 1, ""raw_open"": 166.0, ""side"": ""BUY"", ""strike"": 72400.0}, {""expiry"": ""2024-01-12"", ""option_type"": ""CE"", ""premium_points"": 68.35, ""qty"": -2, ""quantity_per_lot"": 2, ""raw_open"": 70.35, ""side"": ""SELL"", ""strike"": 72900.0}]",2.0,EVALUATED,72568.45,106.84999999999707,59.112427039999936,2077.8875729599413,True,,
development,2024-01-12,2024-01-09,Long Synthetic Future,high,0.11234755291538256,0.7420634920634921,71849.59,71113.98632691246,71613.8827949209,72430.9485480098,72889.76427267972,"{""atm"": 71800.0}",-116.5,96.66179766718133,94.43029595726543,0.5392,2320.056357196081,3175.6173822471023,3175.6173822471023,2000.0,63512.34764494205,1.0,2.0,True,eligible,2.0,44.6300341983188,30.684670759999996,"[{""expiry"": ""2024-01-12"", ""option_type"": ""CE"", ""premium_points"": 415.3, ""qty"": 1, ""quantity_per_lot"": 1, ""raw_open"": 413.3, ""side"": ""BUY"", ""strike"": 71800.0}, {""expiry"": ""2024-01-12"", ""option_type"": ""PE"", ""premium_points"": 298.8, ""qty"": -1, ""quantity_per_lot"": 1, ""raw_open"": 300.8, ""side"": ""SELL"", ""strike"": 71800.0}]",3.0,EVALUATED,72568.45,651.9499999999971,49.895920759999925,12989.104079239942,True,,
development,2024-01-12,2024-01-09,Risk Reversal,high,0.11234755291538256,0.7420634920634921,71849.59,71113.98632691246,71613.8827949209,72430.9485480098,72889.76427267972,"{""c65"": 72400.0, ""p35"": 71600.0}",51.5,57.90549705266159,56.134113515185824,0.6742,1951.5962390236402,2807.157264074662,2807.157264074662,2000.0,56143.14528149324,1.0,2.0,True,eligible,2.0,35.427670749515485,28.557195,"[{""expiry"": ""2024-01-12"", ""option_type"": ""CE"", ""premium_points"": 168.0, ""qty"": 1, ""quantity_per_lot"": 1, ""raw_open"": 166.0, ""side"": ""BUY"", ""strike"": 72400.0}, {""expiry"": ""2024-01-12"", ""option_type"": ""PE"", ""premium_points"": 219.5, ""qty"": -1, ""quantity_per_lot"": 1, ""raw_open"": 221.5, ""side"": ""SELL"", ""strike"": 71600.0}]",5.0,EVALUATED,72568.45,219.9499999999971,32.76844499999993,4366.231554999942,True,,
development,2024-01-12,2024-01-09,Sell Put,high,0.11234755291538256,0.7420634920634921,71849.59,71113.98632691246,71613.8827949209,72430.9485480098,72889.76427267972,"{""atm"": 71800.0}",298.8,-45.85273986557106,-46.75952164957103,0.6894,1903.431637270165,2758.9926623211873,2758.9926623211873,2000.0,55179.85324642374,0.0,1.0,False,negative_net_ev,2.0,18.13563568,18.13563568,"[{""expiry"": ""2024-01-12"", ""option_type"": ""PE"", ""premium_points"": 298.8, ""qty"": -1, ""quantity_per_lot"": 1, ""raw_open"": 300.8, ""side"": ""SELL"", ""strike"": 71800.0}]",5.0,EVALUATED,72568.45,298.8,18.13563568,5957.86436432,True,,
development,2024-01-12,2024-01-09,Batman,high,0.11234755291538256,0.7420634920634921,71849.59,71113.98632691246,71613.8827949209,72430.9485480098,72889.76427267972,"{""c65"": 72400.0, ""c80"": 72900.0, ""p20"": 71100.0, ""p35"": 71600.0}",-61.60000000000002,-59.54490675490687,-62.9690063105426,0.441,1513.787042623901,2525.999796599367,2525.999796599367,2000.0,50519.995931987345,0.0,6.0,False,negative_net_ev,2.0,68.48199111271444,54.90117704000001,"[{""expiry"": ""2024-01-12"", ""option_type"": ""PE"", ""premium_points"": 223.5, ""qty"": 1, ""quantity_per_lot"": 1, ""raw_open"": 221.5, ""side"": ""BUY"", ""strike"": 71600.0}, {""expiry"": ""2024-01-12"", ""option_type"": ""PE"", ""premium_points"": 96.6, ""qty"": -2, ""quantity_per_lot"": 2, ""raw_open"": 98.6, ""side"": ""SELL"", ""strike"": 71100.0}, {""expiry"": ""2024-01-12"", ""option_type"": ""CE"", ""premium_points"": 168.0, ""qty"": 1, ""quantity_per_lot"": 1, ""raw_open"": 166.0, ""side"": ""BUY"", ""strike"": 72400.0}, {""expiry"": ""2024-01-12"", ""option_type"": ""CE"", ""premium_points"": 68.35, ""qty"": -2, ""quantity_per_lot"": 2, ""raw_open"": 70.35, ""side"": ""SELL"", ""strike"": 72900.0}]",2.0,EVALUATED,72568.45,106.84999999999707,59.112427039999936,2077.8875729599413,True,Batman_standalone,
development,2024-01-19,2024-01-16,Buy Put,medium,0.10365534425834147,0.623015873015873,73214.44,72441.38625948361,72987.59649430432,73814.10994142172,74293.34996935942,"{""atm"": 73200.0}",-443.35,-64.31558296005763,-65.41935728435759,0.2816,444.4537743242999,444.4537743242999,444.4537743242999,2000.0,8889.075486485997,0.0,1.0,False,negative_net_ev,2.0,22.07548648599856,12.59962606,"[{""expiry"": ""2024-01-19"", ""option_type"": ""PE"", ""premium_points"": 443.35, ""qty"": 1, ""quantity_per_lot"": 1, ""raw_open"": 441.35, ""side"": ""BUY"", ""strike"": 73200.0}]",1.0,EVALUATED,71683.23,1073.4200000000042,50.5188760600001,21417.881123940082,True,,
development,2024-01-19,2024-01-16,Put Ratio Spread,medium,0.10365534425834147,0.623015873015873,73214.44,72441.38625948361,72987.59649430432,73814.10994142172,74293.34996935942,"{""atm"": 73200.0, ""p35"": 73000.0}",269.75,46.78928305201373,44.339494369713805,0.78,1796.3850117698355,2809.0145526764372,2809.0145526764372,2000.0,56180.291053528745,1.0,3.0,True,eligible,2.0,48.99577364599856,39.51991322,"[{""expiry"": ""2024-01-19"", ""option_type"": ""PE"", ""premium_points"": 443.35, ""qty"": 1, ""quantity_per_lot"": 1, ""raw_open"": 441.35, ""side"": ""BUY"", ""strike"": 73200.0}, {""expiry"": ""2024-01-19"", ""option_type"": ""PE"", ""premium_points"": 356.55, ""qty"": -2, ""quantity_per_lot"": 2, ""raw_open"": 358.55, ""side"": ""SELL"", ""strike"": 73000.0}]",4.0,EVALUATED,71683.23,-847.0200000000041,77.4391632200001,-17017.83916322008,True,,
development,2024-01-19,2024-01-16,Short Straddle,medium,0.10365534425834147,0.623015873015873,73214.44,72441.38625948361,72987.59649430432,73814.10994142172,74293.34996935942,"{""atm"": 73200.0}",876.2,-56.225352086008535,-58.33428180200849,0.5602,2202.5046303574572,3340.259785955872,3340.259785955872,2000.0,66805.19571911744,0.0,2.0,False,negative_net_ev,2.0,42.17859432000001,42.17859432000001,"[{""expiry"": ""2024-01-19"", ""option_type"": ""CE"", ""premium_points"": 436.85, ""qty"": -1, ""quantity_per_lot"": 1, ""raw_open"": 438.85, ""side"": ""SELL"", ""strike"": 73200.0}, {""expiry"": ""2024-01-19"", ""option_type"": ""PE"", ""premium_points"": 439.35, ""qty"": -1, ""quantity_per_lot"": 1, ""raw_open"": 441.35, ""side"": ""SELL"", ""strike"": 73200.0}]",4.0,EVALUATED,71683.23,-640.570000000004,42.17859432000001,-12853.57859432008,True,,
development,2024-01-19,2024-01-16,Short Strangle,medium,0.10365534425834147,0.623015873015873,73214.44,72441.38625948361,72987.59649430432,73814.10994142172,74293.34996935942,"{""c65"": 73800.0, ""p35"": 73000.0}",535.05,-38.96021574789921,-40.707465056899245,0.607,2145.816045129532,3239.669090828627,3239.669090828627,2000.0,64793.38181657254,0.0,2.0,False,negative_net_ev,2.0,34.94498618,34.94498618,"[{""expiry"": ""2024-01-19"", ""option_type"": ""PE"", ""premium_points"": 356.55, ""qty"": -1, ""quantity_per_lot"": 1, ""raw_open"": 358.55, ""side"": ""SELL"", ""strike"": 73000.0}, {""expiry"": ""2024-01-19"", ""option_type"": ""CE"", ""premium_points"": 178.5, ""qty"": -1, ""quantity_per_lot"": 1, ""raw_open"": 180.5, ""side"": ""SELL"", ""strike"": 73800.0}]",3.0,EVALUATED,71683.23,-781.7200000000041,34.94498618,-15669.344986180082,True,,
development,2024-01-19,2024-01-16,Strip,medium,0.10365534425834147,0.623015873015873,73214.44,72441.38625948361,72987.59649430432,73814.10994142172,74293.34996935942,"{""atm"": 73200.0}",-1327.5500000000002,-16.090230874049258,-19.02927404445668,0.362,1277.053792931064,1319.3965865077066,1319.3965865077066,2000.0,26387.93173015413,0.0,3.0,False,negative_net_ev,2.0,58.780863408148775,25.99436918,"[{""expiry"": ""2024-01-19"", ""option_type"": ""CE"", ""premium_points"": 440.85, ""qty"": 1, ""quantity_per_lot"": 1, ""raw_open"": 438.85, ""side"": ""BUY"", ""strike"": 73200.0}, {""expiry"": ""2024-01-19"", ""option_type"": ""PE"", ""premium_points"": 443.35, ""qty"": 2, ""quantity_per_lot"": 2, ""raw_open"": 441.35, ""side"": ""BUY"", ""strike"": 73200.0}]",3.0,EVALUATED,71683.23,1705.990000000008,101.83286918000022,34017.967130820165,True,,
development,2024-01-19,2024-01-16,Batman,medium,0.10365534425834147,0.623015873015873,73214.44,72441.38625948361,72987.59649430432,73814.10994142172,74293.34996935942,"{""c65"": 73800.0, ""c80"": 74300.0, ""p20"": 72400.0, ""p35"": 73000.0}",-23.049999999999983,-2.0042721772879646,-5.682050795972855,0.4988,1596.9591759465643,2712.9115140549357,2712.9115140549357,2000.0,54258.23028109872,0.0,6.0,False,negative_net_ev,2.0,73.55557237369749,59.20531698,"[{""expiry"": ""2024-01-19"", ""option_type"": ""PE"", ""premium_points"": 360.55, ""qty"": 1, ""quantity_per_lot"": 1, ""raw_open"": 358.55, ""side"": ""BUY"", ""strike"": 73000.0}, {""expiry"": ""2024-01-19"", ""option_type"": ""PE"", ""premium_points"": 185.55, ""qty"": -2, ""quantity_per_lot"": 2, ""raw_open"": 187.55, ""side"": ""SELL"", ""strike"": 72400.0}, {""expiry"": ""2024-01-19"", ""option_type"": ""CE"", ""premium_points"": 182.5, ""qty"": 1, ""quantity_per_lot"": 1, ""raw_open"": 180.5, ""side"": ""BUY"", ""strike"": 73800.0}, {""expiry"": ""2024-01-19"", ""option_type"": ""CE"", ""premium_points"": 74.45, ""qty"": -2, ""quantity_per_lot"": 2, ""raw_open"": 76.45, ""side"": ""SELL"", ""strike"": 74300.0}]",0.0,STANDALONE_EVALUATED,71683.23,-139.82000000000406,92.12456698000011,-2888.524566980081,True,Batman_standalone,
development,2024-01-25,2024-01-20,Batman,high,0.12676329437328096,0.9642857142857143,71847.66,71107.41430919903,71609.8632071653,72418.71808466397,72894.99778976609,"{""c65"": 72400.0, ""c80"": 72900.0, ""p20"": 71100.0, ""p35"": 71600.0}",42.599999999999966,42.68554183077102,38.85724837304411,0.8136,1453.079720966151,2435.011178877378,2435.011178877378,2000.0,48700.22357754756,1.0,6.0,True,eligible,2.0,76.56586915453894,63.06255480000001,"[{""expiry"": ""2024-01-25"", ""option_type"": ""PE"", ""premium_points"": 340.35, ""qty"": 1, ""quantity_per_lot"": 1, ""raw_open"": 338.35, ""side"": ""BUY"", ""strike"": 71600.0}, {""expiry"": ""2024-01-25"", ""option_type"": ""PE"", ""premium_points"": 177.8, ""qty"": -2, ""quantity_per_lot"": 2, ""raw_open"": 179.8, ""side"": ""SELL"", ""strike"": 71100.0}, {""expiry"": ""2024-01-25"", ""option_type"": ""CE"", ""premium_points"": 309.85, ""qty"": 1, ""quantity_per_lot"": 1, ""raw_open"": 307.85, ""side"": ""BUY"", ""strike"": 72400.0}, {""expiry"": ""2024-01-25"", ""option_type"": ""CE"", ""premium_points"": 168.6, ""qty"": -2, ""quantity_per_lot"": 2, ""raw_open"": 170.6, ""side"": ""SELL"", ""strike"": 72900.0}]",2.0,EVALUATED,70700.67,143.26999999999822,85.54580480000006,2779.854195199964,True,,
development,2024-01-25,2024-01-20,Long Synthetic Future,high,0.12676329437328096,0.9642857142857143,71847.66,71107.41430919903,71609.8632071653,72418.71808466397,72894.99778976609,"{""atm"": 71800.0}",-158.05000000000007,31.269433936185255,28.909407648800023,0.517,2507.969136450069,3437.1634280540975,3437.1634280540975,2000.0,68743.26856108195,1.0,2.0,True,eligible,2.0,47.20052574770606,33.61480386,"[{""expiry"": ""2024-01-25"", ""option_type"": ""CE"", ""premium_points"": 580.95, ""qty"": 1, ""quantity_per_lot"": 1, ""raw_open"": 578.95, ""side"": ""BUY"", ""strike"": 71800.0}, {""expiry"": ""2024-01-25"", ""option_type"": ""PE"", ""premium_points"": 422.9, ""qty"": -1, ""quantity_per_lot"": 1, ""raw_open"": 424.9, ""side"": ""SELL"", ""strike"": 71800.0}]",3.0,EVALUATED,70700.67,-1257.380000000002,33.61480386,-25181.21480386004,True,,
development,2024-01-25,2024-01-20,Risk Reversal,high,0.12676329437328096,0.9642857142857143,71847.66,71107.41430919903,71609.8632071653,72418.71808466397,72894.99778976609,"{""c65"": 72400.0, ""p35"": 71600.0}",26.5,11.24321744733684,9.350636261568813,0.661,2122.951691348452,3052.14598295248,3052.14598295248,2000.0,61042.9196590496,1.0,2.0,True,eligible,2.0,37.85162371536118,31.290676320000003,"[{""expiry"": ""2024-01-25"", ""option_type"": ""CE"", ""premium_points"": 309.85, ""qty"": 1, ""quantity_per_lot"": 1, ""raw_open"": 307.85, ""side"": ""BUY"", ""strike"": 72400.0}, {""expiry"": ""2024-01-25"", ""option_type"": ""PE"", ""premium_points"": 336.35, ""qty"": -1, ""quantity_per_lot"": 1, ""raw_open"": 338.35, ""side"": ""SELL"", ""strike"": 71600.0}]",5.0,EVALUATED,70700.67,-872.8300000000017,31.290676320000003,-17487.890676320036,True,,
development,2024-01-25,2024-01-20,Sell Put,high,0.12676329437328096,0.9642857142857143,71847.66,71107.41430919903,71609.8632071653,72418.71808466397,72894.99778976609,"{""atm"": 71800.0}",422.9,68.79055842794318,67.75220830594317,0.7216,1925.697460284684,2854.8917518887115,2854.8917518887115,2000.0,57097.83503777423,1.0,1.0,True,eligible,2.0,20.767002440000002,20.767002440000002,"[{""expiry"": ""2024-01-25"", ""option_type"": ""PE"", ""premium_points"": 422.9, ""qty"": -1, ""quantity_per_lot"": 1, ""raw_open"": 424.9, ""side"": ""SELL"", ""strike"": 71800.0}]",5.0,EVALUATED,70700.67,-676.4300000000018,20.767002440000002,-13549.367002440034,True,,
development,2024-01-25,2024-01-20,Batman,high,0.12676329437328096,0.9642857142857143,71847.66,71107.41430919903,71609.8632071653,72418.71808466397,72894.99778976609,"{""c65"": 72400.0, ""c80"": 72900.0, ""p20"": 71100.0, ""p35"": 71600.0}",42.599999999999966,42.68554183077102,38.85724837304411,0.8136,1453.079720966151,2435.011178877378,2435.011178877378,2000.0,48700.22357754756,1.0,6.0,True,eligible,2.0,76.56586915453894,63.06255480000001,"[{""expiry"": ""2024-01-25"", ""option_type"": ""PE"", ""premium_points"": 340.35, ""qty"": 1, ""quantity_per_lot"": 1, ""raw_open"": 338.35, ""side"": ""BUY"", ""strike"": 71600.0}, {""expiry"": ""2024-01-25"", ""option_type"": ""PE"", ""premium_points"": 177.8, ""qty"": -2, ""quantity_per_lot"": 2, ""raw_open"": 179.8, ""side"": ""SELL"", ""strike"": 71100.0}, {""expiry"": ""2024-01-25"", ""option_type"": ""CE"", ""premium_points"": 309.85, ""qty"": 1, ""quantity_per_lot"": 1, ""raw_open"": 307.85, ""side"": ""BUY"", ""strike"": 72400.0}, {""expiry"": ""2024-01-25"", ""option_type"": ""CE"", ""premium_points"": 168.6, ""qty"": -2, ""quantity_per_lot"": 2, ""raw_open"": 170.6, ""side"": ""SELL"", ""strike"": 72900.0}]",2.0,EVALUATED,70700.67,143.26999999999822,85.54580480000006,2779.854195199964,True,Batman_standalone,
development,2024-02-02,2024-01-30,Batman,high,0.15125057192325428,1.0,71777.73,70985.80614632956,71495.82227543935,72357.91632937745,72834.70198675021,"{""c65"": 72400.0, ""c80"": 72800.0, ""p20"": 71000.0, ""p35"": 71500.0}",445.74999999999994,409.58637059304306,404.8793421916879,0.8902,1113.8278875262272,2099.4480096068037,2099.4480096068037,2000.0,41988.96019213607,1.0,6.0,True,eligible,2.0,94.14056802709993,80.9988741,"[{""expiry"": ""2024-02-02"", ""option_type"": ""PE"", ""premium_points"": 570.95, ""qty"": 1, ""quantity_per_lot"": 1, ""raw_open"": 568.95, ""side"": ""BUY"", ""strike"": 71500.0}, {""expiry"": ""2024-02-02"", ""option_type"": ""PE"", ""premium_points"": 402.0, ""qty"": -2, ""quantity_per_lot"": 2, ""raw_open"": 404.0, ""side"": ""SELL"", ""strike"": 71000.0}, {""expiry"": ""2024-02-02"", ""option_type"": ""CE"", ""premium_points"": 487.3, ""qty"": 1, ""quantity_per_lot"": 1, ""raw_open"": 485.3, ""side"": ""BUY"", ""strike"": 72400.0}, {""expiry"": ""2024-02-02"", ""option_type"": ""CE"", ""premium_points"": 350.0, ""qty"": -2, ""quantity_per_lot"": 2, ""raw_open"": 352.0, ""side"": ""SELL"", ""strike"": 72800.0}]",2.0,EVALUATED,72085.63,445.74999999999994,80.9988741,8834.001125899998,True,,
development,2024-02-02,2024-01-30,Long Synthetic Future,high,0.15125057192325428,1.0,71777.73,70985.80614632956,71495.82227543935,72357.91632937745,72834.70198675021,"{""atm"": 71800.0}",-87.54999999999995,24.316679107476173,21.685943856291722,0.5174,2510.295609262895,3399.8157020543767,3399.8157020543767,2000.0,67996.31404108753,1.0,2.0,True,eligible,2.0,52.61470502369065,39.838787620000005,"[{""expiry"": ""2024-02-02"", ""option_type"": ""CE"", ""premium_points"": 786.5, ""qty"": 1, ""quantity_per_lot"": 1, ""raw_open"": 784.5, ""side"": ""BUY"", ""strike"": 71800.0}, {""expiry"": ""2024-02-02"", ""option_type"": ""PE"", ""premium_points"": 698.95, ""qty"": -1, ""quantity_per_lot"": 1, ""raw_open"": 700.95, ""side"": ""SELL"", ""strike"": 71800.0}]",3.0,EVALUATED,72085.63,198.0800000000047,46.97953762000012,3914.620462380094,True,,
development,2024-02-02,2024-01-30,Risk Reversal,high,0.15125057192325428,1.0,71777.73,70985.80614632956,71495.82227543935,72357.91632937745,72834.70198675021,"{""c65"": 72400.0, ""p35"": 71500.0}",79.65000000000003,48.03946437920852,45.90566485079403,0.6778,2042.5986735401252,2932.118766331606,2932.118766331606,2000.0,58642.375326632115,1.0,2.0,True,eligible,2.0,42.67599056829008,36.500275300000006,"[{""expiry"": ""2024-02-02"", ""option_type"": ""CE"", ""premium_points"": 487.3, ""qty"": 1, ""quantity_per_lot"": 1, ""raw_open"": 485.3, ""side"": ""BUY"", ""strike"": 72400.0}, {""expiry"": ""2024-02-02"", ""option_type"": ""PE"", ""premium_points"": 566.95, ""qty"": -1, ""quantity_per_lot"": 1, ""raw_open"": 568.95, ""side"": ""SELL"", ""strike"": 71500.0}]",5.0,EVALUATED,72085.63,79.65000000000003,36.500275300000006,1556.4997247000006,True,,
development,2024-02-02,2024-01-30,Sell Put,high,0.15125057192325428,1.0,71777.73,70985.80614632956,71495.82227543935,72357.91632937745,72834.70198675021,"{""atm"": 71800.0}",698.95,299.7799829598507,298.44897014885066,0.772,1722.4958868227106,2612.0159796141925,2612.0159796141925,2000.0,52240.31959228385,1.0,1.0,True,eligible,2.0,26.62025622,26.62025622,"[{""expiry"": ""2024-02-02"", ""option_type"": ""PE"", ""premium_points"": 698.95, ""qty"": -1, ""quantity_per_lot"": 1, ""raw_open"": 700.95, ""side"": ""SELL"", ""strike"": 71800.0}]",5.0,EVALUATED,72085.63,698.95,26.62025622,13952.37974378,True,,
development,2024-02-02,2024-01-30,Batman,high,0.15125057192325428,1.0,71777.73,70985.80614632956,71495.82227543935,72357.91632937745,72834.70198675021,"{""c65"": 72400.0, ""c80"": 72800.0, ""p20"": 71000.0, ""p35"": 71500.0}",445.74999999999994,409.58637059304306,404.8793421916879,0.8902,1113.8278875262272,2099.4480096068037,2099.4480096068037,2000.0,41988.96019213607,1.0,6.0,True,eligible,2.0,94.14056802709993,80.9988741,"[{""expiry"": ""2024-02-02"", ""option_type"": ""PE"", ""premium_points"": 570.95, ""qty"": 1, ""quantity_per_lot"": 1, ""raw_open"": 568.95, ""side"": ""BUY"", ""strike"": 71500.0}, {""expiry"": ""2024-02-02"", ""option_type"": ""PE"", ""premium_points"": 402.0, ""qty"": -2, ""quantity_per_lot"": 2, ""raw_open"": 404.0, ""side"": ""SELL"", ""strike"": 71000.0}, {""expiry"": ""2024-02-02"", ""option_type"": ""CE"", ""premium_points"": 487.3, ""qty"": 1, ""quantity_per_lot"": 1, ""raw_open"": 485.3, ""side"": ""BUY"", ""strike"": 72400.0}, {""expiry"": ""2024-02-02"", ""option_type"": ""CE"", ""premium_points"": 350.0, ""qty"": -2, ""quantity_per_lot"": 2, ""raw_open"": 352.0, ""side"": ""SELL"", ""strike"": 72800.0}]",2.0,EVALUATED,72085.63,445.74999999999994,80.9988741,8834.001125899998,True,Batman_standalone,
development,2024-02-09,2024-02-06,Batman,high,0.1566767566465073,0.996031746031746,71813.7,71047.76046595885,71543.60812468511,72376.294141029,72852.29279462034,"{""c65"": 72400.0, ""c80"": 72900.0, ""p20"": 71000.0, ""p35"": 71500.0}",178.05,186.14988731605075,182.0303903722503,0.86,1263.319063067852,2229.254525851449,2229.254525851449,2000.0,44585.090517028984,1.0,6.0,True,eligible,2.0,82.38993887600756,69.57547182,"[{""expiry"": ""2024-02-09"", ""option_type"": ""PE"", ""premium_points"": 463.7, ""qty"": 1, ""quantity_per_lot"": 1, ""raw_open"": 461.7, ""side"": ""BUY"", ""strike"": 71500.0}, {""expiry"": ""2024-02-09"", ""option_type"": ""PE"", ""premium_points"": 302.0, ""qty"": -2, ""quantity_per_lot"": 2, ""raw_open"": 304.0, ""side"": ""SELL"", ""strike"": 71000.0}, {""expiry"": ""2024-02-09"", ""option_type"": ""CE"", ""premium_points"": 344.75, ""qty"": 1, ""quantity_per_lot"": 1, ""raw_open"": 342.75, ""side"": ""BUY"", ""strike"": 72400.0}, {""expiry"": ""2024-02-09"", ""option_type"": ""CE"", ""premium_points"": 191.25, ""qty"": -2, ""quantity_per_lot"": 2, ""raw_open"": 193.25, ""side"": ""SELL"", ""strike"": 72900.0}]",2.0,EVALUATED,71595.49,178.05,69.57547182,3491.42452818,True,,
development,2024-02-09,2024-02-06,Long Synthetic Future,high,0.1566767566465073,0.996031746031746,71813.7,71047.76046595885,71543.60812468511,72376.294141029,72852.29279462034,"{""atm"": 71800.0}",-50.0,91.07567885461887,88.58194044545476,0.54,2442.9900187521184,3458.1906857518784,3458.1906857518784,2000.0,69163.81371503757,1.0,2.0,True,eligible,2.0,49.87476818328238,36.8733056,"[{""expiry"": ""2024-02-09"", ""option_type"": ""CE"", ""premium_points"": 623.0, ""qty"": 1, ""quantity_per_lot"": 1, ""raw_open"": 621.0, ""side"": ""BUY"", ""strike"": 71800.0}, {""expiry"": ""2024-02-09"", ""option_type"": ""PE"", ""premium_points"": 573.0, ""qty"": -1, ""quantity_per_lot"": 1, ""raw_open"": 575.0, ""side"": ""SELL"", ""strike"": 71800.0}]",3.0,EVALUATED,71595.49,-254.50999999999476,36.8733056,-5127.073305599895,True,,
development,2024-02-09,2024-02-06,Risk Reversal,high,0.1566767566465073,0.996031746031746,71813.7,71047.76046595885,71543.60812468511,72376.294141029,72852.29279462034,"{""c65"": 72400.0, ""p35"": 71500.0}",114.94999999999999,102.98261879151926,100.97128242737436,0.7004,1977.5576167070992,2992.758283706858,2992.758283706858,2000.0,59855.16567413716,1.0,2.0,True,eligible,2.0,40.22672728289777,33.96908602,"[{""expiry"": ""2024-02-09"", ""option_type"": ""CE"", ""premium_points"": 344.75, ""qty"": 1, ""quantity_per_lot"": 1, ""raw_open"": 342.75, ""side"": ""BUY"", ""strike"": 72400.0}, {""expiry"": ""2024-02-09"", ""option_type"": ""PE"", ""premium_points"": 459.7, ""qty"": -1, ""quantity_per_lot"": 1, ""raw_open"": 461.7, ""side"": ""SELL"", ""strike"": 71500.0}]",5.0,EVALUATED,71595.49,114.94999999999999,33.96908602,2265.03091398,True,,
development,2024-02-09,2024-02-06,Sell Put,high,0.1566767566465073,0.996031746031746,71813.7,71047.76046595885,71543.60812468511,72376.294141029,72852.29279462034,"{""atm"": 71800.0}",573.0,194.01717552332389,192.81969238332385,0.747,1818.6937634829542,2833.894430482713,2833.894430482713,2000.0,56677.888609654256,1.0,1.0,True,eligible,2.0,23.949662800000002,23.949662800000002,"[{""expiry"": ""2024-02-09"", ""option_type"": ""PE"", ""premium_points"": 573.0, ""qty"": -1, ""quantity_per_lot"": 1, ""raw_open"": 575.0, ""side"": ""SELL"", ""strike"": 71800.0}]",5.0,EVALUATED,71595.49,368.49000000000524,23.949662800000002,7345.850337200105,True,,
development,2024-02-09,2024-02-06,Batman,high,0.1566767566465073,0.996031746031746,71813.7,71047.76046595885,71543.60812468511,72376.294141029,72852.29279462034,"{""c65"": 72400.0, ""c80"": 72900.0, ""p20"": 71000.0, ""p35"": 71500.0}",178.05,186.14988731605075,182.0303903722503,0.86,1263.319063067852,2229.254525851449,2229.254525851449,2000.0,44585.090517028984,1.0,6.0,True,eligible,2.0,82.38993887600756,69.57547182,"[{""expiry"": ""2024-02-09"", ""option_type"": ""PE"", ""premium_points"": 463.7, ""qty"": 1, ""quantity_per_lot"": 1, ""raw_open"": 461.7, ""side"": ""BUY"", ""strike"": 71500.0}, {""expiry"": ""2024-02-09"", ""option_type"": ""PE"", ""premium_points"": 302.0, ""qty"": -2, ""quantity_per_lot"": 2, ""raw_open"": 304.0, ""side"": ""SELL"", ""strike"": 71000.0}, {""expiry"": ""2024-02-09"", ""option_type"": ""CE"", ""premium_points"": 344.75, ""qty"": 1, ""quantity_per_lot"": 1, ""raw_open"": 342.75, ""side"": ""BUY"", ""strike"": 72400.0}, {""expiry"": ""2024-02-09"", ""option_type"": ""CE"", ""premium_points"": 191.25, ""qty"": -2, ""quantity_per_lot"": 2, ""raw_open"": 193.25, ""side"": ""SELL"", ""strike"": 72900.0}]",2.0,EVALUATED,71595.49,178.05,69.57547182,3491.42452818,True,Batman_standalone,
development,2024-02-16,2024-02-13,Batman,high,0.15408174023703014,0.9642857142857143,71006.64,70241.11562870779,70746.08403036618,71549.72489149832,72017.99742455875,"{""c65"": 71500.0, ""c80"": 72000.0, ""p20"": 70200.0, ""p35"": 70700.0}",143.55000000000007,150.20000376342486,146.05562003807452,0.8482,1361.0382829595185,2347.0916003710145,2347.0916003710145,2000.0,46941.83200742029,1.0,6.0,True,eligible,2.0,82.88767450700539,69.54106578,"[{""expiry"": ""2024-02-16"", ""option_type"": ""PE"", ""premium_points"": 415.5, ""qty"": 1, ""quantity_per_lot"": 1, ""raw_open"": 413.5, ""side"": ""BUY"", ""strike"": 70700.0}, {""expiry"": ""2024-02-16"", ""option_type"": ""PE"", ""premium_points"": 255.35000000000002, ""qty"": -2, ""quantity_per_lot"": 2, ""raw_open"": 257.35, ""side"": ""SELL"", ""strike"": 70200.0}, {""expiry"": ""2024-02-16"", ""option_type"": ""CE"", ""premium_points"": 423.25, ""qty"": 1, ""quantity_per_lot"": 1, ""raw_open"": 421.25, ""side"": ""BUY"", ""strike"": 71500.0}, {""expiry"": ""2024-02-16"", ""option_type"": ""CE"", ""premium_points"": 235.8, ""qty"": -2, ""quantity_per_lot"": 2, ""raw_open"": 237.8, ""side"": ""SELL"", ""strike"": 72000.0}]",2.0,EVALUATED,72426.64,216.91000000000065,92.70706577999998,4245.492934220014,True,,
development,2024-02-16,2024-02-13,Long Synthetic Future,high,0.15408174023703014,0.9642857142857143,71006.64,70241.11562870779,70746.08403036618,71549.72489149832,72017.99742455875,"{""atm"": 71000.0}",-141.04999999999995,-11.628817097369428,-14.066492952398024,0.4986,2521.9373298287014,3571.5731925290906,3571.5731925290906,2000.0,71431.46385058181,0.0,2.0,False,negative_net_ev,2.0,48.75351710057223,36.131039699999995,"[{""expiry"": ""2024-02-16"", ""option_type"": ""CE"", ""premium_points"": 674.65, ""qty"": 1, ""quantity_per_lot"": 1, ""raw_open"": 672.65, ""side"": ""BUY"", ""strike"": 71000.0}, {""expiry"": ""2024-02-16"", ""option_type"": ""PE"", ""premium_points"": 533.6, ""qty"": -1, ""quantity_per_lot"": 1, ""raw_open"": 535.6, ""side"": ""SELL"", ""strike"": 71000.0}]",3.0,EVALUATED,72426.64,1285.5899999999995,71.79703969999997,25640.00296029999,True,,
development,2024-02-16,2024-02-13,Risk Reversal,high,0.15408174023703014,0.9642857142857143,71006.64,70241.11562870779,70746.08403036618,71549.72489149832,72017.99742455875,"{""c65"": 71500.0, ""p35"": 70700.0}",-11.75,4.891366642338928,2.892867815012336,0.3624,2092.198152800999,3141.8340155013884,3141.8340155013884,2000.0,62836.68031002777,1.0,2.0,True,eligible,2.0,39.96997654653193,33.0886551,"[{""expiry"": ""2024-02-16"", ""option_type"": ""CE"", ""premium_points"": 423.25, ""qty"": 1, ""quantity_per_lot"": 1, ""raw_open"": 421.25, ""side"": ""BUY"", ""strike"": 71500.0}, {""expiry"": ""2024-02-16"", ""option_type"": ""PE"", ""premium_points"": 411.5, ""qty"": -1, ""quantity_per_lot"": 1, ""raw_open"": 413.5, ""side"": ""SELL"", ""strike"": 70700.0}]",5.0,EVALUATED,72426.64,914.8899999999994,56.25465509999998,18241.545344899987,True,,
development,2024-02-16,2024-02-13,Sell Put,high,0.15408174023703014,0.9642857142857143,71006.64,70241.11562870779,70746.08403036618,71549.72489149832,72017.99742455875,"{""atm"": 71000.0}",533.6,158.12208687974103,156.96637483174104,0.7416,1846.0053660216727,2895.641228722061,2895.641228722061,2000.0,57912.82457444122,1.0,1.0,True,eligible,2.0,23.11424096,23.11424096,"[{""expiry"": ""2024-02-16"", ""option_type"": ""PE"", ""premium_points"": 533.6, ""qty"": -1, ""quantity_per_lot"": 1, ""raw_open"": 535.6, ""side"": ""SELL"", ""strike"": 71000.0}]",5.0,EVALUATED,72426.64,533.6,23.11424096,10648.88575904,True,,
development,2024-02-16,2024-02-13,Batman,high,0.15408174023703014,0.9642857142857143,71006.64,70241.11562870779,70746.08403036618,71549.72489149832,72017.99742455875,"{""c65"": 71500.0, ""c80"": 72000.0, ""p20"": 70200.0, ""p35"": 70700.0}",143.55000000000007,150.20000376342486,146.05562003807452,0.8482,1361.0382829595185,2347.0916003710145,2347.0916003710145,2000.0,46941.83200742029,1.0,6.0,True,eligible,2.0,82.88767450700539,69.54106578,"[{""expiry"": ""2024-02-16"", ""option_type"": ""PE"", ""premium_points"": 415.5, ""qty"": 1, ""quantity_per_lot"": 1, ""raw_open"": 413.5, ""side"": ""BUY"", ""strike"": 70700.0}, {""expiry"": ""2024-02-16"", ""option_type"": ""PE"", ""premium_points"": 255.35000000000002, ""qty"": -2, ""quantity_per_lot"": 2, ""raw_open"": 257.35, ""side"": ""SELL"", ""strike"": 70200.0}, {""expiry"": ""2024-02-16"", ""option_type"": ""CE"", ""premium_points"": 423.25, ""qty"": 1, ""quantity_per_lot"": 1, ""raw_open"": 421.25, ""side"": ""BUY"", ""strike"": 71500.0}, {""expiry"": ""2024-02-16"", ""option_type"": ""CE"", ""premium_points"": 235.8, ""qty"": -2, ""quantity_per_lot"": 2, ""raw_open"": 237.8, ""side"": ""SELL"", ""strike"": 72000.0}]",2.0,EVALUATED,72426.64,216.91000000000065,92.70706577999998,4245.492934220014,True,Batman_standalone,
development,2024-02-23,2024-02-20,Batman,high,0.12737448008764424,0.9007936507936508,72617.27,71828.5150321985,72369.44522520556,73179.55721203856,73659.10932597563,"{""c65"": 73200.0, ""c80"": 73700.0, ""p20"": 71800.0, ""p35"": 72400.0}",35.0,77.43025202724728,73.54027998709769,0.8312,1225.4185017721954,2012.1027579510258,2012.1027579510258,2000.0,40242.055159020514,1.0,6.0,True,eligible,2.0,77.79944080299168,64.26343368,"[{""expiry"": ""2024-02-23"", ""option_type"": ""PE"", ""premium_points"": 444.9, ""qty"": 1, ""quantity_per_lot"": 1, ""raw_open"": 442.9, ""side"": ""BUY"", ""strike"": 72400.0}, {""expiry"": ""2024-02-23"", ""option_type"": ""PE"", ""premium_points"": 247.2, ""qty"": -2, ""quantity_per_lot"": 2, ""raw_open"": 249.2, ""side"": ""SELL"", ""strike"": 71800.0}, {""expiry"": ""2024-02-23"", ""option_type"": ""CE"", ""premium_points"": 264.5, ""qty"": 1, ""quantity_per_lot"": 1, ""raw_open"": 262.5, ""side"": ""BUY"", ""strike"": 73200.0}, {""expiry"": ""2024-02-23"", ""option_type"": ""CE"", ""premium_points"": 125.0, ""qty"": -2, ""quantity_per_lot"": 2, ""raw_open"": 127.0, ""side"": ""SELL"", ""strike"": 73700.0}]",2.0,EVALUATED,73142.8,35.0,64.26343368,635.73656632,True,,
development,2024-02-23,2024-02-20,Long Synthetic Future,high,0.12737448008764424,0.9007936507936508,72617.27,71828.5150321985,72369.44522520556,73179.55721203856,73659.10932597563,"{""atm"": 72600.0}",-4.7000000000000455,133.4397218792232,131.0084742836368,0.5618,2388.9746849802855,3285.7233650105964,3285.7233650105964,2000.0,65714.46730021192,1.0,2.0,True,eligible,2.0,48.624951911726995,35.734421680000004,"[{""expiry"": ""2024-02-23"", ""option_type"": ""CE"", ""premium_points"": 531.75, ""qty"": 1, ""quantity_per_lot"": 1, ""raw_open"": 529.75, ""side"": ""BUY"", ""strike"": 72600.0}, {""expiry"": ""2024-02-23"", ""option_type"": ""PE"", ""premium_points"": 527.05, ""qty"": -1, ""quantity_per_lot"": 1, ""raw_open"": 529.05, ""side"": ""SELL"", ""strike"": 72600.0}]",3.0,EVALUATED,73142.8,538.1000000000029,49.304421680000075,10712.695578320057,True,,
development,2024-02-23,2024-02-20,Risk Reversal,high,0.12737448008764424,0.9007936507936508,72617.27,71828.5150321985,72369.44522520556,73179.55721203856,73659.10932597563,"{""c65"": 73200.0, ""p35"": 72400.0}",176.39999999999998,122.40773924560361,120.43179825850024,0.6998,2007.4193783718026,2904.168058402113,2904.168058402113,2000.0,58083.361168042255,1.0,2.0,True,eligible,2.0,39.51881974206589,33.42571944,"[{""expiry"": ""2024-02-23"", ""option_type"": ""CE"", ""premium_points"": 264.5, ""qty"": 1, ""quantity_per_lot"": 1, ""raw_open"": 262.5, ""side"": ""BUY"", ""strike"": 73200.0}, {""expiry"": ""2024-02-23"", ""option_type"": ""PE"", ""premium_points"": 440.9, ""qty"": -1, ""quantity_per_lot"": 1, ""raw_open"": 442.9, ""side"": ""SELL"", ""strike"": 72400.0}]",5.0,EVALUATED,73142.8,176.39999999999998,33.42571944,3494.5742805599994,True,,
development,2024-02-23,2024-02-20,Sell Put,high,0.12737448008764424,0.9007936507936508,72617.27,71828.5150321985,72369.44522520556,73179.55721203856,73659.10932597563,"{""atm"": 72600.0}",527.05,149.56851261014344,148.41974474114343,0.7404,1855.9422052536993,2752.6908852840106,2752.6908852840106,2000.0,55053.81770568021,1.0,1.0,True,eligible,2.0,22.97535738,22.97535738,"[{""expiry"": ""2024-02-23"", ""option_type"": ""PE"", ""premium_points"": 527.05, ""qty"": -1, ""quantity_per_lot"": 1, ""raw_open"": 529.05, ""side"": ""SELL"", ""strike"": 72600.0}]",5.0,EVALUATED,73142.8,527.05,22.97535738,10518.02464262,True,,
development,2024-02-23,2024-02-20,Batman,high,0.12737448008764424,0.9007936507936508,72617.27,71828.5150321985,72369.44522520556,73179.55721203856,73659.10932597563,"{""c65"": 73200.0, ""c80"": 73700.0, ""p20"": 71800.0, ""p35"": 72400.0}",35.0,77.43025202724728,73.54027998709769,0.8312,1225.4185017721954,2012.1027579510258,2012.1027579510258,2000.0,40242.055159020514,1.0,6.0,True,eligible,2.0,77.79944080299168,64.26343368,"[{""expiry"": ""2024-02-23"", ""option_type"": ""PE"", ""premium_points"": 444.9, ""qty"": 1, ""quantity_per_lot"": 1, ""raw_open"": 442.9, ""side"": ""BUY"", ""strike"": 72400.0}, {""expiry"": ""2024-02-23"", ""option_type"": ""PE"", ""premium_points"": 247.2, ""qty"": -2, ""quantity_per_lot"": 2, ""raw_open"": 249.2, ""side"": ""SELL"", ""strike"": 71800.0}, {""expiry"": ""2024-02-23"", ""option_type"": ""CE"", ""premium_points"": 264.5, ""qty"": 1, ""quantity_per_lot"": 1, ""raw_open"": 262.5, ""side"": ""BUY"", ""strike"": 73200.0}, {""expiry"": ""2024-02-23"", ""option_type"": ""CE"", ""premium_points"": 125.0, ""qty"": -2, ""quantity_per_lot"": 2, ""raw_open"": 127.0, ""side"": ""SELL"", ""strike"": 73700.0}]",2.0,EVALUATED,73142.8,35.0,64.26343368,635.73656632,True,Batman_standalone,
development,2024-03-01,2024-02-27,Buy Put,medium,0.09668809888844578,0.5238095238095238,72809.95,72046.44013302312,72552.84178690966,73369.93215121112,73845.99815601646,"{""atm"": 72800.0}",-503.65,-127.56205469740173,-128.66758378603,0.2626,504.75552908862835,504.75552908862835,504.75552908862835,2000.0,10095.110581772567,0.0,1.0,False,negative_net_ev,2.0,22.110581772564956,12.70838314,"[{""expiry"": ""2024-03-01"", ""option_type"": ""PE"", ""premium_points"": 503.65, ""qty"": 1, ""quantity_per_lot"": 1, ""raw_open"": 501.65, ""side"": ""BUY"", ""strike"": 72800.0}]",1.0,EVALUATED,73745.35,-503.65,12.70838314,-10085.70838314,True,,
development,2024-03-01,2024-02-27,Put Ratio Spread,medium,0.09668809888844578,0.5238095238095238,72809.95,72046.44013302312,72552.84178690966,73369.93215121112,73845.99815601646,"{""atm"": 72800.0, ""p35"": 72600.0}",333.45000000000005,118.33049521303779,115.74748944640956,0.7946,1682.441852262672,2687.8771238746795,2687.8771238746795,2000.0,53757.54247749359,1.0,3.0,True,eligible,2.0,51.660115332564956,42.257916699999996,"[{""expiry"": ""2024-03-01"", ""option_type"": ""PE"", ""premium_points"": 503.65, ""qty"": 1, ""quantity_per_lot"": 1, ""raw_open"": 501.65, ""side"": ""BUY"", ""strike"": 72800.0}, {""expiry"": ""2024-03-01"", ""option_type"": ""PE"", ""premium_points"": 418.55, ""qty"": -2, ""quantity_per_lot"": 2, ""raw_open"": 420.55, ""side"": ""SELL"", ""strike"": 72600.0}]",4.0,EVALUATED,73745.35,333.45000000000005,42.257916699999996,6626.742083300001,True,,
development,2024-03-01,2024-02-27,Short Straddle,medium,0.09668809888844578,0.5238095238095238,72809.95,72046.44013302312,72552.84178690966,73369.93215121112,73845.99815601646,"{""atm"": 72800.0}",1118.4499999999998,231.37878337692217,229.01302505592218,0.6918,1690.8498806418963,2500.412665052334,2500.412665052334,2000.0,50008.25330104668,1.0,2.0,True,eligible,2.0,47.31516641999999,47.31516641999999,"[{""expiry"": ""2024-03-01"", ""option_type"": ""CE"", ""premium_points"": 618.8, ""qty"": -1, ""quantity_per_lot"": 1, ""raw_open"": 620.8, ""side"": ""SELL"", ""strike"": 72800.0}, {""expiry"": ""2024-03-01"", ""option_type"": ""PE"", ""premium_points"": 499.65, ""qty"": -1, ""quantity_per_lot"": 1, ""raw_open"": 501.65, ""side"": ""SELL"", ""strike"": 72800.0}]",4.0,EVALUATED,73745.35,173.099999999994,47.31516641999999,3414.68483357988,True,,
development,2024-03-01,2024-02-27,Short Strangle,medium,0.09668809888844578,0.5238095238095238,72809.95,72046.44013302312,72552.84178690966,73369.93215121112,73845.99815601646,"{""c65"": 73400.0, ""p35"": 72600.0}",752.6,213.0693961254104,211.09150465741035,0.7092,1682.7808306488305,2554.7979626655792,2554.7979626655792,2000.0,51095.95925331159,1.0,2.0,True,eligible,2.0,39.55782936000001,39.55782936000001,"[{""expiry"": ""2024-03-01"", ""option_type"": ""PE"", ""premium_points"": 418.55, ""qty"": -1, ""quantity_per_lot"": 1, ""raw_open"": 420.55, ""side"": ""SELL"", ""strike"": 72600.0}, {""expiry"": ""2024-03-01"", ""option_type"": ""CE"", ""premium_points"": 334.05, ""qty"": -1, ""quantity_per_lot"": 1, ""raw_open"": 336.05, ""side"": ""SELL"", ""strike"": 73400.0}]",3.0,EVALUATED,73745.35,407.2499999999942,39.55782936000001,8105.442170639883,True,,
development,2024-03-01,2024-02-27,Strip,medium,0.09668809888844578,0.5238095238095238,72809.95,72046.44013302312,72552.84178690966,73369.93215121112,73845.99815601646,"{""atm"": 72800.0}",-1630.1,-366.9408380743241,-369.8467894447312,0.2672,1586.9019545129215,1624.1812212967143,1624.1812212967143,2000.0,32483.624425934286,0.0,3.0,False,negative_net_ev,2.0,58.11902740814189,26.54004836,"[{""expiry"": ""2024-03-01"", ""option_type"": ""CE"", ""premium_points"": 622.8, ""qty"": 1, ""quantity_per_lot"": 1, ""raw_open"": 620.8, ""side"": ""BUY"", ""strike"": 72800.0}, {""expiry"": ""2024-03-01"", ""option_type"": ""PE"", ""premium_points"": 503.65, ""qty"": 2, ""quantity_per_lot"": 2, ""raw_open"": 501.65, ""side"": ""BUY"", ""strike"": 72800.0}]",3.0,EVALUATED,73745.35,-684.7499999999941,50.17379836000015,-13745.173798359881,True,,
development,2024-03-01,2024-02-27,Batman,medium,0.09668809888844578,0.5238095238095238,72809.95,72046.44013302312,72552.84178690966,73369.93215121112,73845.99815601646,"{""c65"": 73400.0, ""c80"": 73800.0, ""p20"": 72000.0, ""p35"": 72600.0}",108.59999999999997,110.72971243915735,106.70519982031414,0.8224,1302.3586349397397,2111.921419350177,2111.921419350177,2000.0,42238.42838700354,0.0,6.0,False,no_risk_sized_lot,2.0,80.49025237686473,67.00198728,"[{""expiry"": ""2024-03-01"", ""option_type"": ""PE"", ""premium_points"": 422.55, ""qty"": 1, ""quantity_per_lot"": 1, ""raw_open"": 420.55, ""side"": ""BUY"", ""strike"": 72600.0}, {""expiry"": ""2024-03-01"", ""option_type"": ""PE"", ""premium_points"": 231.0, ""qty"": -2, ""quantity_per_lot"": 2, ""raw_open"": 233.0, ""side"": ""SELL"", ""strike"": 72000.0}, {""expiry"": ""2024-03-01"", ""option_type"": ""CE"", ""premium_points"": 338.05, ""qty"": 1, ""quantity_per_lot"": 1, ""raw_open"": 336.05, ""side"": ""BUY"", ""strike"": 73400.0}, {""expiry"": ""2024-03-01"", ""option_type"": ""CE"", ""premium_points"": 203.6, ""qty"": -2, ""quantity_per_lot"": 2, ""raw_open"": 205.6, ""side"": ""SELL"", ""strike"": 73800.0}]",0.0,STANDALONE_EVALUATED,73745.35,453.9500000000058,75.63573728000014,9003.364262720117,True,Batman_standalone,
development,2024-03-07,2024-03-04,Buy Put,medium,0.10565334822636711,0.6507936507936508,73825.51,73037.97111859817,73546.66283525176,74357.55300457442,74834.80567093544,"{""atm"": 73800.0}",-479.0,-94.61920307292041,-95.73287528907932,0.2744,480.11367221615905,480.11367221615905,480.11367221615905,2000.0,9602.27344432318,0.0,1.0,False,negative_net_ev,2.0,22.27344432317699,12.663924399999999,"[{""expiry"": ""2024-03-07"", ""option_type"": ""PE"", ""premium_points"": 479.0, ""qty"": 1, ""quantity_per_lot"": 1, ""raw_open"": 477.0, ""side"": ""BUY"", ""strike"": 73800.0}]",1.0,EVALUATED,74119.39,-479.0,12.663924399999999,-9592.6639244,True,,
development,2024-03-07,2024-03-04,Put Ratio Spread,medium,0.10565334822636711,0.6507936507936508,73825.51,73037.97111859817,73546.66283525176,74357.55300457442,74834.80567093544,"{""atm"": 73800.0, ""p35"": 73500.0}",231.29999999999995,80.4036769546808,77.94695888452196,0.8132,1632.841842192153,2653.995062394167,2653.995062394167,2000.0,53079.90124788333,1.0,3.0,True,eligible,2.0,49.13436140317699,39.52484148,"[{""expiry"": ""2024-03-07"", ""option_type"": ""PE"", ""premium_points"": 479.0, ""qty"": 1, ""quantity_per_lot"": 1, ""raw_open"": 477.0, ""side"": ""BUY"", ""strike"": 73800.0}, {""expiry"": ""2024-03-07"", ""option_type"": ""PE"", ""premium_points"": 355.15, ""qty"": -2, ""quantity_per_lot"": 2, ""raw_open"": 357.15, ""side"": ""SELL"", ""strike"": 73500.0}]",4.0,EVALUATED,74119.39,231.29999999999995,39.52484148,4586.475158519999,True,,
development,2024-03-07,2024-03-04,Short Straddle,medium,0.10565334822636711,0.6507936507936508,73825.51,73037.97111859817,73546.66283525176,74357.55300457442,74834.80567093544,"{""atm"": 73800.0}",1040.7,146.45651751745763,144.1731881914577,0.6586,1855.413368674132,2785.8058322838565,2785.8058322838565,2000.0,55716.11664567713,1.0,2.0,True,eligible,2.0,45.66658652,45.66658652,"[{""expiry"": ""2024-03-07"", ""option_type"": ""CE"", ""premium_points"": 565.7, ""qty"": -1, ""quantity_per_lot"": 1, ""raw_open"": 567.7, ""side"": ""SELL"", ""strike"": 73800.0}, {""expiry"": ""2024-03-07"", ""option_type"": ""PE"", ""premium_points"": 475.0, ""qty"": -1, ""quantity_per_lot"": 1, ""raw_open"": 477.0, ""side"": ""SELL"", ""strike"": 73800.0}]",4.0,EVALUATED,74119.39,721.3100000000006,45.66658652,14380.533413480012,True,,
development,2024-03-07,2024-03-04,Short Strangle,medium,0.10565334822636711,0.6507936507936508,73825.51,73037.97111859817,73546.66283525176,74357.55300457442,74834.80567093544,"{""c65"": 74400.0, ""p35"": 73500.0}",643.0999999999999,132.3942795376291,130.53247777962912,0.6864,1819.6402672905406,2737.8534802472777,2737.8534802472777,2000.0,54757.06960494556,1.0,2.0,True,eligible,2.0,37.23603516,37.23603516,"[{""expiry"": ""2024-03-07"", ""option_type"": ""PE"", ""premium_points"": 355.15, ""qty"": -1, ""quantity_per_lot"": 1, ""raw_open"": 357.15, ""side"": ""SELL"", ""strike"": 73500.0}, {""expiry"": ""2024-03-07"", ""option_type"": ""CE"", ""premium_points"": 287.95, ""qty"": -1, ""quantity_per_lot"": 1, ""raw_open"": 289.95, ""side"": ""SELL"", ""strike"": 74400.0}]",3.0,EVALUATED,74119.39,643.0999999999999,37.23603516,12824.763964839998,True,,
development,2024-03-07,2024-03-04,Strip,medium,0.10565334822636711,0.6507936507936508,73825.51,73037.97111859817,73546.66283525176,74357.55300457442,74834.80567093544,"{""atm"": 73800.0}",-1527.7,-249.07572059037798,-251.99176892564017,0.298,1480.7869188563668,1518.4173653976416,1518.4173653976416,2000.0,30368.34730795283,0.0,3.0,False,negative_net_ev,2.0,58.32096670524055,26.35535972,"[{""expiry"": ""2024-03-07"", ""option_type"": ""CE"", ""premium_points"": 569.7, ""qty"": 1, ""quantity_per_lot"": 1, ""raw_open"": 567.7, ""side"": ""BUY"", ""strike"": 73800.0}, {""expiry"": ""2024-03-07"", ""option_type"": ""PE"", ""premium_points"": 479.0, ""qty"": 2, ""quantity_per_lot"": 2, ""raw_open"": 477.0, ""side"": ""BUY"", ""strike"": 73800.0}]",3.0,EVALUATED,74119.39,-1208.3100000000006,34.34010971999999,-24200.540109720012,True,,
development,2024-03-07,2024-03-04,Batman,medium,0.10565334822636711,0.6507936507936508,73825.51,73037.97111859817,73546.66283525176,74357.55300457442,74834.80567093544,"{""c65"": 74400.0, ""c80"": 74800.0, ""p20"": 73000.0, ""p35"": 73500.0}",111.40000000000003,73.85969171839618,69.9942061198182,0.8132,1437.429209364732,2364.9211315438592,2364.9211315438592,2000.0,47298.42263087718,0.0,6.0,False,no_risk_sized_lot,2.0,77.30971197155927,64.54206896,"[{""expiry"": ""2024-03-07"", ""option_type"": ""PE"", ""premium_points"": 359.15, ""qty"": 1, ""quantity_per_lot"": 1, ""raw_open"": 357.15, ""side"": ""BUY"", ""strike"": 73500.0}, {""expiry"": ""2024-03-07"", ""option_type"": ""PE"", ""premium_points"": 210.0, ""qty"": -2, ""quantity_per_lot"": 2, ""raw_open"": 212.0, ""side"": ""SELL"", ""strike"": 73000.0}, {""expiry"": ""2024-03-07"", ""option_type"": ""CE"", ""premium_points"": 291.95, ""qty"": 1, ""quantity_per_lot"": 1, ""raw_open"": 289.95, ""side"": ""BUY"", ""strike"": 74400.0}, {""expiry"": ""2024-03-07"", ""option_type"": ""CE"", ""premium_points"": 171.25, ""qty"": -2, ""quantity_per_lot"": 2, ""raw_open"": 173.25, ""side"": ""SELL"", ""strike"": 74800.0}]",0.0,STANDALONE_EVALUATED,74119.39,111.40000000000003,64.54206896,2163.457931040001,True,Batman_standalone,
development,2024-03-15,2024-03-12,Buy Put,medium,0.09861727891554543,0.5833333333333334,73587.94,72809.91792199845,73318.71588530362,74147.36543944138,74617.31197353198,"{""atm"": 73600.0}",-405.2,-14.502522105158675,-15.61743488852721,0.311,406.31491278336847,406.31491278336847,406.31491278336847,2000.0,8126.29825566737,0.0,1.0,False,negative_net_ev,2.0,22.29825566737103,12.53081872,"[{""expiry"": ""2024-03-15"", ""option_type"": ""PE"", ""premium_points"": 405.2, ""qty"": 1, ""quantity_per_lot"": 1, ""raw_open"": 403.2, ""side"": ""BUY"", ""strike"": 73600.0}]",1.0,EVALUATED,72643.43,551.3700000000069,36.44506872000018,10990.95493128014,True,,
development,2024-03-15,2024-03-12,Put Ratio Spread,medium,0.09861727891554543,0.5833333333333334,73587.94,72809.91792199845,73318.71588530362,74147.36543944138,74617.31197353198,"{""atm"": 73600.0, ""p35"": 73300.0}",165.50000000000006,12.770701997419666,10.460744488051128,0.7948,1641.9687914630724,2620.64570894561,2620.64570894561,2000.0,52412.91417891219,1.0,3.0,True,eligible,2.0,46.19915018737103,36.43171324,"[{""expiry"": ""2024-03-15"", ""option_type"": ""PE"", ""premium_points"": 405.2, ""qty"": 1, ""quantity_per_lot"": 1, ""raw_open"": 403.2, ""side"": ""BUY"", ""strike"": 73600.0}, {""expiry"": ""2024-03-15"", ""option_type"": ""PE"", ""premium_points"": 285.35, ""qty"": -2, ""quantity_per_lot"": 2, ""raw_open"": 287.35, ""side"": ""SELL"", ""strike"": 73300.0}]",4.0,EVALUATED,72643.43,-191.07000000000693,60.345963240000174,-3881.7459632401387,True,,
development,2024-03-15,2024-03-12,Short Straddle,medium,0.09861727891554543,0.5833333333333334,73587.94,72809.91792199845,73318.71588530362,74147.36543944138,74617.31197353198,"{""atm"": 73600.0}",875.95,-13.136767170114542,-15.245431841114542,0.5796,1947.0286309905148,2787.1899337004397,2787.1899337004397,2000.0,55743.798674008794,0.0,2.0,False,negative_net_ev,2.0,42.17329342,42.17329342,"[{""expiry"": ""2024-03-15"", ""option_type"": ""CE"", ""premium_points"": 474.75, ""qty"": -1, ""quantity_per_lot"": 1, ""raw_open"": 476.75, ""side"": ""SELL"", ""strike"": 73600.0}, {""expiry"": ""2024-03-15"", ""option_type"": ""PE"", ""premium_points"": 401.2, ""qty"": -1, ""quantity_per_lot"": 1, ""raw_open"": 403.2, ""side"": ""SELL"", ""strike"": 73600.0}]",4.0,EVALUATED,72643.43,-80.62000000000694,42.17329342,-1654.5732934201387,True,,
development,2024-03-15,2024-03-12,Short Strangle,medium,0.09861727891554543,0.5833333333333334,73587.94,72809.91792199845,73318.71588530362,74147.36543944138,74617.31197353198,"{""c65"": 74100.0, ""p35"": 73300.0}",536.8,-4.487345658584765,-6.2364502825847765,0.6154,1892.0942143259347,2737.292102135417,2737.292102135417,2000.0,54745.84204270833,0.0,2.0,False,negative_net_ev,2.0,34.98209248,34.98209248,"[{""expiry"": ""2024-03-15"", ""option_type"": ""PE"", ""premium_points"": 285.35, ""qty"": -1, ""quantity_per_lot"": 1, ""raw_open"": 287.35, ""side"": ""SELL"", ""strike"": 73300.0}, {""expiry"": ""2024-03-15"", ""option_type"": ""CE"", ""premium_points"": 251.45, ""qty"": -1, ""quantity_per_lot"": 1, ""raw_open"": 253.45, ""side"": ""SELL"", ""strike"": 74100.0}]",3.0,EVALUATED,72643.43,-119.77000000000703,34.98209248,-2430.3820924801407,True,,
development,2024-03-15,2024-03-12,Strip,medium,0.09861727891554543,0.5833333333333334,73587.94,72809.91792199845,73318.71588530362,74147.36543944138,74617.31197353198,"{""atm"": 73600.0}",-1289.15,-9.365754935044178,-12.26174078837545,0.379,1246.9595097228823,1281.3136185625867,1281.3136185625867,2000.0,25626.272371251733,0.0,3.0,False,negative_net_ev,2.0,57.9197170666239,25.92511094,"[{""expiry"": ""2024-03-15"", ""option_type"": ""CE"", ""premium_points"": 478.75, ""qty"": 1, ""quantity_per_lot"": 1, ""raw_open"": 476.75, ""side"": ""BUY"", ""strike"": 73600.0}, {""expiry"": ""2024-03-15"", ""option_type"": ""PE"", ""premium_points"": 405.2, ""qty"": 2, ""quantity_per_lot"": 2, ""raw_open"": 403.2, ""side"": ""BUY"", ""strike"": 73600.0}]",3.0,EVALUATED,72643.43,623.9900000000139,73.75361094000036,12406.046389060277,True,,
development,2024-03-15,2024-03-12,Batman,medium,0.09861727891554543,0.5833333333333334,73587.94,72809.91792199845,73318.71588530362,74147.36543944138,74617.31197353198,"{""c65"": 74100.0, ""c80"": 74600.0, ""p20"": 72800.0, ""p35"": 73300.0}",-18.0,-11.197778728220705,-14.842020798293937,0.4888,1448.7893517720079,2293.987239581491,2293.987239581491,2000.0,45879.74479162982,0.0,6.0,False,negative_net_ev,2.0,72.88484140146463,59.35265776000001,"[{""expiry"": ""2024-03-15"", ""option_type"": ""PE"", ""premium_points"": 289.35, ""qty"": 1, ""quantity_per_lot"": 1, ""raw_open"": 287.35, ""side"": ""BUY"", ""strike"": 73300.0}, {""expiry"": ""2024-03-15"", ""option_type"": ""PE"", ""premium_points"": 147.4, ""qty"": -2, ""quantity_per_lot"": 2, ""raw_open"": 149.4, ""side"": ""SELL"", ""strike"": 72800.0}, {""expiry"": ""2024-03-15"", ""option_type"": ""CE"", ""premium_points"": 255.45, ""qty"": 1, ""quantity_per_lot"": 1, ""raw_open"": 253.45, ""side"": ""BUY"", ""strike"": 74100.0}, {""expiry"": ""2024-03-15"", ""option_type"": ""CE"", ""premium_points"": 116.0, ""qty"": -2, ""quantity_per_lot"": 2, ""raw_open"": 118.0, ""side"": ""SELL"", ""strike"": 74600.0}]",0.0,STANDALONE_EVALUATED,72643.43,325.429999999993,75.76690776000018,6432.83309223986,True,Batman_standalone,
development,2024-03-22,2024-03-19,Batman,high,0.1091377975213752,0.7103174603174603,72358.77,71613.30284708424,72099.93338348928,72908.28157187546,73380.69285149925,"{""c65"": 72900.0, ""c80"": 73400.0, ""p20"": 71600.0, ""p35"": 72100.0}",12.399999999999977,27.733636557538603,24.00038568685102,0.8056,1278.8550295001999,2173.1367798309457,2173.1367798309457,2000.0,43462.73559661891,1.0,6.0,True,eligible,2.0,74.66501741375116,61.58934544,"[{""expiry"": ""2024-03-22"", ""option_type"": ""PE"", ""premium_points"": 322.0, ""qty"": 1, ""quantity_per_lot"": 1, ""raw_open"": 320.0, ""side"": ""BUY"", ""strike"": 72100.0}, {""expiry"": ""2024-03-22"", ""option_type"": ""PE"", ""premium_points"": 170.1, ""qty"": -2, ""quantity_per_lot"": 2, ""raw_open"": 172.1, ""side"": ""SELL"", ""strike"": 71600.0}, {""expiry"": ""2024-03-22"", ""option_type"": ""CE"", ""premium_points"": 292.0, ""qty"": 1, ""quantity_per_lot"": 1, ""raw_open"": 290.0, ""side"": ""BUY"", ""strike"": 72900.0}, {""expiry"": ""2024-03-22"", ""option_type"": ""CE"", ""premium_points"": 143.1, ""qty"": -2, ""quantity_per_lot"": 2, ""raw_open"": 145.1, ""side"": ""SELL"", ""strike"": 73400.0}]",2.0,EVALUATED,72831.94,12.399999999999977,61.58934544,186.41065455999956,True,,
development,2024-03-22,2024-03-19,Long Synthetic Future,high,0.1091377975213752,0.7103174603174603,72358.77,71613.30284708424,72099.93338348928,72908.28157187546,73380.69285149925,"{""atm"": 72400.0}",-79.64999999999998,5.346658199536791,3.0589096849282607,0.514,2403.599354789865,3369.8592389609275,3369.8592389609275,2000.0,67397.18477921854,1.0,2.0,True,eligible,2.0,45.75497029217009,33.83806574,"[{""expiry"": ""2024-03-22"", ""option_type"": ""CE"", ""premium_points"": 518.4, ""qty"": 1, ""quantity_per_lot"": 1, ""raw_open"": 516.4, ""side"": ""BUY"", ""strike"": 72400.0}, {""expiry"": ""2024-03-22"", ""option_type"": ""PE"", ""premium_points"": 438.75, ""qty"": -1, ""quantity_per_lot"": 1, ""raw_open"": 440.75, ""side"": ""SELL"", ""strike"": 72400.0}]",3.0,EVALUATED,72831.94,352.29000000000235,44.63656574000005,7001.163434260046,True,,
development,2024-03-22,2024-03-19,Risk Reversal,high,0.1091377975213752,0.7103174603174603,72358.77,71613.30284708424,72099.93338348928,72908.28157187546,73380.69285149925,"{""c65"": 72900.0, ""p35"": 72100.0}",26.0,6.112474962291599,4.254543066096415,0.6578,1997.5195381714525,2963.7794223425135,2963.7794223425135,2000.0,59275.58844685027,1.0,2.0,True,eligible,2.0,37.15863792390422,30.869396,"[{""expiry"": ""2024-03-22"", ""option_type"": ""CE"", ""premium_points"": 292.0, ""qty"": 1, ""quantity_per_lot"": 1, ""raw_open"": 290.0, ""side"": ""BUY"", ""strike"": 72900.0}, {""expiry"": ""2024-03-22"", ""option_type"": ""PE"", ""premium_points"": 318.0, ""qty"": -1, ""quantity_per_lot"": 1, ""raw_open"": 320.0, ""side"": ""SELL"", ""strike"": 72100.0}]",5.0,EVALUATED,72831.94,26.0,30.869396,489.130604,True,,
development,2024-03-22,2024-03-19,Sell Put,high,0.1091377975213752,0.7103174603174603,72358.77,71613.30284708424,72099.93338348928,72908.28157187546,73380.69285149925,"{""atm"": 72400.0}",438.75,47.07047611273312,46.015322137733115,0.6972,1883.9667602502568,2850.2266444213183,2850.2266444213183,2000.0,57004.532888426365,1.0,1.0,True,eligible,2.0,21.1030795,21.1030795,"[{""expiry"": ""2024-03-22"", ""option_type"": ""PE"", ""premium_points"": 438.75, ""qty"": -1, ""quantity_per_lot"": 1, ""raw_open"": 440.75, ""side"": ""SELL"", ""strike"": 72400.0}]",5.0,EVALUATED,72831.94,438.75,21.1030795,8753.8969205,True,,
development,2024-03-22,2024-03-19,Batman,high,0.1091377975213752,0.7103174603174603,72358.77,71613.30284708424,72099.93338348928,72908.28157187546,73380.69285149925,"{""c65"": 72900.0, ""c80"": 73400.0, ""p20"": 71600.0, ""p35"": 72100.0}",12.399999999999977,27.733636557538603,24.00038568685102,0.8056,1278.8550295001999,2173.1367798309457,2173.1367798309457,2000.0,43462.73559661891,1.0,6.0,True,eligible,2.0,74.66501741375116,61.58934544,"[{""expiry"": ""2024-03-22"", ""option_type"": ""PE"", ""premium_points"": 322.0, ""qty"": 1, ""quantity_per_lot"": 1, ""raw_open"": 320.0, ""side"": ""BUY"", ""strike"": 72100.0}, {""expiry"": ""2024-03-22"", ""option_type"": ""PE"", ""premium_points"": 170.1, ""qty"": -2, ""quantity_per_lot"": 2, ""raw_open"": 172.1, ""side"": ""SELL"", ""strike"": 71600.0}, {""expiry"": ""2024-03-22"", ""option_type"": ""CE"", ""premium_points"": 292.0, ""qty"": 1, ""quantity_per_lot"": 1, ""raw_open"": 290.0, ""side"": ""BUY"", ""strike"": 72900.0}, {""expiry"": ""2024-03-22"", ""option_type"": ""CE"", ""premium_points"": 143.1, ""qty"": -2, ""quantity_per_lot"": 2, ""raw_open"": 145.1, ""side"": ""SELL"", ""strike"": 73400.0}]",2.0,EVALUATED,72831.94,12.399999999999977,61.58934544,186.41065455999956,True,Batman_standalone,
development,2024-03-28,2024-03-22,Batman,high,,,,,,,,,,,,,,,,,,,,,,,,,,,NO_TRADE,,,,,,,missing 09:30 bar CE 73200.0
development,2024-03-28,2024-03-22,Long Synthetic Future,high,0.11188069512894155,0.746031746031746,72214.71,71456.41158397259,71952.89346082974,72749.41782570588,73215.11314576169,"{""atm"": 72200.0}",-224.0,-88.88267076689107,-91.17245341408746,0.4774,2453.9989608486726,3292.5021813354265,3292.5021813354265,2000.0,65850.04362670853,0.0,2.0,False,negative_net_ev,2.0,45.7956529439286,33.3449296,"[{""expiry"": ""2024-03-28"", ""option_type"": ""CE"", ""premium_points"": 630.0, ""qty"": 1, ""quantity_per_lot"": 1, ""raw_open"": 628.0, ""side"": ""BUY"", ""strike"": 72200.0}, {""expiry"": ""2024-03-28"", ""option_type"": ""PE"", ""premium_points"": 406.0, ""qty"": -1, ""quantity_per_lot"": 1, ""raw_open"": 408.0, ""side"": ""SELL"", ""strike"": 72200.0}]",3.0,EVALUATED,73651.35,1227.3500000000058,69.62867960000014,24477.371320400118,True,,
development,2024-03-28,2024-03-22,Risk Reversal,high,0.11188069512894155,0.746031746031746,72214.71,71456.41158397259,71952.89346082974,72749.41782570588,73215.11314576169,"{""c65"": 72700.0, ""p35"": 72000.0}",-51.05000000000001,-70.2803695714503,-72.1716199338333,0.3486,2080.6504285638594,2919.1536490506132,2919.1536490506132,2000.0,58383.072981012265,0.0,2.0,False,negative_net_ev,2.0,37.82500724766053,31.22002962,"[{""expiry"": ""2024-03-28"", ""option_type"": ""CE"", ""premium_points"": 378.25, ""qty"": 1, ""quantity_per_lot"": 1, ""raw_open"": 376.25, ""side"": ""BUY"", ""strike"": 72700.0}, {""expiry"": ""2024-03-28"", ""option_type"": ""PE"", ""premium_points"": 327.2, ""qty"": -1, ""quantity_per_lot"": 1, ""raw_open"": 329.2, ""side"": ""SELL"", ""strike"": 72000.0}]",5.0,EVALUATED,73651.35,900.3000000000059,55.003779620000145,17950.996220380115,True,,
development,2024-03-28,2024-03-22,Sell Put,high,0.11188069512894155,0.746031746031746,72214.71,71456.41158397259,71952.89346082974,72749.41782570588,73215.11314576169,"{""atm"": 72200.0}",406.0,43.08839547596478,42.067962395964805,0.7012,1822.729611281477,2661.2328317682304,2661.2328317682304,2000.0,53224.656635364605,1.0,1.0,True,eligible,2.0,20.408661600000002,20.408661600000002,"[{""expiry"": ""2024-03-28"", ""option_type"": ""PE"", ""premium_points"": 406.0, ""qty"": -1, ""quantity_per_lot"": 1, ""raw_open"": 408.0, ""side"": ""SELL"", ""strike"": 72200.0}]",5.0,EVALUATED,73651.35,406.0,20.408661600000002,8099.5913384,True,,
development,2024-03-28,2024-03-22,Batman,high,,,,,,,,,,,,,,,,,,,,,,,,,,,NO_TRADE,,,,,,Batman_standalone,missing 09:30 bar CE 73200.0
development,2024-04-05,2024-04-02,Batman,high,0.11204332865320128,0.753968253968254,73911.85,73166.09905156898,73637.22008737556,74427.17824178048,74892.79456718144,"{""c65"": 74400.0, ""c80"": 74900.0, ""p20"": 73200.0, ""p35"": 73600.0}",8.700000000000017,-15.626357258069465,-19.207067650008984,0.783,1501.852551086238,2474.377722674106,2474.377722674106,2000.0,49487.55445348212,0.0,6.0,False,negative_net_ev,2.0,71.61420783879018,58.69711156,"[{""expiry"": ""2024-04-05"", ""option_type"": ""PE"", ""premium_points"": 276.7, ""qty"": 1, ""quantity_per_lot"": 1, ""raw_open"": 274.7, ""side"": ""BUY"", ""strike"": 73600.0}, {""expiry"": ""2024-04-05"", ""option_type"": ""PE"", ""premium_points"": 162.15, ""qty"": -2, ""quantity_per_lot"": 2, ""raw_open"": 164.15, ""side"": ""SELL"", ""strike"": 73200.0}, {""expiry"": ""2024-04-05"", ""option_type"": ""CE"", ""premium_points"": 215.0, ""qty"": 1, ""quantity_per_lot"": 1, ""raw_open"": 213.0, ""side"": ""BUY"", ""strike"": 74400.0}, {""expiry"": ""2024-04-05"", ""option_type"": ""CE"", ""premium_points"": 88.05, ""qty"": -2, ""quantity_per_lot"": 2, ""raw_open"": 90.05, ""side"": ""SELL"", ""strike"": 74900.0}]",2.0,EVALUATED,74248.22,8.700000000000017,58.69711156,115.30288844000034,True,,
development,2024-04-05,2024-04-02,Long Synthetic Future,high,0.11204332865320128,0.753968253968254,73911.85,73166.09905156898,73637.22008737556,74427.17824178048,74892.79456718144,"{""atm"": 73900.0}",-45.69999999999999,66.0433596325718,63.80543356135726,0.5334,2418.8381745692072,3487.2209466865206,3487.2209466865206,2000.0,69744.41893373041,1.0,2.0,True,eligible,2.0,44.75852142428965,32.58736128,"[{""expiry"": ""2024-04-05"", ""option_type"": ""CE"", ""premium_points"": 432.75, ""qty"": 1, ""quantity_per_lot"": 1, ""raw_open"": 430.75, ""side"": ""BUY"", ""strike"": 73900.0}, {""expiry"": ""2024-04-05"", ""option_type"": ""PE"", ""premium_points"": 387.05, ""qty"": -1, ""quantity_per_lot"": 1, ""raw_open"": 389.05, ""side"": ""SELL"", ""strike"": 73900.0}]",3.0,EVALUATED,74248.22,302.5200000000012,41.29286128000003,6009.107138720024,True,,
development,2024-04-05,2024-04-02,Risk Reversal,high,0.11204332865320128,0.753968253968254,73911.85,73166.09905156898,73637.22008737556,74427.17824178048,74892.79456718144,"{""c65"": 74400.0, ""p35"": 73600.0}",57.69999999999999,59.94270986284316,58.12988097620916,0.6816,2015.0130773846267,3083.3958495019406,3083.3958495019406,2000.0,61667.91699003881,1.0,2.0,True,eligible,2.0,36.256577732680626,29.769995720000004,"[{""expiry"": ""2024-04-05"", ""option_type"": ""CE"", ""premium_points"": 215.0, ""qty"": 1, ""quantity_per_lot"": 1, ""raw_open"": 213.0, ""side"": ""BUY"", ""strike"": 74400.0}, {""expiry"": ""2024-04-05"", ""option_type"": ""PE"", ""premium_points"": 272.7, ""qty"": -1, ""quantity_per_lot"": 1, ""raw_open"": 274.7, ""side"": ""SELL"", ""strike"": 73600.0}]",5.0,EVALUATED,74248.22,57.69999999999999,29.769995720000004,1124.2300042799998,True,,
development,2024-04-05,2024-04-02,Sell Put,high,0.11204332865320128,0.753968253968254,73911.85,73166.09905156898,73637.22008737556,74427.17824178048,74892.79456718144,"{""atm"": 73900.0}",387.05,11.946953860986092,10.946611191986076,0.692,1984.8505911669922,3053.233363284306,3053.233363284306,2000.0,61064.66726568612,1.0,1.0,True,eligible,2.0,20.006853380000003,20.006853380000003,"[{""expiry"": ""2024-04-05"", ""option_type"": ""PE"", ""premium_points"": 387.05, ""qty"": -1, ""quantity_per_lot"": 1, ""raw_open"": 389.05, ""side"": ""SELL"", ""strike"": 73900.0}]",5.0,EVALUATED,74248.22,387.05,20.006853380000003,7720.99314662,True,,
development,2024-04-05,2024-04-02,Batman,high,0.11204332865320128,0.753968253968254,73911.85,73166.09905156898,73637.22008737556,74427.17824178048,74892.79456718144,"{""c65"": 74400.0, ""c80"": 74900.0, ""p20"": 73200.0, ""p35"": 73600.0}",8.700000000000017,-15.626357258069465,-19.207067650008984,0.783,1501.852551086238,2474.377722674106,2474.377722674106,2000.0,49487.55445348212,0.0,6.0,False,negative_net_ev,2.0,71.61420783879018,58.69711156,"[{""expiry"": ""2024-04-05"", ""option_type"": ""PE"", ""premium_points"": 276.7, ""qty"": 1, ""quantity_per_lot"": 1, ""raw_open"": 274.7, ""side"": ""BUY"", ""strike"": 73600.0}, {""expiry"": ""2024-04-05"", ""option_type"": ""PE"", ""premium_points"": 162.15, ""qty"": -2, ""quantity_per_lot"": 2, ""raw_open"": 164.15, ""side"": ""SELL"", ""strike"": 73200.0}, {""expiry"": ""2024-04-05"", ""option_type"": ""CE"", ""premium_points"": 215.0, ""qty"": 1, ""quantity_per_lot"": 1, ""raw_open"": 213.0, ""side"": ""BUY"", ""strike"": 74400.0}, {""expiry"": ""2024-04-05"", ""option_type"": ""CE"", ""premium_points"": 88.05, ""qty"": -2, ""quantity_per_lot"": 2, ""raw_open"": 90.05, ""side"": ""SELL"", ""strike"": 74900.0}]",2.0,EVALUATED,74248.22,8.700000000000017,58.69711156,115.30288844000034,True,Batman_standalone,
development,2024-04-12,2024-04-08,Buy Put,medium,0.09575939543737147,0.5277777777777778,74484.61,73734.95943514263,74220.1085779819,75038.67218727105,75495.21129967463,"{""atm"": 74500.0}",-473.3,-86.4308048902223,-87.5470735781095,0.2822,474.4162686878872,474.4162686878872,474.4162686878872,2000.0,9488.325373757745,0.0,1.0,False,negative_net_ev,2.0,22.32537375774444,12.653643879999999,"[{""expiry"": ""2024-04-12"", ""option_type"": ""PE"", ""premium_points"": 473.3, ""qty"": 1, ""quantity_per_lot"": 1, ""raw_open"": 471.3, ""side"": ""BUY"", ""strike"": 74500.0}]",1.0,EVALUATED,74244.9,-218.1999999999942,19.031143880000144,-4383.0311438798835,True,,
development,2024-04-12,2024-04-08,Put Ratio Spread,medium,0.09575939543737147,0.5277777777777778,74484.61,73734.95943514263,74220.1085779819,75038.67218727105,75495.21129967463,"{""atm"": 74500.0, ""p35"": 74200.0}",211.49999999999994,62.338256574580676,59.90597662269343,0.8108,1553.0693058135696,2486.8058100337203,2486.8058100337203,2000.0,49736.116200674405,1.0,3.0,True,eligible,2.0,48.64559903774444,38.97386916,"[{""expiry"": ""2024-04-12"", ""option_type"": ""PE"", ""premium_points"": 473.3, ""qty"": 1, ""quantity_per_lot"": 1, ""raw_open"": 471.3, ""side"": ""BUY"", ""strike"": 74500.0}, {""expiry"": ""2024-04-12"", ""option_type"": ""PE"", ""premium_points"": 342.4, ""qty"": -2, ""quantity_per_lot"": 2, ""raw_open"": 344.4, ""side"": ""SELL"", ""strike"": 74200.0}]",4.0,EVALUATED,74244.9,466.60000000000576,45.35136916000015,9286.648630840114,True,,
development,2024-04-12,2024-04-08,Short Straddle,medium,0.09575939543737147,0.5277777777777778,74484.61,73734.95943514263,74220.1085779819,75038.67218727105,75495.21129967463,"{""atm"": 74500.0}",912.55,29.033151381754113,26.885684122754093,0.6098,1854.4758099005332,2678.2098768567876,2678.2098768567876,2000.0,53564.197537135755,1.0,2.0,True,eligible,2.0,42.94934518,42.94934518,"[{""expiry"": ""2024-04-12"", ""option_type"": ""CE"", ""premium_points"": 443.25, ""qty"": -1, ""quantity_per_lot"": 1, ""raw_open"": 445.25, ""side"": ""SELL"", ""strike"": 74500.0}, {""expiry"": ""2024-04-12"", ""option_type"": ""PE"", ""premium_points"": 469.3, ""qty"": -1, ""quantity_per_lot"": 1, ""raw_open"": 471.3, ""side"": ""SELL"", ""strike"": 74500.0}]",4.0,EVALUATED,74244.9,657.4499999999941,42.94934518,13106.050654819883,True,,
development,2024-04-12,2024-04-08,Short Strangle,medium,0.09575939543737147,0.5277777777777778,74484.61,73734.95943514263,74220.1085779819,75038.67218727105,75495.21129967463,"{""c65"": 75000.0, ""p35"": 74200.0}",569.5999999999999,36.36415418739677,34.58027565939677,0.6424,1798.711018976766,2634.7853139877034,2634.7853139877034,2000.0,52695.70627975407,1.0,2.0,True,eligible,2.0,35.67757056,35.67757056,"[{""expiry"": ""2024-04-12"", ""option_type"": ""PE"", ""premium_points"": 342.4, ""qty"": -1, ""quantity_per_lot"": 1, ""raw_open"": 344.4, ""side"": ""SELL"", ""strike"": 74200.0}, {""expiry"": ""2024-04-12"", ""option_type"": ""CE"", ""premium_points"": 227.2, ""qty"": -1, ""quantity_per_lot"": 1, ""raw_open"": 229.2, ""side"": ""SELL"", ""strike"": 75000.0}]",3.0,EVALUATED,74244.9,569.5999999999999,35.67757056,11356.322429439999,True,,
development,2024-04-12,2024-04-08,Strip,medium,0.09575939543737147,0.5277777777777778,74484.61,73734.95943514263,74220.1085779819,75038.67218727105,75495.21129967463,"{""atm"": 74500.0}",-1393.85,-123.46395627197637,-126.3576362196364,0.3294,1344.6412116853771,1387.346706487788,1387.346706487788,2000.0,27746.93412975576,0.0,3.0,False,negative_net_ev,2.0,57.8735989532006,26.113947860000003,"[{""expiry"": ""2024-04-12"", ""option_type"": ""CE"", ""premium_points"": 447.25, ""qty"": 1, ""quantity_per_lot"": 1, ""raw_open"": 445.25, ""side"": ""BUY"", ""strike"": 74500.0}, {""expiry"": ""2024-04-12"", ""option_type"": ""PE"", ""premium_points"": 473.3, ""qty"": 2, ""quantity_per_lot"": 2, ""raw_open"": 471.3, ""side"": ""BUY"", ""strike"": 74500.0}]",3.0,EVALUATED,74244.9,-883.6499999999883,38.8689478600003,-17711.868947859766,True,,
development,2024-04-12,2024-04-08,Batman,medium,0.09575939543737147,0.5277777777777778,74484.61,73734.95943514263,74220.1085779819,75038.67218727105,75495.21129967463,"{""c65"": 75000.0, ""c80"": 75500.0, ""p20"": 73700.0, ""p35"": 74200.0}",16.10000000000005,20.69753726420781,16.989475622942056,0.8012,1354.1352020900313,2190.2094971009687,2190.2094971009687,2000.0,43804.18994201937,0.0,6.0,False,no_risk_sized_lot,2.0,74.16123282531508,60.83033668,"[{""expiry"": ""2024-04-12"", ""option_type"": ""PE"", ""premium_points"": 346.4, ""qty"": 1, ""quantity_per_lot"": 1, ""raw_open"": 344.4, ""side"": ""BUY"", ""strike"": 74200.0}, {""expiry"": ""2024-04-12"", ""option_type"": ""PE"", ""premium_points"": 197.05, ""qty"": -2, ""quantity_per_lot"": 2, ""raw_open"": 199.05, ""side"": ""SELL"", ""strike"": 73700.0}, {""expiry"": ""2024-04-12"", ""option_type"": ""CE"", ""premium_points"": 231.2, ""qty"": 1, ""quantity_per_lot"": 1, ""raw_open"": 229.2, ""side"": ""BUY"", ""strike"": 75000.0}, {""expiry"": ""2024-04-12"", ""option_type"": ""CE"", ""premium_points"": 99.8, ""qty"": -2, ""quantity_per_lot"": 2, ""raw_open"": 101.8, ""side"": ""SELL"", ""strike"": 75500.0}]",0.0,STANDALONE_EVALUATED,74244.9,16.10000000000005,60.83033668,261.169663320001,True,Batman_standalone,
development,2024-04-19,2024-04-15,Buy Put,medium,0.10077021999901124,0.6428571428571429,73618.19,72883.0505779031,73360.34089107509,74192.28283933246,74657.45687722879,"{""atm"": 73600.0}",-512.0,-151.72523203477252,-152.8117476547291,0.2596,513.0865156199565,513.0865156199565,513.0865156199565,2000.0,10261.73031239913,0.0,1.0,False,negative_net_ev,2.0,21.73031239913069,12.7234432,"[{""expiry"": ""2024-04-19"", ""option_type"": ""PE"", ""premium_points"": 512.0, ""qty"": 1, ""quantity_per_lot"": 1, ""raw_open"": 510.0, ""side"": ""BUY"", ""strike"": 73600.0}]",1.0,EVALUATED,73088.33,-0.33000000000174623,25.515193199999956,-32.11519320003488,True,,
development,2024-04-19,2024-04-15,Put Ratio Spread,medium,0.10077021999901124,0.6428571428571429,73618.19,72883.0505779031,73360.34089107509,74192.28283933246,74657.45687722879,"{""atm"": 73600.0, ""p35"": 73400.0}",364.4,163.5214657224669,160.91580835051036,0.8122,1550.302536028232,2494.9642406913117,2494.9642406913117,2000.0,49899.284813826234,1.0,3.0,True,eligible,2.0,52.113147439130685,43.10627824,"[{""expiry"": ""2024-04-19"", ""option_type"": ""PE"", ""premium_points"": 512.0, ""qty"": 1, ""quantity_per_lot"": 1, ""raw_open"": 510.0, ""side"": ""BUY"", ""strike"": 73600.0}, {""expiry"": ""2024-04-19"", ""option_type"": ""PE"", ""premium_points"": 438.2, ""qty"": -2, ""quantity_per_lot"": 2, ""raw_open"": 440.2, ""side"": ""SELL"", ""strike"": 73400.0}]",4.0,EVALUATED,73088.33,252.73000000000172,55.89802823999996,4998.701971760035,True,,
development,2024-04-19,2024-04-15,Short Straddle,medium,0.10077021999901124,0.6428571428571429,73618.19,72883.0505779031,73360.34089107509,74192.28283933246,74657.45687722879,"{""atm"": 73600.0}",1146.8,262.15808497820063,259.76227055420054,0.7124,1619.0835940554775,2309.589527292159,2309.589527292159,2000.0,46191.79054584318,1.0,2.0,True,eligible,2.0,47.91628848,47.91628848,"[{""expiry"": ""2024-04-19"", ""option_type"": ""CE"", ""premium_points"": 638.8, ""qty"": -1, ""quantity_per_lot"": 1, ""raw_open"": 640.8, ""side"": ""SELL"", ""strike"": 73600.0}, {""expiry"": ""2024-04-19"", ""option_type"": ""PE"", ""premium_points"": 508.0, ""qty"": -1, ""quantity_per_lot"": 1, ""raw_open"": 510.0, ""side"": ""SELL"", ""strike"": 73600.0}]",4.0,EVALUATED,73088.33,635.1300000000017,47.91628848,12654.683711520034,True,,
development,2024-04-19,2024-04-15,Short Strangle,medium,0.10077021999901124,0.6428571428571429,73618.19,72883.0505779031,73360.34089107509,74192.28283933246,74657.45687722879,"{""c65"": 74200.0, ""p35"": 73400.0}",758.8,228.64003146441627,226.65556688041622,0.7228,1607.4831212362299,2361.7023873671933,2361.7023873671933,2000.0,47234.047747343866,1.0,2.0,True,eligible,2.0,39.68929168,39.68929168,"[{""expiry"": ""2024-04-19"", ""option_type"": ""PE"", ""premium_points"": 438.2, ""qty"": -1, ""quantity_per_lot"": 1, ""raw_open"": 440.2, ""side"": ""SELL"", ""strike"": 73400.0}, {""expiry"": ""2024-04-19"", ""option_type"": ""CE"", ""premium_points"": 320.6, ""qty"": -1, ""quantity_per_lot"": 1, ""raw_open"": 322.6, ""side"": ""SELL"", ""strike"": 74200.0}]",3.0,EVALUATED,73088.33,447.1300000000017,39.68929168,8902.910708320034,True,,
development,2024-04-19,2024-04-15,Strip,medium,0.10077021999901124,0.6428571428571429,73618.19,72883.0505779031,73360.34089107509,74192.28283933246,74657.45687722879,"{""atm"": 73600.0}",-1666.8,-421.8833170129731,-424.76977489070697,0.25,1621.551735398508,1660.0295093081463,1660.0295093081463,2000.0,33200.590186162925,0.0,3.0,False,negative_net_ev,2.0,57.729157554675666,26.606240479999997,"[{""expiry"": ""2024-04-19"", ""option_type"": ""CE"", ""premium_points"": 642.8, ""qty"": 1, ""quantity_per_lot"": 1, ""raw_open"": 640.8, ""side"": ""BUY"", ""strike"": 73600.0}, {""expiry"": ""2024-04-19"", ""option_type"": ""PE"", ""premium_points"": 512.0, ""qty"": 2, ""quantity_per_lot"": 2, ""raw_open"": 510.0, ""side"": ""BUY"", ""strike"": 73600.0}]",3.0,EVALUATED,73088.33,-643.4600000000034,52.18974047999991,-12921.38974048007,True,,
development,2024-04-19,2024-04-15,Batman,medium,0.10077021999901124,0.6428571428571429,73618.19,72883.0505779031,73360.34089107509,74192.28283933246,74657.45687722879,"{""c65"": 74200.0, ""c80"": 74700.0, ""p20"": 72900.0, ""p35"": 73400.0}",131.59999999999997,150.62236467663064,146.5780489799612,0.8438,1236.7429723489001,1990.9622384798631,1990.9622384798631,2000.0,39819.244769597266,0.0,6.0,False,no_risk_sized_lot,2.0,80.88631393338959,67.63231472,"[{""expiry"": ""2024-04-19"", ""option_type"": ""PE"", ""premium_points"": 442.2, ""qty"": 1, ""quantity_per_lot"": 1, ""raw_open"": 440.2, ""side"": ""BUY"", ""strike"": 73400.0}, {""expiry"": ""2024-04-19"", ""option_type"": ""PE"", ""premium_points"": 296.2, ""qty"": -2, ""quantity_per_lot"": 2, ""raw_open"": 298.2, ""side"": ""SELL"", ""strike"": 72900.0}, {""expiry"": ""2024-04-19"", ""option_type"": ""CE"", ""premium_points"": 324.6, ""qty"": 1, ""quantity_per_lot"": 1, ""raw_open"": 322.6, ""side"": ""BUY"", ""strike"": 74200.0}, {""expiry"": ""2024-04-19"", ""option_type"": ""CE"", ""premium_points"": 153.0, ""qty"": -2, ""quantity_per_lot"": 2, ""raw_open"": 155.0, ""side"": ""SELL"", ""strike"": 74700.0}]",0.0,STANDALONE_EVALUATED,73088.33,443.2699999999982,75.42406471999995,8789.975935279965,True,Batman_standalone,
development,2024-04-26,2024-04-23,Buy Put,medium,0.10039035365827896,0.6349206349206349,73878.93,73139.19059659822,73642.0999512479,74428.45474827477,74914.81668376466,"{""atm"": 73900.0}",-425.0,-41.67548863950241,-42.78297077870304,0.2954,426.10748213920067,426.10748213920067,426.10748213920067,2000.0,8522.149642784014,0.0,1.0,False,negative_net_ev,2.0,22.149642784012443,12.566530000000002,"[{""expiry"": ""2024-04-26"", ""option_type"": ""PE"", ""premium_points"": 425.0, ""qty"": 1, ""quantity_per_lot"": 1, ""raw_open"": 423.0, ""side"": ""BUY"", ""strike"": 73900.0}]",1.0,EVALUATED,73730.16,-255.1600000000035,16.812529999999914,-5120.01253000007,True,,
development,2024-04-26,2024-04-23,Put Ratio Spread,medium,0.10039035365827896,0.6349206349206349,73878.93,73139.19059659822,73642.0999512479,74428.45474827477,74914.81668376466,"{""atm"": 73900.0, ""p35"": 73600.0}",173.39999999999998,24.533941683694277,22.20204783249365,0.802,1653.6459492784816,2643.7136032239237,2643.7136032239237,2000.0,52874.27206447847,1.0,3.0,True,eligible,2.0,46.63787702401245,37.054764240000004,"[{""expiry"": ""2024-04-26"", ""option_type"": ""PE"", ""premium_points"": 425.0, ""qty"": 1, ""quantity_per_lot"": 1, ""raw_open"": 423.0, ""side"": ""BUY"", ""strike"": 73900.0}, {""expiry"": ""2024-04-26"", ""option_type"": ""PE"", ""premium_points"": 299.2, ""qty"": -2, ""quantity_per_lot"": 2, ""raw_open"": 301.2, ""side"": ""SELL"", ""strike"": 73600.0}]",4.0,EVALUATED,73730.16,343.2399999999965,41.300764239999914,6823.49923575993,True,,
development,2024-04-26,2024-04-23,Short Straddle,medium,0.10039035365827896,0.6349206349206349,73878.93,73139.19059659822,73642.0999512479,74428.45474827477,74914.81668376466,"{""atm"": 73900.0}",789.7,-83.01497106410623,-85.03219521010615,0.544,1986.1919843677138,2834.015103896828,2834.015103896828,2000.0,56680.30207793656,0.0,2.0,False,negative_net_ev,2.0,40.34448292,40.34448292,"[{""expiry"": ""2024-04-26"", ""option_type"": ""CE"", ""premium_points"": 368.7, ""qty"": -1, ""quantity_per_lot"": 1, ""raw_open"": 370.7, ""side"": ""SELL"", ""strike"": 73900.0}, {""expiry"": ""2024-04-26"", ""option_type"": ""PE"", ""premium_points"": 421.0, ""qty"": -1, ""quantity_per_lot"": 1, ""raw_open"": 423.0, ""side"": ""SELL"", ""strike"": 73900.0}]",4.0,EVALUATED,73730.16,619.8600000000035,40.34448292,12356.85551708007,True,,
development,2024-04-26,2024-04-23,Short Strangle,medium,0.10039035365827896,0.6349206349206349,73878.93,73139.19059659822,73642.0999512479,74428.45474827477,74914.81668376466,"{""c65"": 74400.0, ""p35"": 73600.0}",468.0,-60.77475820471427,-62.45092244471428,0.5884,1913.4981069641049,2793.092390805577,2793.092390805577,2000.0,55861.84781611154,0.0,2.0,False,negative_net_ev,2.0,33.5232848,33.5232848,"[{""expiry"": ""2024-04-26"", ""option_type"": ""PE"", ""premium_points"": 299.2, ""qty"": -1, ""quantity_per_lot"": 1, ""raw_open"": 301.2, ""side"": ""SELL"", ""strike"": 73600.0}, {""expiry"": ""2024-04-26"", ""option_type"": ""CE"", ""premium_points"": 168.8, ""qty"": -1, ""quantity_per_lot"": 1, ""raw_open"": 170.8, ""side"": ""SELL"", ""strike"": 74400.0}]",3.0,EVALUATED,73730.16,468.0,33.5232848,9326.4767152,True,,
development,2024-04-26,2024-04-23,Strip,medium,0.10039035365827896,0.6349206349206349,73878.93,73139.19059659822,73642.0999512479,74428.45474827477,74914.81668376466,"{""atm"": 73900.0}",-1222.7,33.33948242460384,30.479169985572995,0.3852,1186.0327263896538,1217.9393140287973,1217.9393140287973,2000.0,24358.786280575947,1.0,3.0,True,eligible,2.0,57.20624878061509,25.805261719999997,"[{""expiry"": ""2024-04-26"", ""option_type"": ""CE"", ""premium_points"": 372.7, ""qty"": 1, ""quantity_per_lot"": 1, ""raw_open"": 370.7, ""side"": ""BUY"", ""strike"": 73900.0}, {""expiry"": ""2024-04-26"", ""option_type"": ""PE"", ""premium_points"": 425.0, ""qty"": 2, ""quantity_per_lot"": 2, ""raw_open"": 423.0, ""side"": ""BUY"", ""strike"": 73900.0}]",3.0,EVALUATED,73730.16,-883.020000000007,34.297261719999824,-17694.69726172014,True,,
development,2024-04-26,2024-04-23,Batman,medium,0.10039035365827896,0.6349206349206349,73878.93,73139.19059659822,73642.0999512479,74428.45474827477,74914.81668376466,"{""c65"": 74400.0, ""c80"": 74900.0, ""p20"": 73100.0, ""p35"": 73600.0}",-13.299999999999983,-6.1671329522129685,-9.721572365968875,0.481,1396.6763821378606,2276.2706659793334,2276.2706659793334,2000.0,45525.41331958667,0.0,6.0,False,negative_net_ev,2.0,71.08878827511785,57.86941932,"[{""expiry"": ""2024-04-26"", ""option_type"": ""PE"", ""premium_points"": 303.2, ""qty"": 1, ""quantity_per_lot"": 1, ""raw_open"": 301.2, ""side"": ""BUY"", ""strike"": 73600.0}, {""expiry"": ""2024-04-26"", ""option_type"": ""PE"", ""premium_points"": 160.15, ""qty"": -2, ""quantity_per_lot"": 2, ""raw_open"": 162.15, ""side"": ""SELL"", ""strike"": 73100.0}, {""expiry"": ""2024-04-26"", ""option_type"": ""CE"", ""premium_points"": 172.8, ""qty"": 1, ""quantity_per_lot"": 1, ""raw_open"": 170.8, ""side"": ""BUY"", ""strike"": 74400.0}, {""expiry"": ""2024-04-26"", ""option_type"": ""CE"", ""premium_points"": 71.2, ""qty"": -2, ""quantity_per_lot"": 2, ""raw_open"": 73.2, ""side"": ""SELL"", ""strike"": 74900.0}]",0.0,STANDALONE_EVALUATED,73730.16,-13.299999999999983,57.86941932,-323.8694193199997,True,Batman_standalone,
development,2024-05-03,2024-04-29,Batman,high,0.10276368751042009,0.6785714285714286,74158.67,73420.3489916276,73925.54661188311,74719.09566599716,75159.18969642835,"{""c65"": 74700.0, ""c80"": 75200.0, ""p20"": 73400.0, ""p35"": 73900.0}",-1.1999999999999886,22.27182833324385,18.62803055448041,0.5106,1297.5820251475734,2105.9751608670394,2105.9751608670394,2000.0,42119.50321734079,1.0,6.0,True,eligible,2.0,72.87595557526858,60.07699344,"[{""expiry"": ""2024-05-03"", ""option_type"": ""PE"", ""premium_points"": 282.95, ""qty"": 1, ""quantity_per_lot"": 1, ""raw_open"": 280.95, ""side"": ""BUY"", ""strike"": 73900.0}, {""expiry"": ""2024-05-03"", ""option_type"": ""PE"", ""premium_points"": 146.8, ""qty"": -2, ""quantity_per_lot"": 2, ""raw_open"": 148.8, ""side"": ""SELL"", ""strike"": 73400.0}, {""expiry"": ""2024-05-03"", ""option_type"": ""CE"", ""premium_points"": 277.85, ""qty"": 1, ""quantity_per_lot"": 1, ""raw_open"": 275.85, ""side"": ""BUY"", ""strike"": 74700.0}, {""expiry"": ""2024-05-03"", ""option_type"": ""CE"", ""premium_points"": 133.0, ""qty"": -2, ""quantity_per_lot"": 2, ""raw_open"": 135.0, ""side"": ""SELL"", ""strike"": 75200.0}]",2.0,EVALUATED,73878.15,20.650000000005832,60.623243440000145,352.3767565601165,True,,
development,2024-05-03,2024-04-29,Long Synthetic Future,high,0.10276368751042009,0.6785714285714286,74158.67,73420.3489916276,73925.54661188311,74719.09566599716,75159.18969642835,"{""atm"": 74200.0}",-119.10000000000002,-27.034607290081894,-29.268900647689478,0.5074,2479.4843556460655,3446.3880194776093,3446.3880194776093,2000.0,68927.76038955219,0.0,2.0,False,negative_net_ev,2.0,44.68586715215067,32.80832324000001,"[{""expiry"": ""2024-05-03"", ""option_type"": ""CE"", ""premium_points"": 510.0, ""qty"": 1, ""quantity_per_lot"": 1, ""raw_open"": 508.0, ""side"": ""BUY"", ""strike"": 74200.0}, {""expiry"": ""2024-05-03"", ""option_type"": ""PE"", ""premium_points"": 390.9, ""qty"": -1, ""quantity_per_lot"": 1, ""raw_open"": 392.9, ""side"": ""SELL"", ""strike"": 74200.0}]",3.0,EVALUATED,73878.15,-440.95000000000584,32.80832324000001,-8851.808323240117,True,,
development,2024-05-03,2024-04-29,Risk Reversal,high,0.10276368751042009,0.6785714285714286,74158.67,73420.3489916276,73925.54661188311,74719.09566599716,75159.18969642835,"{""c65"": 74700.0, ""p35"": 73900.0}",1.099999999999966,-15.791884511192233,-17.602094860754406,0.3576,2058.8602726380204,3025.763936469564,3025.763936469564,2000.0,60515.278729391284,0.0,2.0,False,negative_net_ev,2.0,36.204206991244384,30.015874479999997,"[{""expiry"": ""2024-05-03"", ""option_type"": ""CE"", ""premium_points"": 277.85, ""qty"": 1, ""quantity_per_lot"": 1, ""raw_open"": 275.85, ""side"": ""BUY"", ""strike"": 74700.0}, {""expiry"": ""2024-05-03"", ""option_type"": ""PE"", ""premium_points"": 278.95, ""qty"": -1, ""quantity_per_lot"": 1, ""raw_open"": 280.95, ""side"": ""SELL"", ""strike"": 73900.0}]",5.0,EVALUATED,73878.15,-20.750000000005855,30.015874479999997,-445.0158744801171,True,,
development,2024-05-03,2024-04-29,Sell Put,high,0.10276368751042009,0.6785714285714286,74158.67,73420.3489916276,73925.54661188311,74719.09566599716,75159.18969642835,"{""atm"": 74200.0}",390.9,7.8636362238916595,6.859211861891654,0.6882,1968.2544866504577,2935.1581504820024,2935.1581504820024,2000.0,58703.16300964005,1.0,1.0,True,eligible,2.0,20.08848724,20.08848724,"[{""expiry"": ""2024-05-03"", ""option_type"": ""PE"", ""premium_points"": 390.9, ""qty"": -1, ""quantity_per_lot"": 1, ""raw_open"": 392.9, ""side"": ""SELL"", ""strike"": 74200.0}]",5.0,EVALUATED,73878.15,69.04999999999416,20.08848724,1360.9115127598832,True,,
development,2024-05-03,2024-04-29,Batman,high,0.10276368751042009,0.6785714285714286,74158.67,73420.3489916276,73925.54661188311,74719.09566599716,75159.18969642835,"{""c65"": 74700.0, ""c80"": 75200.0, ""p20"": 73400.0, ""p35"": 73900.0}",-1.1999999999999886,22.27182833324385,18.62803055448041,0.5106,1297.5820251475734,2105.9751608670394,2105.9751608670394,2000.0,42119.50321734079,1.0,6.0,True,eligible,2.0,72.87595557526858,60.07699344,"[{""expiry"": ""2024-05-03"", ""option_type"": ""PE"", ""premium_points"": 282.95, ""qty"": 1, ""quantity_per_lot"": 1, ""raw_open"": 280.95, ""side"": ""BUY"", ""strike"": 73900.0}, {""expiry"": ""2024-05-03"", ""option_type"": ""PE"", ""premium_points"": 146.8, ""qty"": -2, ""quantity_per_lot"": 2, ""raw_open"": 148.8, ""side"": ""SELL"", ""strike"": 73400.0}, {""expiry"": ""2024-05-03"", ""option_type"": ""CE"", ""premium_points"": 277.85, ""qty"": 1, ""quantity_per_lot"": 1, ""raw_open"": 275.85, ""side"": ""BUY"", ""strike"": 74700.0}, {""expiry"": ""2024-05-03"", ""option_type"": ""CE"", ""premium_points"": 133.0, ""qty"": -2, ""quantity_per_lot"": 2, ""raw_open"": 135.0, ""side"": ""SELL"", ""strike"": 75200.0}]",2.0,EVALUATED,73878.15,20.650000000005832,60.623243440000145,352.3767565601165,True,Batman_standalone,
development,2024-05-10,2024-05-07,Batman,high,0.11047089381182582,0.7777777777777778,74001.39,73294.39072436177,73779.72916616229,74535.37488069486,75021.71964576335,"{""c65"": 74500.0, ""c80"": 75000.0, ""p20"": 73300.0, ""p35"": 73800.0}",6.5,17.57024087574137,13.821312478328071,0.7988,1407.882055798816,2206.722644700613,2206.722644700613,2000.0,44134.452894012255,1.0,6.0,True,eligible,2.0,74.97856794826626,61.303193799999995,"[{""expiry"": ""2024-05-10"", ""option_type"": ""PE"", ""premium_points"": 342.0, ""qty"": 1, ""quantity_per_lot"": 1, ""raw_open"": 340.0, ""side"": ""BUY"", ""strike"": 73800.0}, {""expiry"": ""2024-05-10"", ""option_type"": ""PE"", ""premium_points"": 176.9, ""qty"": -2, ""quantity_per_lot"": 2, ""raw_open"": 178.9, ""side"": ""SELL"", ""strike"": 73300.0}, {""expiry"": ""2024-05-10"", ""option_type"": ""CE"", ""premium_points"": 265.0, ""qty"": 1, ""quantity_per_lot"": 1, ""raw_open"": 263.0, ""side"": ""BUY"", ""strike"": 74500.0}, {""expiry"": ""2024-05-10"", ""option_type"": ""CE"", ""premium_points"": 129.85, ""qty"": -2, ""quantity_per_lot"": 2, ""raw_open"": 131.85, ""side"": ""SELL"", ""strike"": 75000.0}]",2.0,EVALUATED,72664.47,-129.02999999999884,89.69144379999997,-2670.2914437999766,True,,
development,2024-05-10,2024-05-07,Long Synthetic Future,high,0.11047089381182582,0.7777777777777778,74001.39,73294.39072436177,73779.72916616229,74535.37488069486,75021.71964576335,"{""atm"": 74000.0}",-54.19999999999999,88.39981939474008,86.09663295704969,0.5452,2386.3228007923285,3350.3700977108792,3350.3700977108792,2000.0,67007.40195421758,1.0,2.0,True,eligible,2.0,46.063728753806515,33.540235280000005,"[{""expiry"": ""2024-05-10"", ""option_type"": ""CE"", ""premium_points"": 482.0, ""qty"": 1, ""quantity_per_lot"": 1, ""raw_open"": 480.0, ""side"": ""BUY"", ""strike"": 74000.0}, {""expiry"": ""2024-05-10"", ""option_type"": ""PE"", ""premium_points"": 427.8, ""qty"": -1, ""quantity_per_lot"": 1, ""raw_open"": 429.8, ""side"": ""SELL"", ""strike"": 74000.0}]",3.0,EVALUATED,72664.47,-1389.7299999999989,33.540235280000005,-27828.140235279978,True,,
development,2024-05-10,2024-05-07,Risk Reversal,high,0.11047089381182582,0.7777777777777778,74001.39,73294.39072436177,73779.72916616229,74535.37488069486,75021.71964576335,"{""c65"": 74500.0, ""p35"": 73800.0}",73.0,62.470890880628765,60.57334868012173,0.667,2058.7171565551457,3022.764453473696,3022.764453473696,2000.0,60455.28906947392,1.0,2.0,True,eligible,2.0,37.950844010141,31.244770800000005,"[{""expiry"": ""2024-05-10"", ""option_type"": ""CE"", ""premium_points"": 265.0, ""qty"": 1, ""quantity_per_lot"": 1, ""raw_open"": 263.0, ""side"": ""BUY"", ""strike"": 74500.0}, {""expiry"": ""2024-05-10"", ""option_type"": ""PE"", ""premium_points"": 338.0, ""qty"": -1, ""quantity_per_lot"": 1, ""raw_open"": 340.0, ""side"": ""SELL"", ""strike"": 73800.0}]",5.0,EVALUATED,72664.47,-1062.5299999999988,31.244770800000005,-21281.844770799977,True,,
development,2024-05-10,2024-05-07,Sell Put,high,0.11047089381182582,0.7777777777777778,74001.39,73294.39072436177,73779.72916616229,74535.37488069486,75021.71964576335,"{""atm"": 74000.0}",427.8,69.46008044247958,68.41653543847957,0.7182,1903.0631593586381,2867.110456277189,2867.110456277189,2000.0,57342.20912554378,1.0,1.0,True,eligible,2.0,20.870900080000002,20.870900080000002,"[{""expiry"": ""2024-05-10"", ""option_type"": ""PE"", ""premium_points"": 427.8, ""qty"": -1, ""quantity_per_lot"": 1, ""raw_open"": 429.8, ""side"": ""SELL"", ""strike"": 74000.0}]",5.0,EVALUATED,72664.47,-907.7299999999989,20.870900080000002,-18175.470900079978,True,,
development,2024-05-10,2024-05-07,Batman,high,0.11047089381182582,0.7777777777777778,74001.39,73294.39072436177,73779.72916616229,74535.37488069486,75021.71964576335,"{""c65"": 74500.0, ""c80"": 75000.0, ""p20"": 73300.0, ""p35"": 73800.0}",6.5,17.57024087574137,13.821312478328071,0.7988,1407.882055798816,2206.722644700613,2206.722644700613,2000.0,44134.452894012255,1.0,6.0,True,eligible,2.0,74.97856794826626,61.303193799999995,"[{""expiry"": ""2024-05-10"", ""option_type"": ""PE"", ""premium_points"": 342.0, ""qty"": 1, ""quantity_per_lot"": 1, ""raw_open"": 340.0, ""side"": ""BUY"", ""strike"": 73800.0}, {""expiry"": ""2024-05-10"", ""option_type"": ""PE"", ""premium_points"": 176.9, ""qty"": -2, ""quantity_per_lot"": 2, ""raw_open"": 178.9, ""side"": ""SELL"", ""strike"": 73300.0}, {""expiry"": ""2024-05-10"", ""option_type"": ""CE"", ""premium_points"": 265.0, ""qty"": 1, ""quantity_per_lot"": 1, ""raw_open"": 263.0, ""side"": ""BUY"", ""strike"": 74500.0}, {""expiry"": ""2024-05-10"", ""option_type"": ""CE"", ""premium_points"": 129.85, ""qty"": -2, ""quantity_per_lot"": 2, ""raw_open"": 131.85, ""side"": ""SELL"", ""strike"": 75000.0}]",2.0,EVALUATED,72664.47,-129.02999999999884,89.69144379999997,-2670.2914437999766,True,Batman_standalone,
development,2024-05-17,2024-05-14,Batman,high,0.11736407163029824,0.8968253968253969,72836.6,72139.11821308103,72585.59569689054,73358.55245771153,73810.37402926991,"{""c65"": 73400.0, ""c80"": 73800.0, ""p20"": 72100.0, ""p35"": 72600.0}",77.60000000000002,65.79526298739803,62.05130010585938,0.8124,1272.0138158429886,2077.3199793401322,2077.3199793401322,2000.0,41546.39958680265,1.0,6.0,True,eligible,2.0,74.87925763077313,62.55769055999999,"[{""expiry"": ""2024-05-17"", ""option_type"": ""PE"", ""premium_points"": 332.0, ""qty"": 1, ""quantity_per_lot"": 1, ""raw_open"": 330.0, ""side"": ""BUY"", ""strike"": 72600.0}, {""expiry"": ""2024-05-17"", ""option_type"": ""PE"", ""premium_points"": 191.4, ""qty"": -2, ""quantity_per_lot"": 2, ""raw_open"": 193.4, ""side"": ""SELL"", ""strike"": 72100.0}, {""expiry"": ""2024-05-17"", ""option_type"": ""CE"", ""premium_points"": 264.0, ""qty"": 1, ""quantity_per_lot"": 1, ""raw_open"": 262.0, ""side"": ""BUY"", ""strike"": 73400.0}, {""expiry"": ""2024-05-17"", ""option_type"": ""CE"", ""premium_points"": 145.4, ""qty"": -2, ""quantity_per_lot"": 2, ""raw_open"": 147.4, ""side"": ""SELL"", ""strike"": 73800.0}]",2.0,EVALUATED,73917.03,360.5700000000012,75.48344055999996,7135.916559440024,True,,
development,2024-05-17,2024-05-14,Long Synthetic Future,high,0.11736407163029824,0.8968253968253969,72836.6,72139.11821308103,72585.59569689054,73358.55245771153,73810.37402926991,"{""atm"": 72800.0}",-140.70000000000005,27.209998762814397,24.918097332747376,0.5152,2283.079788310849,3176.6601680991803,3176.6601680991803,2000.0,63533.20336198361,1.0,2.0,True,eligible,2.0,45.83802860134,33.19468972,"[{""expiry"": ""2024-05-17"", ""option_type"": ""CE"", ""premium_points"": 546.7, ""qty"": 1, ""quantity_per_lot"": 1, ""raw_open"": 544.7, ""side"": ""BUY"", ""strike"": 72800.0}, {""expiry"": ""2024-05-17"", ""option_type"": ""PE"", ""premium_points"": 406.0, ""qty"": -1, ""quantity_per_lot"": 1, ""raw_open"": 408.0, ""side"": ""SELL"", ""strike"": 72800.0}]",3.0,EVALUATED,73917.03,976.3299999999988,61.12043971999997,19465.479560279975,True,,
development,2024-05-17,2024-05-14,Risk Reversal,high,0.11736407163029824,0.8968253968253969,72836.6,72139.11821308103,72585.59569689054,73358.55245771153,73810.37402926991,"{""c65"": 73400.0, ""p35"": 72600.0}",64.0,37.94682691640207,36.10352441281003,0.6684,1877.9311893843742,2771.511569172705,2771.511569172705,2000.0,55430.2313834541,1.0,2.0,True,eligible,2.0,36.8660500718416,31.0309312,"[{""expiry"": ""2024-05-17"", ""option_type"": ""CE"", ""premium_points"": 264.0, ""qty"": 1, ""quantity_per_lot"": 1, ""raw_open"": 262.0, ""side"": ""BUY"", ""strike"": 73400.0}, {""expiry"": ""2024-05-17"", ""option_type"": ""PE"", ""premium_points"": 328.0, ""qty"": -1, ""quantity_per_lot"": 1, ""raw_open"": 330.0, ""side"": ""SELL"", ""strike"": 72600.0}]",5.0,EVALUATED,73917.03,581.0299999999988,43.95668119999998,11576.643318799977,True,,
development,2024-05-17,2024-05-14,Sell Put,high,0.11736407163029824,0.8968253968253969,72836.6,72139.11821308103,72585.59569689054,73358.55245771153,73810.37402926991,"{""atm"": 72800.0}",406.0,68.1764435092144,67.1560104292144,0.7222,1735.1083199607826,2628.6886997491133,2628.6886997491133,2000.0,52573.773994982264,1.0,1.0,True,eligible,2.0,20.408661600000002,20.408661600000002,"[{""expiry"": ""2024-05-17"", ""option_type"": ""PE"", ""premium_points"": 406.0, ""qty"": -1, ""quantity_per_lot"": 1, ""raw_open"": 408.0, ""side"": ""SELL"", ""strike"": 72800.0}]",5.0,EVALUATED,73917.03,406.0,20.408661600000002,8099.5913384,True,,
development,2024-05-17,2024-05-14,Batman,high,0.11736407163029824,0.8968253968253969,72836.6,72139.11821308103,72585.59569689054,73358.55245771153,73810.37402926991,"{""c65"": 73400.0, ""c80"": 73800.0, ""p20"": 72100.0, ""p35"": 72600.0}",77.60000000000002,65.79526298739803,62.05130010585938,0.8124,1272.0138158429886,2077.3199793401322,2077.3199793401322,2000.0,41546.39958680265,1.0,6.0,True,eligible,2.0,74.87925763077313,62.55769055999999,"[{""expiry"": ""2024-05-17"", ""option_type"": ""PE"", ""premium_points"": 332.0, ""qty"": 1, ""quantity_per_lot"": 1, ""raw_open"": 330.0, ""side"": ""BUY"", ""strike"": 72600.0}, {""expiry"": ""2024-05-17"", ""option_type"": ""PE"", ""premium_points"": 191.4, ""qty"": -2, ""quantity_per_lot"": 2, ""raw_open"": 193.4, ""side"": ""SELL"", ""strike"": 72100.0}, {""expiry"": ""2024-05-17"", ""option_type"": ""CE"", ""premium_points"": 264.0, ""qty"": 1, ""quantity_per_lot"": 1, ""raw_open"": 262.0, ""side"": ""BUY"", ""strike"": 73400.0}, {""expiry"": ""2024-05-17"", ""option_type"": ""CE"", ""premium_points"": 145.4, ""qty"": -2, ""quantity_per_lot"": 2, ""raw_open"": 147.4, ""side"": ""SELL"", ""strike"": 73800.0}]",2.0,EVALUATED,73917.03,360.5700000000012,75.48344055999996,7135.916559440024,True,Batman_standalone,
development,2024-05-24,2024-05-21,Buy Put,medium,0.10359244412447306,0.623015873015873,73869.29,73159.84103690718,73652.89784049231,74420.9835883213,74907.55556822543,"{""atm"": 73900.0}",-481.25,-118.4322397595804,-119.51916108488089,0.27,482.33692132530047,482.33692132530047,482.33692132530047,2000.0,9646.73842650601,0.0,1.0,False,negative_net_ev,2.0,21.73842650601049,12.667982499999999,"[{""expiry"": ""2024-05-24"", ""option_type"": ""PE"", ""premium_points"": 481.25, ""qty"": 1, ""quantity_per_lot"": 1, ""raw_open"": 479.25, ""side"": ""BUY"", ""strike"": 73900.0}]",1.0,EVALUATED,75410.39,-481.25,12.667982499999999,-9637.6679825,True,,
development,2024-05-24,2024-05-21,Put Ratio Spread,medium,0.10359244412447306,0.623015873015873,73869.29,73159.84103690718,73652.89784049231,74420.9835883213,74907.55556822543,"{""atm"": 73900.0, ""p35"": 73700.0}",298.45000000000005,98.10832264695146,95.60477897565093,0.7874,1525.507889959571,2512.961039557506,2512.961039557506,2000.0,50259.22079115012,1.0,3.0,True,eligible,2.0,50.07087342601049,41.00042942,"[{""expiry"": ""2024-05-24"", ""option_type"": ""PE"", ""premium_points"": 481.25, ""qty"": 1, ""quantity_per_lot"": 1, ""raw_open"": 479.25, ""side"": ""BUY"", ""strike"": 73900.0}, {""expiry"": ""2024-05-24"", ""option_type"": ""PE"", ""premium_points"": 389.85, ""qty"": -2, ""quantity_per_lot"": 2, ""raw_open"": 391.85, ""side"": ""SELL"", ""strike"": 73700.0}]",4.0,EVALUATED,75410.39,298.45000000000005,41.00042942,5927.999570580001,True,,
development,2024-05-24,2024-05-21,Short Straddle,medium,0.10359244412447306,0.623015873015873,73869.29,73159.84103690718,73652.89784049231,74420.9835883213,74907.55556822543,"{""atm"": 73900.0}",1004.0,148.69558947846406,146.451168758464,0.6528,1679.446564499515,2593.85599340605,2593.85599340605,2000.0,51877.119868121,1.0,2.0,True,eligible,2.0,44.8884144,44.8884144,"[{""expiry"": ""2024-05-24"", ""option_type"": ""CE"", ""premium_points"": 526.75, ""qty"": -1, ""quantity_per_lot"": 1, ""raw_open"": 528.75, ""side"": ""SELL"", ""strike"": 73900.0}, {""expiry"": ""2024-05-24"", ""option_type"": ""PE"", ""premium_points"": 477.25, ""qty"": -1, ""quantity_per_lot"": 1, ""raw_open"": 479.25, ""side"": ""SELL"", ""strike"": 73900.0}]",4.0,EVALUATED,75410.39,-506.3899999999994,44.8884144,-10172.688414399989,True,,
development,2024-05-24,2024-05-21,Short Strangle,medium,0.10359244412447306,0.623015873015873,73869.29,73159.84103690718,73652.89784049231,74420.9835883213,74907.55556822543,"{""c65"": 74400.0, ""p35"": 73700.0}",702.8,158.6906970625819,156.7656025585819,0.681,1624.6018100575288,2563.1901777059397,2563.1901777059397,2000.0,51263.80355411879,1.0,2.0,True,eligible,2.0,38.50189008,38.50189008,"[{""expiry"": ""2024-05-24"", ""option_type"": ""PE"", ""premium_points"": 389.85, ""qty"": -1, ""quantity_per_lot"": 1, ""raw_open"": 391.85, ""side"": ""SELL"", ""strike"": 73700.0}, {""expiry"": ""2024-05-24"", ""option_type"": ""CE"", ""premium_points"": 312.95, ""qty"": -1, ""quantity_per_lot"": 1, ""raw_open"": 314.95, ""side"": ""SELL"", ""strike"": 74400.0}]",3.0,EVALUATED,75410.39,-307.58999999999946,38.50189008,-6190.301890079989,True,,
development,2024-05-24,2024-05-21,Strip,medium,0.10359244412447306,0.623015873015873,73869.29,73159.84103690718,73652.89784049231,74420.9835883213,74907.55556822543,"{""atm"": 73900.0}",-1493.25,-275.12782923804446,-277.9651432364968,0.2938,1447.9933098503382,1486.5316825605578,1486.5316825605578,2000.0,29730.633651211156,0.0,3.0,False,negative_net_ev,2.0,56.74627996904889,26.2932257,"[{""expiry"": ""2024-05-24"", ""option_type"": ""CE"", ""premium_points"": 530.75, ""qty"": 1, ""quantity_per_lot"": 1, ""raw_open"": 528.75, ""side"": ""BUY"", ""strike"": 73900.0}, {""expiry"": ""2024-05-24"", ""option_type"": ""PE"", ""premium_points"": 481.25, ""qty"": 2, ""quantity_per_lot"": 2, ""raw_open"": 479.25, ""side"": ""BUY"", ""strike"": 73900.0}]",3.0,EVALUATED,75410.39,17.139999999999418,64.05297569999999,278.74702429998837,True,,
development,2024-05-24,2024-05-21,Batman,medium,0.10359244412447306,0.623015873015873,73869.29,73159.84103690718,73652.89784049231,74420.9835883213,74907.55556822543,"{""c65"": 74400.0, ""c80"": 74900.0, ""p20"": 73200.0, ""p35"": 73700.0}",61.599999999999966,80.42194140726839,76.49882180259665,0.8196,1267.7998351582005,2206.388202806612,2206.388202806612,2000.0,44127.76405613223,0.0,6.0,False,no_risk_sized_lot,2.0,78.46239209343544,64.85965952,"[{""expiry"": ""2024-05-24"", ""option_type"": ""PE"", ""premium_points"": 393.85, ""qty"": 1, ""quantity_per_lot"": 1, ""raw_open"": 391.85, ""side"": ""BUY"", ""strike"": 73700.0}, {""expiry"": ""2024-05-24"", ""option_type"": ""PE"", ""premium_points"": 215.95, ""qty"": -2, ""quantity_per_lot"": 2, ""raw_open"": 217.95, ""side"": ""SELL"", ""strike"": 73200.0}, {""expiry"": ""2024-05-24"", ""option_type"": ""CE"", ""premium_points"": 316.95, ""qty"": 1, ""quantity_per_lot"": 1, ""raw_open"": 314.95, ""side"": ""BUY"", ""strike"": 74400.0}, {""expiry"": ""2024-05-24"", ""option_type"": ""CE"", ""premium_points"": 170.25, ""qty"": -2, ""quantity_per_lot"": 2, ""raw_open"": 172.25, ""side"": ""SELL"", ""strike"": 74900.0}]",0.0,STANDALONE_EVALUATED,75410.39,51.21000000000055,90.11940951999998,934.080590480011,True,Batman_standalone,
development,2024-05-31,2024-05-28,Batman,high,0.108564849322581,0.6944444444444444,75532.92,74796.17097960567,75290.45902258843,76086.75889948699,76552.39211823586,"{""c65"": 76100.0, ""c80"": 76600.0, ""p20"": 74800.0, ""p35"": 75300.0}",44.30000000000001,61.93927345032113,58.16916059431462,0.8218,1261.6398968456558,2058.944062604027,2058.944062604027,2000.0,41178.88125208054,1.0,6.0,True,eligible,2.0,75.40225712013027,62.41528708,"[{""expiry"": ""2024-05-31"", ""option_type"": ""PE"", ""premium_points"": 343.6, ""qty"": 1, ""quantity_per_lot"": 1, ""raw_open"": 341.6, ""side"": ""BUY"", ""strike"": 75300.0}, {""expiry"": ""2024-05-31"", ""option_type"": ""PE"", ""premium_points"": 190.15, ""qty"": -2, ""quantity_per_lot"": 2, ""raw_open"": 192.15, ""side"": ""SELL"", ""strike"": 74800.0}, {""expiry"": ""2024-05-31"", ""option_type"": ""CE"", ""premium_points"": 276.9, ""qty"": 1, ""quantity_per_lot"": 1, ""raw_open"": 274.9, ""side"": ""BUY"", ""strike"": 76100.0}, {""expiry"": ""2024-05-31"", ""option_type"": ""CE"", ""premium_points"": 142.25, ""qty"": -2, ""quantity_per_lot"": 2, ""raw_open"": 144.25, ""side"": ""SELL"", ""strike"": 76600.0}]",2.0,EVALUATED,73961.31,-294.3900000000023,95.88253708000005,-5983.682537080047,True,,
development,2024-05-31,2024-05-28,Long Synthetic Future,high,0.108564849322581,0.6944444444444444,75532.92,74796.17097960567,75290.45902258843,76086.75889948699,76552.39211823586,"{""atm"": 75500.0}",-121.85000000000002,45.347122516443385,43.023449651734694,0.5274,2371.762710596562,3286.9243860417373,3286.9243860417373,2000.0,65738.48772083475,1.0,2.0,True,eligible,2.0,46.473457294173606,33.45633438,"[{""expiry"": ""2024-05-31"", ""option_type"": ""CE"", ""premium_points"": 540.7, ""qty"": 1, ""quantity_per_lot"": 1, ""raw_open"": 538.7, ""side"": ""BUY"", ""strike"": 75500.0}, {""expiry"": ""2024-05-31"", ""option_type"": ""PE"", ""premium_points"": 418.85, ""qty"": -1, ""quantity_per_lot"": 1, ""raw_open"": 420.85, ""side"": ""SELL"", ""strike"": 75500.0}]",3.0,EVALUATED,73961.31,-1660.5400000000022,33.45633438,-33244.25633438004,True,,
development,2024-05-31,2024-05-28,Risk Reversal,high,0.108564849322581,0.6944444444444444,75532.92,74796.17097960567,75290.45902258843,76086.75889948699,76552.39211823586,"{""c65"": 76100.0, ""p35"": 75300.0}",62.700000000000045,31.087406904349635,29.217482554031164,0.667,1986.7589620821714,2901.920637527346,2901.920637527346,2000.0,58038.41275054692,1.0,2.0,True,eligible,2.0,37.39848700636949,31.30015939999999,"[{""expiry"": ""2024-05-31"", ""option_type"": ""CE"", ""premium_points"": 276.9, ""qty"": 1, ""quantity_per_lot"": 1, ""raw_open"": 274.9, ""side"": ""BUY"", ""strike"": 76100.0}, {""expiry"": ""2024-05-31"", ""option_type"": ""PE"", ""premium_points"": 339.6, ""qty"": -1, ""quantity_per_lot"": 1, ""raw_open"": 341.6, ""side"": ""SELL"", ""strike"": 75300.0}]",5.0,EVALUATED,73961.31,-1275.9900000000023,31.30015939999999,-25551.100159400048,True,,
development,2024-05-31,2024-05-28,Sell Put,high,0.108564849322581,0.6944444444444444,75532.92,74796.17097960567,75290.45902258843,76086.75889948699,76552.39211823586,"{""atm"": 75500.0}",418.85,65.36220594949918,64.3281495564992,0.7154,1829.7730941248533,2744.9347695700276,2744.9347695700276,2000.0,54898.69539140055,1.0,1.0,True,eligible,2.0,20.68112786,20.68112786,"[{""expiry"": ""2024-05-31"", ""option_type"": ""PE"", ""premium_points"": 418.85, ""qty"": -1, ""quantity_per_lot"": 1, ""raw_open"": 420.85, ""side"": ""SELL"", ""strike"": 75500.0}]",5.0,EVALUATED,73961.31,-1119.8400000000024,20.68112786,-22417.481127860046,True,,
development,2024-05-31,2024-05-28,Batman,high,0.108564849322581,0.6944444444444444,75532.92,74796.17097960567,75290.45902258843,76086.75889948699,76552.39211823586,"{""c65"": 76100.0, ""c80"": 76600.0, ""p20"": 74800.0, ""p35"": 75300.0}",44.30000000000001,61.93927345032113,58.16916059431462,0.8218,1261.6398968456558,2058.944062604027,2058.944062604027,2000.0,41178.88125208054,1.0,6.0,True,eligible,2.0,75.40225712013027,62.41528708,"[{""expiry"": ""2024-05-31"", ""option_type"": ""PE"", ""premium_points"": 343.6, ""qty"": 1, ""quantity_per_lot"": 1, ""raw_open"": 341.6, ""side"": ""BUY"", ""strike"": 75300.0}, {""expiry"": ""2024-05-31"", ""option_type"": ""PE"", ""premium_points"": 190.15, ""qty"": -2, ""quantity_per_lot"": 2, ""raw_open"": 192.15, ""side"": ""SELL"", ""strike"": 74800.0}, {""expiry"": ""2024-05-31"", ""option_type"": ""CE"", ""premium_points"": 276.9, ""qty"": 1, ""quantity_per_lot"": 1, ""raw_open"": 274.9, ""side"": ""BUY"", ""strike"": 76100.0}, {""expiry"": ""2024-05-31"", ""option_type"": ""CE"", ""premium_points"": 142.25, ""qty"": -2, ""quantity_per_lot"": 2, ""raw_open"": 144.25, ""side"": ""SELL"", ""strike"": 76600.0}]",2.0,EVALUATED,73961.31,-294.3900000000023,95.88253708000005,-5983.682537080047,True,Batman_standalone,
development,2024-06-07,2024-06-04,Batman,high,0.15694227323253937,0.9880952380952381,73913.65,73169.13603074758,73646.41764823928,74414.28160002851,74869.21071707447,"{""c65"": 74400.0, ""c80"": 74900.0, ""p20"": 73200.0, ""p35"": 73600.0}",1981.25,1960.5213327839308,1952.551317911534,0.9944,0.0,263.8584153631993,263.8584153631993,2000.0,5277.168307263986,1.0,6.0,True,eligible,2.0,159.40029744794097,146.8254131,"[{""expiry"": ""2024-06-07"", ""option_type"": ""PE"", ""premium_points"": 1202.0, ""qty"": 1, ""quantity_per_lot"": 1, ""raw_open"": 1200.0, ""side"": ""BUY"", ""strike"": 73600.0}, {""expiry"": ""2024-06-07"", ""option_type"": ""PE"", ""premium_points"": 1180.85, ""qty"": -2, ""quantity_per_lot"": 2, ""raw_open"": 1182.85, ""side"": ""SELL"", ""strike"": 73200.0}, {""expiry"": ""2024-06-07"", ""option_type"": ""CE"", ""premium_points"": 1302.25, ""qty"": 1, ""quantity_per_lot"": 1, ""raw_open"": 1300.25, ""side"": ""BUY"", ""strike"": 74400.0}, {""expiry"": ""2024-06-07"", ""option_type"": ""CE"", ""premium_points"": 1061.9, ""qty"": -2, ""quantity_per_lot"": 2, ""raw_open"": 1063.9, ""side"": ""SELL"", ""strike"": 74900.0}]",2.0,EVALUATED,76693.36,687.8899999999994,204.1594131,13553.640586899988,True,,
development,2024-06-07,2024-06-04,Long Synthetic Future,high,0.15694227323253937,0.9880952380952381,73913.65,73169.13603074758,73646.41764823928,74414.28160002851,74869.21071707447,"{""atm"": 73900.0}",-414.25,-296.27130404127024,-299.6207191720507,0.3906,2689.746650127327,3622.796119790057,3622.796119790057,2000.0,72455.92239580114,0.0,2.0,False,negative_net_ev,2.0,66.98830261561093,54.93406334000001,"[{""expiry"": ""2024-06-07"", ""option_type"": ""CE"", ""premium_points"": 1743.7, ""qty"": 1, ""quantity_per_lot"": 1, ""raw_open"": 1741.7, ""side"": ""BUY"", ""strike"": 73900.0}, {""expiry"": ""2024-06-07"", ""option_type"": ""PE"", ""premium_points"": 1329.45, ""qty"": -1, ""quantity_per_lot"": 1, ""raw_open"": 1331.45, ""side"": ""SELL"", ""strike"": 73900.0}]",3.0,EVALUATED,76693.36,2379.1100000000006,124.76806334000003,47457.43193666001,True,,
development,2024-06-07,2024-06-04,Risk Reversal,high,0.15694227323253937,0.9880952380952381,73913.65,73169.13603074758,73646.41764823928,74414.28160002851,74869.21071707447,"{""c65"": 74400.0, ""p35"": 73600.0}",-104.25,-95.9010001836885,-98.78812296227225,0.318,2079.28435777513,3012.3338274378602,3012.3338274378602,2000.0,60246.676548757205,0.0,2.0,False,negative_net_ev,2.0,57.74245557167439,51.350650900000005,"[{""expiry"": ""2024-06-07"", ""option_type"": ""CE"", ""premium_points"": 1302.25, ""qty"": 1, ""quantity_per_lot"": 1, ""raw_open"": 1300.25, ""side"": ""BUY"", ""strike"": 74400.0}, {""expiry"": ""2024-06-07"", ""option_type"": ""PE"", ""premium_points"": 1198.0, ""qty"": -1, ""quantity_per_lot"": 1, ""raw_open"": 1200.0, ""side"": ""SELL"", ""strike"": 73600.0}]",5.0,EVALUATED,76693.36,2189.1100000000006,108.68465090000002,43673.51534910001,True,,
development,2024-06-07,2024-06-04,Sell Put,high,0.15694227323253937,0.9880952380952381,73913.65,73169.13603074758,73646.41764823928,74414.28160002851,74869.21071707447,"{""atm"": 73900.0}",1329.45,965.2591249342929,963.259668633293,0.9144,944.6966912975461,1877.7461609602767,1877.7461609602767,2000.0,37554.923219205535,1.0,1.0,True,eligible,2.0,39.98912602,39.98912602,"[{""expiry"": ""2024-06-07"", ""option_type"": ""PE"", ""premium_points"": 1329.45, ""qty"": -1, ""quantity_per_lot"": 1, ""raw_open"": 1331.45, ""side"": ""SELL"", ""strike"": 73900.0}]",5.0,EVALUATED,76693.36,1329.45,39.98912602,26549.01087398,True,,
development,2024-06-07,2024-06-04,Batman,high,0.15694227323253937,0.9880952380952381,73913.65,73169.13603074758,73646.41764823928,74414.28160002851,74869.21071707447,"{""c65"": 74400.0, ""c80"": 74900.0, ""p20"": 73200.0, ""p35"": 73600.0}",1981.25,1960.5213327839308,1952.551317911534,0.9944,0.0,263.8584153631993,263.8584153631993,2000.0,5277.168307263986,1.0,6.0,True,eligible,2.0,159.40029744794097,146.8254131,"[{""expiry"": ""2024-06-07"", ""option_type"": ""PE"", ""premium_points"": 1202.0, ""qty"": 1, ""quantity_per_lot"": 1, ""raw_open"": 1200.0, ""side"": ""BUY"", ""strike"": 73600.0}, {""expiry"": ""2024-06-07"", ""option_type"": ""PE"", ""premium_points"": 1180.85, ""qty"": -2, ""quantity_per_lot"": 2, ""raw_open"": 1182.85, ""side"": ""SELL"", ""strike"": 73200.0}, {""expiry"": ""2024-06-07"", ""option_type"": ""CE"", ""premium_points"": 1302.25, ""qty"": 1, ""quantity_per_lot"": 1, ""raw_open"": 1300.25, ""side"": ""BUY"", ""strike"": 74400.0}, {""expiry"": ""2024-06-07"", ""option_type"": ""CE"", ""premium_points"": 1061.9, ""qty"": -2, ""quantity_per_lot"": 2, ""raw_open"": 1063.9, ""side"": ""SELL"", ""strike"": 74900.0}]",2.0,EVALUATED,76693.36,687.8899999999994,204.1594131,13553.640586899988,True,Batman_standalone,
development,2024-06-14,2024-06-11,Batman,high,0.2951793345379927,1.0,76555.38,75789.75347426819,76304.19094717657,77134.45854111668,77635.60852091876,"{""c65"": 77100.0, ""c80"": 77600.0, ""p20"": 75800.0, ""p35"": 76300.0}",159.29999999999995,132.7534275243944,128.53708229721664,0.8244,1585.647388411209,2856.0437037792794,2856.0437037792794,2000.0,57120.87407558559,1.0,6.0,True,eligible,2.0,84.32690454355524,69.74963324000001,"[{""expiry"": ""2024-06-14"", ""option_type"": ""PE"", ""premium_points"": 464.7, ""qty"": 1, ""quantity_per_lot"": 1, ""raw_open"": 462.7, ""side"": ""BUY"", ""strike"": 76300.0}, {""expiry"": ""2024-06-14"", ""option_type"": ""PE"", ""premium_points"": 276.9, ""qty"": -2, ""quantity_per_lot"": 2, ""raw_open"": 278.9, ""side"": ""SELL"", ""strike"": 75800.0}, {""expiry"": ""2024-06-14"", ""option_type"": ""CE"", ""premium_points"": 368.6, ""qty"": 1, ""quantity_per_lot"": 1, ""raw_open"": 366.6, ""side"": ""BUY"", ""strike"": 77100.0}, {""expiry"": ""2024-06-14"", ""option_type"": ""CE"", ""premium_points"": 219.4, ""qty"": -2, ""quantity_per_lot"": 2, ""raw_open"": 221.4, ""side"": ""SELL"", ""strike"": 77600.0}]",2.0,EVALUATED,76992.77,159.29999999999995,69.74963324000001,3116.250366759999,True,,
development,2024-06-14,2024-06-11,Long Synthetic Future,high,0.2951793345379927,1.0,76555.38,75789.75347426819,76304.19094717657,77134.45854111668,77635.60852091876,"{""atm"": 76600.0}",36.44999999999993,130.7883823262366,128.27805775327255,0.5624,2690.880863423005,4158.597946727401,4158.597946727401,2000.0,83171.95893454802,1.0,2.0,True,eligible,2.0,50.206491459281196,37.39724714,"[{""expiry"": ""2024-06-14"", ""option_type"": ""CE"", ""premium_points"": 566.1, ""qty"": 1, ""quantity_per_lot"": 1, ""raw_open"": 564.1, ""side"": ""BUY"", ""strike"": 76600.0}, {""expiry"": ""2024-06-14"", ""option_type"": ""PE"", ""premium_points"": 602.55, ""qty"": -1, ""quantity_per_lot"": 1, ""raw_open"": 604.55, ""side"": ""SELL"", ""strike"": 76600.0}]",3.0,EVALUATED,76992.77,429.220000000004,47.2164971400001,8537.18350286008,True,,
development,2024-06-14,2024-06-11,Risk Reversal,high,0.2951793345379927,1.0,76555.38,75789.75347426819,76304.19094717657,77134.45854111668,77635.60852091876,"{""c65"": 77100.0, ""p35"": 76300.0}",92.09999999999997,78.45035604502175,76.39279001590472,0.6806,2334.7781048791567,3802.495188183553,3802.495188183553,2000.0,76049.90376367106,1.0,2.0,True,eligible,2.0,41.15132058234039,34.03330548,"[{""expiry"": ""2024-06-14"", ""option_type"": ""CE"", ""premium_points"": 368.6, ""qty"": 1, ""quantity_per_lot"": 1, ""raw_open"": 366.6, ""side"": ""BUY"", ""strike"": 77100.0}, {""expiry"": ""2024-06-14"", ""option_type"": ""PE"", ""premium_points"": 460.7, ""qty"": -1, ""quantity_per_lot"": 1, ""raw_open"": 462.7, ""side"": ""SELL"", ""strike"": 76300.0}]",5.0,EVALUATED,76992.77,92.09999999999997,34.03330548,1807.9666945199992,True,,
development,2024-06-14,2024-06-11,Sell Put,high,0.2951793345379927,1.0,76555.38,75789.75347426819,76304.19094717657,77134.45854111668,77635.60852091876,"{""atm"": 76600.0}",602.55,184.51860955498884,183.28979809598883,0.7444,2123.4993503090404,3591.2164336134365,3591.2164336134365,2000.0,71824.32867226873,1.0,1.0,True,eligible,2.0,24.576229180000002,24.576229180000002,"[{""expiry"": ""2024-06-14"", ""option_type"": ""PE"", ""premium_points"": 602.55, ""qty"": -1, ""quantity_per_lot"": 1, ""raw_open"": 604.55, ""side"": ""SELL"", ""strike"": 76600.0}]",5.0,EVALUATED,76992.77,602.55,24.576229180000002,12026.42377082,True,,
development,2024-06-14,2024-06-11,Batman,high,0.2951793345379927,1.0,76555.38,75789.75347426819,76304.19094717657,77134.45854111668,77635.60852091876,"{""c65"": 77100.0, ""c80"": 77600.0, ""p20"": 75800.0, ""p35"": 76300.0}",159.29999999999995,132.7534275243944,128.53708229721664,0.8244,1585.647388411209,2856.0437037792794,2856.0437037792794,2000.0,57120.87407558559,1.0,6.0,True,eligible,2.0,84.32690454355524,69.74963324000001,"[{""expiry"": ""2024-06-14"", ""option_type"": ""PE"", ""premium_points"": 464.7, ""qty"": 1, ""quantity_per_lot"": 1, ""raw_open"": 462.7, ""side"": ""BUY"", ""strike"": 76300.0}, {""expiry"": ""2024-06-14"", ""option_type"": ""PE"", ""premium_points"": 276.9, ""qty"": -2, ""quantity_per_lot"": 2, ""raw_open"": 278.9, ""side"": ""SELL"", ""strike"": 75800.0}, {""expiry"": ""2024-06-14"", ""option_type"": ""CE"", ""premium_points"": 368.6, ""qty"": 1, ""quantity_per_lot"": 1, ""raw_open"": 366.6, ""side"": ""BUY"", ""strike"": 77100.0}, {""expiry"": ""2024-06-14"", ""option_type"": ""CE"", ""premium_points"": 219.4, ""qty"": -2, ""quantity_per_lot"": 2, ""raw_open"": 221.4, ""side"": ""SELL"", ""strike"": 77600.0}]",2.0,EVALUATED,76992.77,159.29999999999995,69.74963324000001,3116.250366759999,True,Batman_standalone,
development,2024-06-21,2024-06-18,Batman,high,0.29377548503318485,0.9801587301587301,77134.89,76368.0148770384,76873.27062353637,77681.05737177728,78180.33717069143,"{""c65"": 77700.0, ""c80"": 78200.0, ""p20"": 76400.0, ""p35"": 76900.0}",-19.149999999999977,-36.401231258789856,-40.01173244567147,0.4792,1685.8125900259652,2856.0588915295575,2856.0588915295575,2000.0,57121.17783059115,0.0,6.0,False,negative_net_ev,2.0,72.21002373763228,58.185966140000005,"[{""expiry"": ""2024-06-21"", ""option_type"": ""PE"", ""premium_points"": 305.45, ""qty"": 1, ""quantity_per_lot"": 1, ""raw_open"": 303.45, ""side"": ""BUY"", ""strike"": 76900.0}, {""expiry"": ""2024-06-21"", ""option_type"": ""PE"", ""premium_points"": 153.6, ""qty"": -2, ""quantity_per_lot"": 2, ""raw_open"": 155.6, ""side"": ""SELL"", ""strike"": 76400.0}, {""expiry"": ""2024-06-21"", ""option_type"": ""CE"", ""premium_points"": 189.7, ""qty"": 1, ""quantity_per_lot"": 1, ""raw_open"": 187.7, ""side"": ""BUY"", ""strike"": 77700.0}, {""expiry"": ""2024-06-21"", ""option_type"": ""CE"", ""premium_points"": 84.4, ""qty"": -2, ""quantity_per_lot"": 2, ""raw_open"": 86.4, ""side"": ""SELL"", ""strike"": 78200.0}]",2.0,EVALUATED,77209.9,-19.149999999999977,58.185966140000005,-441.18596613999955,True,,
development,2024-06-21,2024-06-18,Long Synthetic Future,high,0.29377548503318485,0.9801587301587301,77134.89,76368.0148770384,76873.27062353637,77681.05737177728,78180.33717069143,"{""atm"": 77100.0}",-37.05000000000001,116.2586320357529,113.95695891079838,0.5506,2607.4913269364165,4013.0878961165376,4013.0878961165376,2000.0,80261.75792233075,1.0,2.0,True,eligible,2.0,46.033462499090724,32.72015658,"[{""expiry"": ""2024-06-21"", ""option_type"": ""CE"", ""premium_points"": 430.55, ""qty"": 1, ""quantity_per_lot"": 1, ""raw_open"": 428.55, ""side"": ""BUY"", ""strike"": 77100.0}, {""expiry"": ""2024-06-21"", ""option_type"": ""PE"", ""premium_points"": 393.5, ""qty"": -1, ""quantity_per_lot"": 1, ""raw_open"": 395.5, ""side"": ""SELL"", ""strike"": 77100.0}]",3.0,EVALUATED,77209.9,72.84999999999417,35.467656579999854,1421.5323434198835,True,,
development,2024-06-21,2024-06-18,Risk Reversal,high,0.29377548503318485,0.9801587301587301,77134.89,76368.0148770384,76873.27062353637,77681.05737177728,78180.33717069143,"{""c65"": 77700.0, ""p35"": 76900.0}",111.75,74.53346695972932,72.68942744593869,0.679,2258.233693325253,3663.830262505374,3663.830262505374,2000.0,73276.60525010747,1.0,2.0,True,eligible,2.0,36.88079027581276,30.333968140000003,"[{""expiry"": ""2024-06-21"", ""option_type"": ""CE"", ""premium_points"": 189.7, ""qty"": 1, ""quantity_per_lot"": 1, ""raw_open"": 187.7, ""side"": ""BUY"", ""strike"": 77700.0}, {""expiry"": ""2024-06-21"", ""option_type"": ""PE"", ""premium_points"": 301.45, ""qty"": -1, ""quantity_per_lot"": 1, ""raw_open"": 303.45, ""side"": ""SELL"", ""strike"": 76900.0}]",5.0,EVALUATED,77209.9,111.75,30.333968140000003,2204.66603186,True,,
development,2024-06-21,2024-06-18,Sell Put,high,0.29377548503318485,0.9801587301587301,77134.89,76368.0148770384,76873.27062353637,77681.05737177728,78180.33717069143,"{""atm"": 77100.0}",393.5,14.276395272123953,13.269214442123987,0.704,2175.6468346414613,3581.2434038215824,3581.2434038215824,2000.0,71624.86807643165,1.0,1.0,True,eligible,2.0,20.1436166,20.1436166,"[{""expiry"": ""2024-06-21"", ""option_type"": ""PE"", ""premium_points"": 393.5, ""qty"": -1, ""quantity_per_lot"": 1, ""raw_open"": 395.5, ""side"": ""SELL"", ""strike"": 77100.0}]",5.0,EVALUATED,77209.9,393.5,20.1436166,7849.8563834,True,,
development,2024-06-21,2024-06-18,Batman,high,0.29377548503318485,0.9801587301587301,77134.89,76368.0148770384,76873.27062353637,77681.05737177728,78180.33717069143,"{""c65"": 77700.0, ""c80"": 78200.0, ""p20"": 76400.0, ""p35"": 76900.0}",-19.149999999999977,-36.401231258789856,-40.01173244567147,0.4792,1685.8125900259652,2856.0588915295575,2856.0588915295575,2000.0,57121.17783059115,0.0,6.0,False,negative_net_ev,2.0,72.21002373763228,58.185966140000005,"[{""expiry"": ""2024-06-21"", ""option_type"": ""PE"", ""premium_points"": 305.45, ""qty"": 1, ""quantity_per_lot"": 1, ""raw_open"": 303.45, ""side"": ""BUY"", ""strike"": 76900.0}, {""expiry"": ""2024-06-21"", ""option_type"": ""PE"", ""premium_points"": 153.6, ""qty"": -2, ""quantity_per_lot"": 2, ""raw_open"": 155.6, ""side"": ""SELL"", ""strike"": 76400.0}, {""expiry"": ""2024-06-21"", ""option_type"": ""CE"", ""premium_points"": 189.7, ""qty"": 1, ""quantity_per_lot"": 1, ""raw_open"": 187.7, ""side"": ""BUY"", ""strike"": 77700.0}, {""expiry"": ""2024-06-21"", ""option_type"": ""CE"", ""premium_points"": 84.4, ""qty"": -2, ""quantity_per_lot"": 2, ""raw_open"": 86.4, ""side"": ""SELL"", ""strike"": 78200.0}]",2.0,EVALUATED,77209.9,-19.149999999999977,58.185966140000005,-441.18596613999955,True,Batman_standalone,
development,2024-06-28,2024-06-25,Batman,high,0.28956205814879804,0.9563492063492064,77505.0,76697.77169365057,77237.7474203603,78088.78920823903,78594.54846597304,"{""c65"": 78100.0, ""c80"": 78600.0, ""p20"": 76700.0, ""p35"": 77200.0}",3.4499999999999886,-19.382901076181753,-23.026170500084547,0.4746,1662.7853315406078,3016.618449341884,3016.618449341884,2000.0,60332.36898683768,0.0,6.0,False,negative_net_ev,2.0,72.86538847805572,58.90214166,"[{""expiry"": ""2024-06-28"", ""option_type"": ""PE"", ""premium_points"": 322.8, ""qty"": 1, ""quantity_per_lot"": 1, ""raw_open"": 320.8, ""side"": ""BUY"", ""strike"": 77200.0}, {""expiry"": ""2024-06-28"", ""option_type"": ""PE"", ""premium_points"": 177.65, ""qty"": -2, ""quantity_per_lot"": 2, ""raw_open"": 179.65, ""side"": ""SELL"", ""strike"": 76700.0}, {""expiry"": ""2024-06-28"", ""option_type"": ""CE"", ""premium_points"": 182.65, ""qty"": 1, ""quantity_per_lot"": 1, ""raw_open"": 180.65, ""side"": ""BUY"", ""strike"": 78100.0}, {""expiry"": ""2024-06-28"", ""option_type"": ""CE"", ""premium_points"": 76.8, ""qty"": -2, ""quantity_per_lot"": 2, ""raw_open"": 78.8, ""side"": ""SELL"", ""strike"": 78600.0}]",2.0,EVALUATED,79032.73,70.72000000000406,82.2203916599999,1332.1796083400814,True,,
development,2024-06-28,2024-06-25,Long Synthetic Future,high,0.28956205814879804,0.9563492063492064,77505.0,76697.77169365057,77237.7474203603,78088.78920823903,78594.54846597304,"{""atm"": 77500.0}",25.350000000000023,167.66907342840216,165.3028439354864,0.5744,2590.4748891151335,4156.809274196436,4156.809274196436,2000.0,83136.18548392871,1.0,2.0,True,eligible,2.0,47.324589858314475,33.72576186,"[{""expiry"": ""2024-06-28"", ""option_type"": ""CE"", ""premium_points"": 416.75, ""qty"": 1, ""quantity_per_lot"": 1, ""raw_open"": 414.75, ""side"": ""BUY"", ""strike"": 77500.0}, {""expiry"": ""2024-06-28"", ""option_type"": ""PE"", ""premium_points"": 442.1, ""qty"": -1, ""quantity_per_lot"": 1, ""raw_open"": 444.1, ""side"": ""SELL"", ""strike"": 77500.0}]",3.0,EVALUATED,79032.73,1558.0799999999958,72.0440118599999,31089.55598813992,True,,
development,2024-06-28,2024-06-25,Risk Reversal,high,0.28956205814879804,0.9563492063492064,77505.0,76697.77169365057,77237.7474203603,78088.78920823903,78594.54846597304,"{""c65"": 78100.0, ""p35"": 77200.0}",136.15,122.05041096384747,120.17568527554364,0.6996,2179.1833853105218,3745.5177703918243,3745.5177703918243,2000.0,74910.35540783648,1.0,2.0,True,eligible,2.0,37.494513766075954,30.68913522,"[{""expiry"": ""2024-06-28"", ""option_type"": ""CE"", ""premium_points"": 182.65, ""qty"": 1, ""quantity_per_lot"": 1, ""raw_open"": 180.65, ""side"": ""BUY"", ""strike"": 78100.0}, {""expiry"": ""2024-06-28"", ""option_type"": ""PE"", ""premium_points"": 318.8, ""qty"": -1, ""quantity_per_lot"": 1, ""raw_open"": 320.8, ""side"": ""SELL"", ""strike"": 77200.0}]",5.0,EVALUATED,79032.73,1068.879999999996,54.007385219999904,21323.59261477992,True,,
development,2024-06-28,2024-06-25,Sell Put,high,0.28956205814879804,0.9563492063492064,77505.0,76697.77169365057,77237.7474203603,78088.78920823903,78594.54846597304,"{""atm"": 77500.0}",442.1,40.46595349582314,39.40724791782318,0.702,2172.4173652002173,3738.75175028152,3738.75175028152,2000.0,74775.0350056304,1.0,1.0,True,eligible,2.0,21.17411156,21.17411156,"[{""expiry"": ""2024-06-28"", ""option_type"": ""PE"", ""premium_points"": 442.1, ""qty"": -1, ""quantity_per_lot"": 1, ""raw_open"": 444.1, ""side"": ""SELL"", ""strike"": 77500.0}]",5.0,EVALUATED,79032.73,442.1,21.17411156,8820.82588844,True,,
development,2024-06-28,2024-06-25,Batman,high,0.28956205814879804,0.9563492063492064,77505.0,76697.77169365057,77237.7474203603,78088.78920823903,78594.54846597304,"{""c65"": 78100.0, ""c80"": 78600.0, ""p20"": 76700.0, ""p35"": 77200.0}",3.4499999999999886,-19.382901076181753,-23.026170500084547,0.4746,1662.7853315406078,3016.618449341884,3016.618449341884,2000.0,60332.36898683768,0.0,6.0,False,negative_net_ev,2.0,72.86538847805572,58.90214166,"[{""expiry"": ""2024-06-28"", ""option_type"": ""PE"", ""premium_points"": 322.8, ""qty"": 1, ""quantity_per_lot"": 1, ""raw_open"": 320.8, ""side"": ""BUY"", ""strike"": 77200.0}, {""expiry"": ""2024-06-28"", ""option_type"": ""PE"", ""premium_points"": 177.65, ""qty"": -2, ""quantity_per_lot"": 2, ""raw_open"": 179.65, ""side"": ""SELL"", ""strike"": 76700.0}, {""expiry"": ""2024-06-28"", ""option_type"": ""CE"", ""premium_points"": 182.65, ""qty"": 1, ""quantity_per_lot"": 1, ""raw_open"": 180.65, ""side"": ""BUY"", ""strike"": 78100.0}, {""expiry"": ""2024-06-28"", ""option_type"": ""CE"", ""premium_points"": 76.8, ""qty"": -2, ""quantity_per_lot"": 2, ""raw_open"": 78.8, ""side"": ""SELL"", ""strike"": 78600.0}]",2.0,EVALUATED,79032.73,70.72000000000406,82.2203916599999,1332.1796083400814,True,Batman_standalone,
development,2024-07-05,2024-07-02,Batman,high,0.2861531852127274,0.9325396825396826,79503.66,78708.14604008052,79226.70455602427,80089.42304650547,80593.81805408695,"{""c65"": 80100.0, ""c80"": 80600.0, ""p20"": 78700.0, ""p35"": 79200.0}",33.0,7.061286091219838,3.2897355966113055,0.8004,1703.4755610104166,2972.1902259658236,2972.1902259658236,2000.0,59443.80451931647,1.0,6.0,True,eligible,2.0,75.43100989217042,61.317517839999994,"[{""expiry"": ""2024-07-05"", ""option_type"": ""PE"", ""premium_points"": 352.0, ""qty"": 1, ""quantity_per_lot"": 1, ""raw_open"": 350.0, ""side"": ""BUY"", ""strike"": 79200.0}, {""expiry"": ""2024-07-05"", ""option_type"": ""PE"", ""premium_points"": 195.5, ""qty"": -2, ""quantity_per_lot"": 2, ""raw_open"": 197.5, ""side"": ""SELL"", ""strike"": 78700.0}, {""expiry"": ""2024-07-05"", ""option_type"": ""CE"", ""premium_points"": 231.2, ""qty"": 1, ""quantity_per_lot"": 1, ""raw_open"": 229.2, ""side"": ""BUY"", ""strike"": 80100.0}, {""expiry"": ""2024-07-05"", ""option_type"": ""CE"", ""premium_points"": 112.6, ""qty"": -2, ""quantity_per_lot"": 2, ""raw_open"": 114.6, ""side"": ""SELL"", ""strike"": 80600.0}]",2.0,EVALUATED,79996.6,33.0,61.317517839999994,598.6824821600001,True,,
development,2024-07-05,2024-07-02,Long Synthetic Future,high,0.2861531852127274,0.9325396825396826,79503.66,78708.14604008052,79226.70455602427,80089.42304650547,80593.81805408695,"{""atm"": 79500.0}",1.8000000000000114,139.9374440369977,137.52596897885138,0.5546,2668.01876197073,4182.871195449538,4182.871195449538,2000.0,83657.42390899076,1.0,2.0,True,eligible,2.0,48.229501162925516,34.57118792000001,"[{""expiry"": ""2024-07-05"", ""option_type"": ""CE"", ""premium_points"": 475.2, ""qty"": 1, ""quantity_per_lot"": 1, ""raw_open"": 473.2, ""side"": ""BUY"", ""strike"": 79500.0}, {""expiry"": ""2024-07-05"", ""option_type"": ""PE"", ""premium_points"": 477.0, ""qty"": -1, ""quantity_per_lot"": 1, ""raw_open"": 479.0, ""side"": ""SELL"", ""strike"": 79500.0}]",3.0,EVALUATED,79996.6,498.40000000000583,46.98618792000015,9921.013812080117,True,,
development,2024-07-05,2024-07-02,Risk Reversal,high,0.2861531852127274,0.9325396825396826,79503.66,78708.14604008052,79226.70455602427,80089.42304650547,80593.81805408695,"{""c65"": 80100.0, ""p35"": 79200.0}",116.80000000000001,99.06313522222412,97.15159120540595,0.6938,2252.5188309294012,3767.3712644082098,3767.3712644082098,2000.0,75347.4252881642,1.0,2.0,True,eligible,2.0,38.230880336363015,31.39584512,"[{""expiry"": ""2024-07-05"", ""option_type"": ""CE"", ""premium_points"": 231.2, ""qty"": 1, ""quantity_per_lot"": 1, ""raw_open"": 229.2, ""side"": ""BUY"", ""strike"": 80100.0}, {""expiry"": ""2024-07-05"", ""option_type"": ""PE"", ""premium_points"": 348.0, ""qty"": -1, ""quantity_per_lot"": 1, ""raw_open"": 350.0, ""side"": ""SELL"", ""strike"": 79200.0}]",5.0,EVALUATED,79996.6,116.80000000000001,31.39584512,2304.60415488,True,,
development,2024-07-05,2024-07-02,Sell Put,high,0.2861531852127274,0.9325396825396826,79503.66,78708.14604008052,79226.70455602427,80089.42304650547,80593.81805408695,"{""atm"": 79500.0}",477.0,68.80491431997721,67.7092084599772,0.7112,2191.5029927725827,3706.355426251392,3706.355426251392,2000.0,74127.10852502784,1.0,1.0,True,eligible,2.0,21.9141172,21.9141172,"[{""expiry"": ""2024-07-05"", ""option_type"": ""PE"", ""premium_points"": 477.0, ""qty"": -1, ""quantity_per_lot"": 1, ""raw_open"": 479.0, ""side"": ""SELL"", ""strike"": 79500.0}]",5.0,EVALUATED,79996.6,477.0,21.9141172,9518.0858828,True,,
development,2024-07-05,2024-07-02,Batman,high,0.2861531852127274,0.9325396825396826,79503.66,78708.14604008052,79226.70455602427,80089.42304650547,80593.81805408695,"{""c65"": 80100.0, ""c80"": 80600.0, ""p20"": 78700.0, ""p35"": 79200.0}",33.0,7.061286091219838,3.2897355966113055,0.8004,1703.4755610104166,2972.1902259658236,2972.1902259658236,2000.0,59443.80451931647,1.0,6.0,True,eligible,2.0,75.43100989217042,61.317517839999994,"[{""expiry"": ""2024-07-05"", ""option_type"": ""PE"", ""premium_points"": 352.0, ""qty"": 1, ""quantity_per_lot"": 1, ""raw_open"": 350.0, ""side"": ""BUY"", ""strike"": 79200.0}, {""expiry"": ""2024-07-05"", ""option_type"": ""PE"", ""premium_points"": 195.5, ""qty"": -2, ""quantity_per_lot"": 2, ""raw_open"": 197.5, ""side"": ""SELL"", ""strike"": 78700.0}, {""expiry"": ""2024-07-05"", ""option_type"": ""CE"", ""premium_points"": 231.2, ""qty"": 1, ""quantity_per_lot"": 1, ""raw_open"": 229.2, ""side"": ""BUY"", ""strike"": 80100.0}, {""expiry"": ""2024-07-05"", ""option_type"": ""CE"", ""premium_points"": 112.6, ""qty"": -2, ""quantity_per_lot"": 2, ""raw_open"": 114.6, ""side"": ""SELL"", ""strike"": 80600.0}]",2.0,EVALUATED,79996.6,33.0,61.317517839999994,598.6824821600001,True,Batman_standalone,
development,2024-07-12,2024-07-09,Buy Call,low,0.05834348378947759,0.003968253968253968,80119.61,79320.5532415342,79857.11232102956,80709.16818765957,81211.51830166153,"{""atm"": 80100.0}",-393.4,161.6041808960991,160.284948857979,0.4204,394.7192320381201,394.7192320381201,394.7192320381201,2000.0,7894.384640762401,1.0,1.0,True,eligible,2.0,26.384640762402476,12.50953624,"[{""expiry"": ""2024-07-12"", ""option_type"": ""CE"", ""premium_points"": 393.4, ""qty"": 1, ""quantity_per_lot"": 1, ""raw_open"": 391.4, ""side"": ""BUY"", ""strike"": 80100.0}]",2.0,EVALUATED,80519.34,25.93999999999653,22.99303623999991,495.8069637599307,True,,
development,2024-07-12,2024-07-09,Long Synthetic Future,low,0.05834348378947759,0.003968253968253968,80119.61,79320.5532415342,79857.11232102956,80709.16818765957,81211.51830166153,"{""atm"": 80100.0}",-8.599999999999966,145.88879197415525,143.5716026720351,0.5584,2678.437246492385,4288.701552251042,4288.701552251042,2000.0,85774.03104502083,1.0,2.0,True,eligible,2.0,46.34378604240248,32.46868152,"[{""expiry"": ""2024-07-12"", ""option_type"": ""CE"", ""premium_points"": 393.4, ""qty"": 1, ""quantity_per_lot"": 1, ""raw_open"": 391.4, ""side"": ""BUY"", ""strike"": 80100.0}, {""expiry"": ""2024-07-12"", ""option_type"": ""PE"", ""premium_points"": 384.8, ""qty"": -1, ""quantity_per_lot"": 1, ""raw_open"": 386.8, ""side"": ""SELL"", ""strike"": 80100.0}]",4.0,EVALUATED,80519.34,410.73999999999654,42.95218151999991,8171.8478184799305,True,,
development,2024-07-12,2024-07-09,Risk Reversal,low,0.05834348378947759,0.003968253968253968,80119.61,79320.5532415342,79857.11232102956,80709.16818765957,81211.51830166153,"{""c65"": 80700.0, ""p35"": 79900.0}",135.25,98.07116523865938,96.20471823630542,0.676,2334.1365041926188,3944.4008099512757,3944.4008099512757,2000.0,78888.01619902551,1.0,2.0,True,eligible,2.0,37.32894004707799,30.2524713,"[{""expiry"": ""2024-07-12"", ""option_type"": ""CE"", ""premium_points"": 164.5, ""qty"": 1, ""quantity_per_lot"": 1, ""raw_open"": 162.5, ""side"": ""BUY"", ""strike"": 80700.0}, {""expiry"": ""2024-07-12"", ""option_type"": ""PE"", ""premium_points"": 299.75, ""qty"": -1, ""quantity_per_lot"": 1, ""raw_open"": 301.75, ""side"": ""SELL"", ""strike"": 79900.0}]",9.0,EVALUATED,80519.34,135.25,30.2524713,2674.7475287,True,,
development,2024-07-12,2024-07-09,Batman,low,0.05834348378947759,0.003968253968253968,80119.61,79320.5532415342,79857.11232102956,80709.16818765957,81211.51830166153,"{""c65"": 80700.0, ""c80"": 81200.0, ""p20"": 79300.0, ""p35"": 79900.0}",-69.85,-69.37078015379632,-72.9495030689558,0.4548,1833.20969326779,3230.147956779527,3230.147956779527,2000.0,64602.959135590536,0.0,6.0,False,negative_net_ev,2.0,71.5744583031895,56.492049939999994,"[{""expiry"": ""2024-07-12"", ""option_type"": ""PE"", ""premium_points"": 303.75, ""qty"": 1, ""quantity_per_lot"": 1, ""raw_open"": 301.75, ""side"": ""BUY"", ""strike"": 79900.0}, {""expiry"": ""2024-07-12"", ""option_type"": ""PE"", ""premium_points"": 128.9, ""qty"": -2, ""quantity_per_lot"": 2, ""raw_open"": 130.9, ""side"": ""SELL"", ""strike"": 79300.0}, {""expiry"": ""2024-07-12"", ""option_type"": ""CE"", ""premium_points"": 164.5, ""qty"": 1, ""quantity_per_lot"": 1, ""raw_open"": 162.5, ""side"": ""BUY"", ""strike"": 80700.0}, {""expiry"": ""2024-07-12"", ""option_type"": ""CE"", ""premium_points"": 70.3, ""qty"": -2, ""quantity_per_lot"": 2, ""raw_open"": 72.3, ""side"": ""SELL"", ""strike"": 81200.0}]",0.0,STANDALONE_EVALUATED,80519.34,-69.85,56.492049939999994,-1453.49204994,True,Batman_standalone,
development,2024-07-19,2024-07-15,Buy Call,low,0.06583448316048186,0.06349206349206349,80721.75,79936.14480747447,80473.78678923805,81309.32183842806,81826.87562869606,"{""atm"": 80700.0}",-489.3,77.75836825760237,76.41542022328036,0.393,490.64294803432216,490.64294803432216,490.64294803432216,2000.0,9812.858960686443,1.0,1.0,True,eligible,2.0,26.85896068644006,12.68250148,"[{""expiry"": ""2024-07-19"", ""option_type"": ""CE"", ""premium_points"": 489.3, ""qty"": 1, ""quantity_per_lot"": 1, ""raw_open"": 487.3, ""side"": ""BUY"", ""strike"": 80700.0}]",2.0,EVALUATED,80604.65,-489.3,12.68250148,-9798.68250148,True,,
development,2024-07-19,2024-07-15,Long Synthetic Future,low,0.06583448316048186,0.06349206349206349,80721.75,79936.14480747447,80473.78678923805,81309.32183842806,81826.87562869606,"{""atm"": 80700.0}",-17.30000000000001,156.4268835113818,153.99353051705984,0.5654,2715.4886978057675,4329.7533404484875,4329.7533404484875,2000.0,86595.06680896974,1.0,2.0,True,eligible,2.0,48.66705988644006,34.49060068,"[{""expiry"": ""2024-07-19"", ""option_type"": ""CE"", ""premium_points"": 489.3, ""qty"": 1, ""quantity_per_lot"": 1, ""raw_open"": 487.3, ""side"": ""BUY"", ""strike"": 80700.0}, {""expiry"": ""2024-07-19"", ""option_type"": ""PE"", ""premium_points"": 472.0, ""qty"": -1, ""quantity_per_lot"": 1, ""raw_open"": 474.0, ""side"": ""SELL"", ""strike"": 80700.0}]",4.0,EVALUATED,80604.65,-112.65000000000583,34.49060068,-2287.4906006801166,True,,
development,2024-07-19,2024-07-15,Risk Reversal,low,0.06583448316048186,0.06349206349206349,80721.75,79936.14480747447,80473.78678923805,81309.32183842806,81826.87562869606,"{""c65"": 81300.0, ""p35"": 80500.0}",150.3,125.0299101360491,123.0574344536704,0.6856,2347.427820493824,3961.692463136544,3961.692463136544,2000.0,79233.84926273089,1.0,2.0,True,eligible,2.0,39.449513647573355,32.20969812,"[{""expiry"": ""2024-07-19"", ""option_type"": ""CE"", ""premium_points"": 235.7, ""qty"": 1, ""quantity_per_lot"": 1, ""raw_open"": 233.7, ""side"": ""BUY"", ""strike"": 81300.0}, {""expiry"": ""2024-07-19"", ""option_type"": ""PE"", ""premium_points"": 386.0, ""qty"": -1, ""quantity_per_lot"": 1, ""raw_open"": 388.0, ""side"": ""SELL"", ""strike"": 80500.0}]",9.0,EVALUATED,80604.65,150.3,32.20969812,2973.79030188,True,,
development,2024-07-19,2024-07-15,Batman,low,0.06583448316048186,0.06349206349206349,80721.75,79936.14480747447,80473.78678923805,81309.32183842806,81826.87562869606,"{""c65"": 81300.0, ""c80"": 81800.0, ""p20"": 79900.0, ""p35"": 80500.0}",-7.0,-12.621885455180681,-16.44981361226794,0.5042,1811.623525799343,3087.293051498275,3087.293051498275,2000.0,61745.8610299655,0.0,6.0,False,negative_net_ev,2.0,76.55856314174548,61.44717984,"[{""expiry"": ""2024-07-19"", ""option_type"": ""PE"", ""premium_points"": 390.0, ""qty"": 1, ""quantity_per_lot"": 1, ""raw_open"": 388.0, ""side"": ""BUY"", ""strike"": 80500.0}, {""expiry"": ""2024-07-19"", ""option_type"": ""PE"", ""premium_points"": 198.0, ""qty"": -2, ""quantity_per_lot"": 2, ""raw_open"": 200.0, ""side"": ""SELL"", ""strike"": 79900.0}, {""expiry"": ""2024-07-19"", ""option_type"": ""CE"", ""premium_points"": 235.7, ""qty"": 1, ""quantity_per_lot"": 1, ""raw_open"": 233.7, ""side"": ""BUY"", ""strike"": 81300.0}, {""expiry"": ""2024-07-19"", ""option_type"": ""CE"", ""premium_points"": 111.35, ""qty"": -2, ""quantity_per_lot"": 2, ""raw_open"": 113.35, ""side"": ""SELL"", ""strike"": 81800.0}]",0.0,STANDALONE_EVALUATED,80604.65,-7.0,61.44717984,-201.44717984,True,Batman_standalone,
development,2024-07-26,2024-07-23,Buy Call,low,0.07827392329041062,0.13095238095238096,80598.28,79824.99265465415,80343.12951472828,81205.61581240612,81699.16580619244,"{""atm"": 80600.0}",-790.2,-235.85272133891257,-237.20691567323897,0.288,791.5541943343264,791.5541943343264,791.5541943343264,2000.0,15831.083886686529,0.0,1.0,False,negative_net_ev,2.0,27.083886686527187,13.225204719999999,"[{""expiry"": ""2024-07-26"", ""option_type"": ""CE"", ""premium_points"": 790.2, ""qty"": 1, ""quantity_per_lot"": 1, ""raw_open"": 788.2, ""side"": ""BUY"", ""strike"": 80600.0}]",2.0,EVALUATED,81332.72,-57.47999999999888,31.543204720000027,-1181.1432047199776,True,,
development,2024-07-26,2024-07-23,Long Synthetic Future,low,0.07827392329041062,0.13095238095238096,80598.28,79824.99265465415,80343.12951472828,81205.61581240612,81699.16580619244,"{""atm"": 80600.0}",-9.150000000000091,140.35862844058587,137.58638051725944,0.5548,2764.84508823525,4481.831811954402,4481.831811954402,2000.0,89636.63623908804,1.0,2.0,True,eligible,2.0,55.44495846652718,41.5862765,"[{""expiry"": ""2024-07-26"", ""option_type"": ""CE"", ""premium_points"": 790.2, ""qty"": 1, ""quantity_per_lot"": 1, ""raw_open"": 788.2, ""side"": ""BUY"", ""strike"": 80600.0}, {""expiry"": ""2024-07-26"", ""option_type"": ""PE"", ""premium_points"": 781.05, ""qty"": -1, ""quantity_per_lot"": 1, ""raw_open"": 783.05, ""side"": ""SELL"", ""strike"": 80600.0}]",4.0,EVALUATED,81332.72,723.5700000000011,59.90427650000002,14411.495723500022,True,,
development,2024-07-26,2024-07-23,Risk Reversal,low,0.07827392329041062,0.13095238095238096,80598.28,79824.99265465415,80343.12951472828,81205.61581240612,81699.16580619244,"{""c65"": 81200.0, ""p35"": 80300.0}",106.89999999999998,100.22521703975774,97.96857375972986,0.7004,2348.2794835919512,4065.266207311104,4065.266207311104,2000.0,81305.32414622209,1.0,2.0,True,eligible,2.0,45.13286560055611,38.08578876000001,"[{""expiry"": ""2024-07-26"", ""option_type"": ""CE"", ""premium_points"": 531.1, ""qty"": 1, ""quantity_per_lot"": 1, ""raw_open"": 529.1, ""side"": ""BUY"", ""strike"": 81200.0}, {""expiry"": ""2024-07-26"", ""option_type"": ""PE"", ""premium_points"": 638.0, ""qty"": -1, ""quantity_per_lot"": 1, ""raw_open"": 640.0, ""side"": ""SELL"", ""strike"": 80300.0}]",9.0,EVALUATED,81332.72,239.62000000000114,41.40378876000003,4750.9962112400235,True,,
development,2024-07-26,2024-07-23,Batman,low,0.07827392329041062,0.13095238095238096,80598.28,79824.99265465415,80343.12951472828,81205.61581240612,81699.16580619244,"{""c65"": 81200.0, ""c80"": 81700.0, ""p20"": 79800.0, ""p35"": 80300.0}",463.79999999999995,425.6685888407955,420.75433887803945,0.888,1400.1758556747288,2850.481246790265,2850.481246790265,2000.0,57009.624935805296,0.0,6.0,False,no_risk_sized_lot,2.0,98.28499925511827,84.023976,"[{""expiry"": ""2024-07-26"", ""option_type"": ""PE"", ""premium_points"": 642.0, ""qty"": 1, ""quantity_per_lot"": 1, ""raw_open"": 640.0, ""side"": ""BUY"", ""strike"": 80300.0}, {""expiry"": ""2024-07-26"", ""option_type"": ""PE"", ""premium_points"": 457.4, ""qty"": -2, ""quantity_per_lot"": 2, ""raw_open"": 459.4, ""side"": ""SELL"", ""strike"": 79800.0}, {""expiry"": ""2024-07-26"", ""option_type"": ""CE"", ""premium_points"": 531.1, ""qty"": 1, ""quantity_per_lot"": 1, ""raw_open"": 529.1, ""side"": ""BUY"", ""strike"": 81200.0}, {""expiry"": ""2024-07-26"", ""option_type"": ""CE"", ""premium_points"": 361.05, ""qty"": -2, ""quantity_per_lot"": 2, ""raw_open"": 363.05, ""side"": ""SELL"", ""strike"": 81700.0}]",0.0,STANDALONE_EVALUATED,81332.72,596.5200000000011,87.34197600000003,11843.058024000024,True,Batman_standalone,
development,2024-08-02,2024-07-30,Buy Call,low,0.08696141519022146,0.20238095238095238,81324.08,80539.54292490963,81092.70301194004,81934.30764101468,82457.730408759,"{""atm"": 81300.0}",-469.5,107.79726033732598,106.44329925190434,0.4068,470.8539610854216,470.8539610854216,470.8539610854216,2000.0,9417.07922170843,1.0,1.0,True,eligible,2.0,27.07922170843315,12.6467902,"[{""expiry"": ""2024-08-02"", ""option_type"": ""CE"", ""premium_points"": 469.5, ""qty"": 1, ""quantity_per_lot"": 1, ""raw_open"": 467.5, ""side"": ""BUY"", ""strike"": 81300.0}]",2.0,EVALUATED,80981.95,-469.5,12.6467902,-9402.6467902,True,,
development,2024-08-02,2024-07-30,Long Synthetic Future,low,0.08696141519022146,0.20238095238095238,81324.08,80539.54292490963,81092.70301194004,81934.30764101468,82457.730408759,"{""atm"": 81300.0}",-59.64999999999998,125.21764601911684,122.83917016069522,0.5524,2730.9225345511377,4224.447742548115,4224.447742548115,2000.0,84488.9548509623,1.0,2.0,True,eligible,2.0,47.569517168433144,33.13708566,"[{""expiry"": ""2024-08-02"", ""option_type"": ""CE"", ""premium_points"": 469.5, ""qty"": 1, ""quantity_per_lot"": 1, ""raw_open"": 467.5, ""side"": ""BUY"", ""strike"": 81300.0}, {""expiry"": ""2024-08-02"", ""option_type"": ""PE"", ""premium_points"": 409.85, ""qty"": -1, ""quantity_per_lot"": 1, ""raw_open"": 411.85, ""side"": ""SELL"", ""strike"": 81300.0}]",4.0,EVALUATED,80981.95,-377.7000000000029,33.13708566,-7587.137085660058,True,,
development,2024-08-02,2024-07-30,Risk Reversal,low,0.08696141519022146,0.20238095238095238,81324.08,80539.54292490963,81092.70301194004,81934.30764101468,82457.730408759,"{""c65"": 81900.0, ""p35"": 81100.0}",95.05000000000001,77.32715151701255,75.41223780919596,0.6756,2375.758972400533,3869.2841803975093,3869.2841803975093,2000.0,77385.68360795018,1.0,2.0,True,eligible,2.0,38.298274156331665,30.865645219999998,"[{""expiry"": ""2024-08-02"", ""option_type"": ""CE"", ""premium_points"": 228.2, ""qty"": 1, ""quantity_per_lot"": 1, ""raw_open"": 226.2, ""side"": ""BUY"", ""strike"": 81900.0}, {""expiry"": ""2024-08-02"", ""option_type"": ""PE"", ""premium_points"": 323.25, ""qty"": -1, ""quantity_per_lot"": 1, ""raw_open"": 325.25, ""side"": ""SELL"", ""strike"": 81100.0}]",9.0,EVALUATED,80981.95,-23.0000000000029,30.865645219999998,-490.86564522005796,True,,
development,2024-08-02,2024-07-30,Batman,low,0.08696141519022146,0.20238095238095238,81324.08,80539.54292490963,81092.70301194004,81934.30764101468,82457.730408759,"{""c65"": 81900.0, ""c80"": 82500.0, ""p20"": 80500.0, ""p35"": 81100.0}",-65.04999999999998,-33.54322685457086,-37.238646061807756,0.4742,1744.3477116854026,3059.333687911475,3059.333687911475,2000.0,61186.6737582295,0.0,6.0,False,negative_net_ev,2.0,73.90838414473801,58.600055059999995,"[{""expiry"": ""2024-08-02"", ""option_type"": ""PE"", ""premium_points"": 327.25, ""qty"": 1, ""quantity_per_lot"": 1, ""raw_open"": 325.25, ""side"": ""BUY"", ""strike"": 81100.0}, {""expiry"": ""2024-08-02"", ""option_type"": ""PE"", ""premium_points"": 145.5, ""qty"": -2, ""quantity_per_lot"": 2, ""raw_open"": 147.5, ""side"": ""SELL"", ""strike"": 80500.0}, {""expiry"": ""2024-08-02"", ""option_type"": ""CE"", ""premium_points"": 228.2, ""qty"": 1, ""quantity_per_lot"": 1, ""raw_open"": 226.2, ""side"": ""BUY"", ""strike"": 81900.0}, {""expiry"": ""2024-08-02"", ""option_type"": ""CE"", ""premium_points"": 99.7, ""qty"": -2, ""quantity_per_lot"": 2, ""raw_open"": 101.7, ""side"": ""SELL"", ""strike"": 82500.0}]",0.0,STANDALONE_EVALUATED,80981.95,53.00000000000293,61.55130506000007,998.4486949400585,True,Batman_standalone,
development,2024-08-09,2024-08-06,Batman,high,0.13769490401996076,0.8650793650793651,79640.96,78813.47320064534,79368.04603492693,80209.75638674211,80722.12148385892,"{""c65"": 80200.0, ""c80"": 80700.0, ""p20"": 78800.0, ""p35"": 79400.0}",165.39999999999998,170.24038969586914,165.94766979419097,0.8446,1512.4475731697344,2700.4368638601923,2700.4368638601923,2000.0,54008.73727720384,1.0,6.0,True,eligible,2.0,85.8543980335632,70.94420855999999,"[{""expiry"": ""2024-08-09"", ""option_type"": ""PE"", ""premium_points"": 491.3, ""qty"": 1, ""quantity_per_lot"": 1, ""raw_open"": 489.3, ""side"": ""BUY"", ""strike"": 79400.0}, {""expiry"": ""2024-08-09"", ""option_type"": ""PE"", ""premium_points"": 290.5, ""qty"": -2, ""quantity_per_lot"": 2, ""raw_open"": 292.5, ""side"": ""SELL"", ""strike"": 78800.0}, {""expiry"": ""2024-08-09"", ""option_type"": ""CE"", ""premium_points"": 388.3, ""qty"": 1, ""quantity_per_lot"": 1, ""raw_open"": 386.3, ""side"": ""BUY"", ""strike"": 80200.0}, {""expiry"": ""2024-08-09"", ""option_type"": ""CE"", ""premium_points"": 232.0, ""qty"": -2, ""quantity_per_lot"": 2, ""raw_open"": 234.0, ""side"": ""SELL"", ""strike"": 80700.0}]",2.0,EVALUATED,79705.91,165.39999999999998,70.94420855999999,3237.0557914399997,True,,
development,2024-08-09,2024-08-06,Long Synthetic Future,high,0.13769490401996076,0.8650793650793651,79640.96,78813.47320064534,79368.04603492693,80209.75638674211,80722.12148385892,"{""atm"": 79600.0}",-83.39999999999998,79.6231198840591,77.08053676995277,0.544,2753.2965410931324,4162.98423784999,4162.98423784999,2000.0,83259.68475699979,1.0,2.0,True,eligible,2.0,50.85166228212657,36.90478684,"[{""expiry"": ""2024-08-09"", ""option_type"": ""CE"", ""premium_points"": 655.15, ""qty"": 1, ""quantity_per_lot"": 1, ""raw_open"": 653.15, ""side"": ""BUY"", ""strike"": 79600.0}, {""expiry"": ""2024-08-09"", ""option_type"": ""PE"", ""premium_points"": 571.75, ""qty"": -1, ""quantity_per_lot"": 1, ""raw_open"": 573.75, ""side"": ""SELL"", ""strike"": 79600.0}]",3.0,EVALUATED,79705.91,22.510000000003515,39.55253684000009,410.64746316007023,True,,
development,2024-08-09,2024-08-06,Risk Reversal,high,0.13769490401996076,0.8650793650793651,79640.96,78813.47320064534,79368.04603492693,80209.75638674211,80722.12148385892,"{""c65"": 80200.0, ""p35"": 79400.0}",99.0,63.382651722412405,61.300515220246766,0.671,2370.436094481192,3780.1237912380484,3780.1237912380484,2000.0,75602.47582476097,1.0,2.0,True,eligible,2.0,41.64273004331175,34.63285216,"[{""expiry"": ""2024-08-09"", ""option_type"": ""CE"", ""premium_points"": 388.3, ""qty"": 1, ""quantity_per_lot"": 1, ""raw_open"": 386.3, ""side"": ""BUY"", ""strike"": 80200.0}, {""expiry"": ""2024-08-09"", ""option_type"": ""PE"", ""premium_points"": 487.3, ""qty"": -1, ""quantity_per_lot"": 1, ""raw_open"": 489.3, ""side"": ""SELL"", ""strike"": 79400.0}]",5.0,EVALUATED,79705.91,99.0,34.63285216,1945.36714784,True,,
development,2024-08-09,2024-08-06,Sell Put,high,0.13769490401996076,0.8650793650793651,79640.96,78813.47320064534,79368.04603492693,80209.75638674211,80722.12148385892,"{""atm"": 79600.0}",571.75,176.8981021989963,175.7019442839963,0.7478,2096.800115894027,3506.4878126508843,3506.4878126508843,2000.0,70129.75625301768,1.0,1.0,True,eligible,2.0,23.923158300000004,23.923158300000004,"[{""expiry"": ""2024-08-09"", ""option_type"": ""PE"", ""premium_points"": 571.75, ""qty"": -1, ""quantity_per_lot"": 1, ""raw_open"": 573.75, ""side"": ""SELL"", ""strike"": 79600.0}]",5.0,EVALUATED,79705.91,571.75,23.923158300000004,11411.0768417,True,,
development,2024-08-09,2024-08-06,Batman,high,0.13769490401996076,0.8650793650793651,79640.96,78813.47320064534,79368.04603492693,80209.75638674211,80722.12148385892,"{""c65"": 80200.0, ""c80"": 80700.0, ""p20"": 78800.0, ""p35"": 79400.0}",165.39999999999998,170.24038969586914,165.94766979419097,0.8446,1512.4475731697344,2700.4368638601923,2700.4368638601923,2000.0,54008.73727720384,1.0,6.0,True,eligible,2.0,85.8543980335632,70.94420855999999,"[{""expiry"": ""2024-08-09"", ""option_type"": ""PE"", ""premium_points"": 491.3, ""qty"": 1, ""quantity_per_lot"": 1, ""raw_open"": 489.3, ""side"": ""BUY"", ""strike"": 79400.0}, {""expiry"": ""2024-08-09"", ""option_type"": ""PE"", ""premium_points"": 290.5, ""qty"": -2, ""quantity_per_lot"": 2, ""raw_open"": 292.5, ""side"": ""SELL"", ""strike"": 78800.0}, {""expiry"": ""2024-08-09"", ""option_type"": ""CE"", ""premium_points"": 388.3, ""qty"": 1, ""quantity_per_lot"": 1, ""raw_open"": 386.3, ""side"": ""BUY"", ""strike"": 80200.0}, {""expiry"": ""2024-08-09"", ""option_type"": ""CE"", ""premium_points"": 232.0, ""qty"": -2, ""quantity_per_lot"": 2, ""raw_open"": 234.0, ""side"": ""SELL"", ""strike"": 80700.0}]",2.0,EVALUATED,79705.91,165.39999999999998,70.94420855999999,3237.0557914399997,True,Batman_standalone,
development,2024-08-16,2024-08-12,Batman,high,,,,,,,,,,,,,,,,,,,,,,,,,,,NO_TRADE,,,,,,,missing 09:30 bar CE 80500.0
development,2024-08-16,2024-08-12,Long Synthetic Future,high,0.1491269564119669,0.8650793650793651,79406.36,78649.5645717576,79181.05818731766,80018.08830906407,80541.80949606792,"{""atm"": 79400.0}",-131.80000000000007,49.21115864611107,46.69737486455159,0.5246,2790.5103726893776,4212.61832340882,4212.61832340882,2000.0,84252.3664681764,1.0,2.0,True,eligible,2.0,50.27567563119047,36.026929040000006,"[{""expiry"": ""2024-08-16"", ""option_type"": ""CE"", ""premium_points"": 661.6, ""qty"": 1, ""quantity_per_lot"": 1, ""raw_open"": 659.6, ""side"": ""BUY"", ""strike"": 79400.0}, {""expiry"": ""2024-08-16"", ""option_type"": ""PE"", ""premium_points"": 529.8, ""qty"": -1, ""quantity_per_lot"": 1, ""raw_open"": 531.8, ""side"": ""SELL"", ""strike"": 79400.0}]",3.0,EVALUATED,80436.84,905.0399999999964,61.94792903999992,18038.85207095993,True,,
development,2024-08-16,2024-08-12,Risk Reversal,high,0.1491269564119669,0.8650793650793651,79406.36,78649.5645717576,79181.05818731766,80018.08830906407,80541.80949606792,"{""c65"": 80000.0, ""p35"": 79200.0}",101.39999999999998,80.68076184123791,78.62367205552424,0.6772,2356.8536786935315,3778.961629412974,3778.961629412974,2000.0,75579.23258825949,1.0,2.0,True,eligible,2.0,41.1417957142736,33.87963916,"[{""expiry"": ""2024-08-16"", ""option_type"": ""CE"", ""premium_points"": 353.35, ""qty"": 1, ""quantity_per_lot"": 1, ""raw_open"": 351.35, ""side"": ""BUY"", ""strike"": 80000.0}, {""expiry"": ""2024-08-16"", ""option_type"": ""PE"", ""premium_points"": 454.75, ""qty"": -1, ""quantity_per_lot"": 1, ""raw_open"": 456.75, ""side"": ""SELL"", ""strike"": 79200.0}]",5.0,EVALUATED,80436.84,538.2399999999965,44.80063915999992,10719.99936083993,True,,
development,2024-08-16,2024-08-12,Sell Put,high,0.1491269564119669,0.8650793650793651,79406.36,78649.5645717576,79181.05818731766,80018.08830906407,80541.80949606792,"{""atm"": 79400.0}",529.8,140.8612949984928,139.70961163449277,0.746,2127.5482722718175,3549.65622299126,3549.65622299126,2000.0,70993.12445982521,1.0,1.0,True,eligible,2.0,23.033667279999996,23.033667279999996,"[{""expiry"": ""2024-08-16"", ""option_type"": ""PE"", ""premium_points"": 529.8, ""qty"": -1, ""quantity_per_lot"": 1, ""raw_open"": 531.8, ""side"": ""SELL"", ""strike"": 79400.0}]",5.0,EVALUATED,80436.84,529.8,23.033667279999996,10572.96633272,True,,
development,2024-08-16,2024-08-12,Batman,high,,,,,,,,,,,,,,,,,,,,,,,,,,,NO_TRADE,,,,,,Batman_standalone,missing 09:30 bar CE 80500.0
development,2024-08-23,2024-08-20,Batman,high,,,,,,,,,,,,,,,,,,,,,,,,,,,NO_TRADE,,,,,,,missing 09:30 bar CE 81700.0
development,2024-08-23,2024-08-20,Long Synthetic Future,high,0.15573904951526615,0.8849206349206349,80575.52,79763.70401550597,80298.10578105971,81188.38808348853,81720.85248409014,"{""atm"": 80600.0}",-3.6499999999999773,109.6930484149903,107.37206085024948,0.5466,2772.000797590493,4169.790889915256,4169.790889915256,2000.0,83395.81779830513,1.0,2.0,True,eligible,2.0,46.41975129481736,32.88653726,"[{""expiry"": ""2024-08-23"", ""option_type"": ""CE"", ""premium_points"": 407.0, ""qty"": 1, ""quantity_per_lot"": 1, ""raw_open"": 405.0, ""side"": ""BUY"", ""strike"": 80600.0}, {""expiry"": ""2024-08-23"", ""option_type"": ""PE"", ""premium_points"": 403.35, ""qty"": -1, ""quantity_per_lot"": 1, ""raw_open"": 405.35, ""side"": ""SELL"", ""strike"": 80600.0}]",3.0,EVALUATED,81086.21,482.5600000000064,45.041787260000156,9606.158212740127,True,,
development,2024-08-23,2024-08-20,Risk Reversal,high,0.15573904951526615,0.8849206349206349,80575.52,79763.70401550597,80298.10578105971,81188.38808348853,81720.85248409014,"{""c65"": 81200.0, ""p35"": 80300.0}",109.59999999999997,75.63900411239571,73.80740698274414,0.6834,2358.2614071554035,3756.0514994801674,3756.0514994801674,2000.0,75121.02998960335,1.0,2.0,True,eligible,2.0,36.6319425930315,29.78452272,"[{""expiry"": ""2024-08-23"", ""option_type"": ""CE"", ""premium_points"": 167.8, ""qty"": 1, ""quantity_per_lot"": 1, ""raw_open"": 165.8, ""side"": ""BUY"", ""strike"": 81200.0}, {""expiry"": ""2024-08-23"", ""option_type"": ""PE"", ""premium_points"": 277.4, ""qty"": -1, ""quantity_per_lot"": 1, ""raw_open"": 279.4, ""side"": ""SELL"", ""strike"": 80300.0}]",5.0,EVALUATED,81086.21,109.59999999999997,29.78452272,2162.215477279999,True,,
development,2024-08-23,2024-08-20,Sell Put,high,0.15573904951526615,0.8849206349206349,80575.52,79763.70401550597,80298.10578105971,81188.38808348853,81720.85248409014,"{""atm"": 80600.0}",403.35,-24.635512977704032,-25.653136580703997,0.6814,2363.6974336287517,3761.4875259535147,3761.4875259535147,2000.0,75229.7505190703,0.0,1.0,False,negative_net_ev,2.0,20.35247206,20.35247206,"[{""expiry"": ""2024-08-23"", ""option_type"": ""PE"", ""premium_points"": 403.35, ""qty"": -1, ""quantity_per_lot"": 1, ""raw_open"": 405.35, ""side"": ""SELL"", ""strike"": 80600.0}]",5.0,EVALUATED,81086.21,403.35,20.35247206,8046.64752794,True,,
development,2024-08-23,2024-08-20,Batman,high,,,,,,,,,,,,,,,,,,,,,,,,,,,NO_TRADE,,,,,,Batman_standalone,missing 09:30 bar CE 81700.0
development,2024-08-30,2024-08-27,Batman,high,0.14740978032944582,0.8293650793650794,81691.45,80848.55602844968,81389.24086090818,82284.67120307361,82783.38745759784,"{""c65"": 82300.0, ""c80"": 82800.0, ""p20"": 80800.0, ""p35"": 81400.0}",-77.80000000000001,-78.63204734743867,-82.10841538805572,0.431,1769.052624678217,2811.6658314977963,2811.6658314977963,2000.0,56233.31662995592,0.0,6.0,False,negative_net_ev,2.0,69.52736081234116,54.82916367999999,"[{""expiry"": ""2024-08-30"", ""option_type"": ""PE"", ""premium_points"": 260.75, ""qty"": 1, ""quantity_per_lot"": 1, ""raw_open"": 258.75, ""side"": ""BUY"", ""strike"": 81400.0}, {""expiry"": ""2024-08-30"", ""option_type"": ""PE"", ""premium_points"": 109.5, ""qty"": -2, ""quantity_per_lot"": 2, ""raw_open"": 111.5, ""side"": ""SELL"", ""strike"": 80800.0}, {""expiry"": ""2024-08-30"", ""option_type"": ""CE"", ""premium_points"": 142.55, ""qty"": 1, ""quantity_per_lot"": 1, ""raw_open"": 140.55, ""side"": ""BUY"", ""strike"": 82300.0}, {""expiry"": ""2024-08-30"", ""option_type"": ""CE"", ""premium_points"": 53.25, ""qty"": -2, ""quantity_per_lot"": 2, ""raw_open"": 55.25, ""side"": ""SELL"", ""strike"": 82800.0}]",2.0,EVALUATED,82365.77,-12.029999999995937,56.47341368000009,-297.0734136799188,True,,
development,2024-08-30,2024-08-27,Long Synthetic Future,high,0.14740978032944582,0.8293650793650794,81691.45,80848.55602844968,81389.24086090818,82284.67120307361,82783.38745759784,"{""atm"": 81700.0}",3.0500000000000114,110.79377136369091,108.50085935330696,0.5474,2765.1736687264015,4018.4988139419293,4018.4988139419293,2000.0,80369.97627883859,1.0,2.0,True,eligible,2.0,45.85824020767751,32.29812278,"[{""expiry"": ""2024-08-30"", ""option_type"": ""CE"", ""premium_points"": 375.25, ""qty"": 1, ""quantity_per_lot"": 1, ""raw_open"": 373.25, ""side"": ""BUY"", ""strike"": 81700.0}, {""expiry"": ""2024-08-30"", ""option_type"": ""PE"", ""premium_points"": 378.3, ""qty"": -1, ""quantity_per_lot"": 1, ""raw_open"": 380.3, ""side"": ""SELL"", ""strike"": 81700.0}]",3.0,EVALUATED,82365.77,668.820000000004,48.9423727800001,13327.457627220081,True,,
development,2024-08-30,2024-08-27,Risk Reversal,high,0.14740978032944582,0.8293650793650794,81691.45,80848.55602844968,81389.24086090818,82284.67120307361,82783.38745759784,"{""c65"": 82300.0, ""p35"": 81400.0}",114.19999999999999,74.79497315280496,72.98708999227593,0.6804,2353.5386398765463,3606.863785092075,3606.863785092075,2000.0,72137.2757018415,1.0,2.0,True,eligible,2.0,36.15766321058064,29.301127479999995,"[{""expiry"": ""2024-08-30"", ""option_type"": ""CE"", ""premium_points"": 142.55, ""qty"": 1, ""quantity_per_lot"": 1, ""raw_open"": 140.55, ""side"": ""BUY"", ""strike"": 82300.0}, {""expiry"": ""2024-08-30"", ""option_type"": ""PE"", ""premium_points"": 256.75, ""qty"": -1, ""quantity_per_lot"": 1, ""raw_open"": 258.75, ""side"": ""SELL"", ""strike"": 81400.0}]",5.0,EVALUATED,82365.77,179.97000000000406,30.945377480000097,3568.4546225200816,True,,
development,2024-08-30,2024-08-27,Sell Put,high,0.14740978032944582,0.8293650793650794,81691.45,80848.55602844968,81389.24086090818,82284.67120307361,82783.38745759784,"{""atm"": 81700.0}",378.3,-56.36092574340962,-57.35199183740966,0.6702,2388.621822810017,3641.946968025545,3641.946968025545,2000.0,72838.9393605109,0.0,1.0,False,negative_net_ev,2.0,19.82132188,19.82132188,"[{""expiry"": ""2024-08-30"", ""option_type"": ""PE"", ""premium_points"": 378.3, ""qty"": -1, ""quantity_per_lot"": 1, ""raw_open"": 380.3, ""side"": ""SELL"", ""strike"": 81700.0}]",5.0,EVALUATED,82365.77,378.3,19.82132188,7546.17867812,True,,
development,2024-08-30,2024-08-27,Batman,high,0.14740978032944582,0.8293650793650794,81691.45,80848.55602844968,81389.24086090818,82284.67120307361,82783.38745759784,"{""c65"": 82300.0, ""c80"": 82800.0, ""p20"": 80800.0, ""p35"": 81400.0}",-77.80000000000001,-78.63204734743867,-82.10841538805572,0.431,1769.052624678217,2811.6658314977963,2811.6658314977963,2000.0,56233.31662995592,0.0,6.0,False,negative_net_ev,2.0,69.52736081234116,54.82916367999999,"[{""expiry"": ""2024-08-30"", ""option_type"": ""PE"", ""premium_points"": 260.75, ""qty"": 1, ""quantity_per_lot"": 1, ""raw_open"": 258.75, ""side"": ""BUY"", ""strike"": 81400.0}, {""expiry"": ""2024-08-30"", ""option_type"": ""PE"", ""premium_points"": 109.5, ""qty"": -2, ""quantity_per_lot"": 2, ""raw_open"": 111.5, ""side"": ""SELL"", ""strike"": 80800.0}, {""expiry"": ""2024-08-30"", ""option_type"": ""CE"", ""premium_points"": 142.55, ""qty"": 1, ""quantity_per_lot"": 1, ""raw_open"": 140.55, ""side"": ""BUY"", ""strike"": 82300.0}, {""expiry"": ""2024-08-30"", ""option_type"": ""CE"", ""premium_points"": 53.25, ""qty"": -2, ""quantity_per_lot"": 2, ""raw_open"": 55.25, ""side"": ""SELL"", ""strike"": 82800.0}]",2.0,EVALUATED,82365.77,-12.029999999995937,56.47341368000009,-297.0734136799188,True,Batman_standalone,
development,2024-09-06,2024-09-03,Batman,high,0.14192128386918434,0.7976190476190477,82515.57,81678.92702756866,82220.507563515,83129.90988625119,83665.49708180396,"{""c65"": 83100.0, ""c80"": 83700.0, ""p20"": 81700.0, ""p35"": 82200.0}",-87.10000000000001,-102.30787849088996,-105.78019783962826,0.4124,1846.2552521949806,3094.495548585768,3094.495548585768,2000.0,61889.91097171536,0.0,6.0,False,negative_net_ev,2.0,69.44638697476569,54.07289524000001,"[{""expiry"": ""2024-09-06"", ""option_type"": ""PE"", ""premium_points"": 234.35, ""qty"": 1, ""quantity_per_lot"": 1, ""raw_open"": 232.35, ""side"": ""BUY"", ""strike"": 82200.0}, {""expiry"": ""2024-09-06"", ""option_type"": ""PE"", ""premium_points"": 103.8, ""qty"": -2, ""quantity_per_lot"": 2, ""raw_open"": 105.8, ""side"": ""SELL"", ""strike"": 81700.0}, {""expiry"": ""2024-09-06"", ""option_type"": ""CE"", ""premium_points"": 144.65, ""qty"": 1, ""quantity_per_lot"": 1, ""raw_open"": 142.65, ""side"": ""BUY"", ""strike"": 83100.0}, {""expiry"": ""2024-09-06"", ""option_type"": ""CE"", ""premium_points"": 42.15, ""qty"": -2, ""quantity_per_lot"": 2, ""raw_open"": 44.15, ""side"": ""SELL"", ""strike"": 83700.0}]",2.0,EVALUATED,81183.93,-103.170000000007,79.47464524000019,-2142.8746452401397,True,,
development,2024-09-06,2024-09-03,Long Synthetic Future,high,0.14192128386918434,0.7976190476190477,82515.57,81678.92702756866,82220.507563515,83129.90988625119,83665.49708180396,"{""atm"": 82500.0}",-33.44999999999999,110.36649492667226,108.06084563809242,0.5512,2864.9200547066102,4255.388983450046,4255.388983450046,2000.0,85107.77966900091,1.0,2.0,True,eligible,2.0,46.112985771596996,31.692143939999998,"[{""expiry"": ""2024-09-06"", ""option_type"": ""CE"", ""premium_points"": 382.55, ""qty"": 1, ""quantity_per_lot"": 1, ""raw_open"": 380.55, ""side"": ""BUY"", ""strike"": 82500.0}, {""expiry"": ""2024-09-06"", ""option_type"": ""PE"", ""premium_points"": 349.1, ""qty"": -1, ""quantity_per_lot"": 1, ""raw_open"": 351.1, ""side"": ""SELL"", ""strike"": 82500.0}]",3.0,EVALUATED,81183.93,-1349.520000000007,31.692143939999998,-27022.09214394014,True,,
development,2024-09-06,2024-09-03,Risk Reversal,high,0.14192128386918434,0.7976190476190477,82515.57,81678.92702756866,82220.507563515,83129.90988625119,83665.49708180396,"{""c65"": 83100.0, ""p35"": 82200.0}",85.69999999999999,68.25400149119501,66.44331094689386,0.6792,2445.2750959623327,3835.744024705768,3835.744024705768,2000.0,76714.88049411536,1.0,2.0,True,eligible,2.0,36.21381088602278,28.74514,"[{""expiry"": ""2024-09-06"", ""option_type"": ""CE"", ""premium_points"": 144.65, ""qty"": 1, ""quantity_per_lot"": 1, ""raw_open"": 142.65, ""side"": ""BUY"", ""strike"": 83100.0}, {""expiry"": ""2024-09-06"", ""option_type"": ""PE"", ""premium_points"": 230.35, ""qty"": -1, ""quantity_per_lot"": 1, ""raw_open"": 232.35, ""side"": ""SELL"", ""strike"": 82200.0}]",5.0,EVALUATED,81183.93,-930.3700000000069,28.74514,-18636.14514000014,True,,
development,2024-09-06,2024-09-03,Sell Put,high,0.14192128386918434,0.7976190476190477,82515.57,81678.92702756866,82220.507563515,83129.90988625119,83665.49708180396,"{""atm"": 82500.0}",349.1,-83.91717833720786,-84.87728717520788,0.6714,2481.0245142560316,3871.4934429994673,3871.4934429994673,2000.0,77429.86885998935,0.0,1.0,False,negative_net_ev,2.0,19.20217676,19.20217676,"[{""expiry"": ""2024-09-06"", ""option_type"": ""PE"", ""premium_points"": 349.1, ""qty"": -1, ""quantity_per_lot"": 1, ""raw_open"": 351.1, ""side"": ""SELL"", ""strike"": 82500.0}]",5.0,EVALUATED,81183.93,-966.970000000007,19.20217676,-19358.60217676014,True,,
development,2024-09-06,2024-09-03,Batman,high,0.14192128386918434,0.7976190476190477,82515.57,81678.92702756866,82220.507563515,83129.90988625119,83665.49708180396,"{""c65"": 83100.0, ""c80"": 83700.0, ""p20"": 81700.0, ""p35"": 82200.0}",-87.10000000000001,-102.30787849088996,-105.78019783962826,0.4124,1846.2552521949806,3094.495548585768,3094.495548585768,2000.0,61889.91097171536,0.0,6.0,False,negative_net_ev,2.0,69.44638697476569,54.07289524000001,"[{""expiry"": ""2024-09-06"", ""option_type"": ""PE"", ""premium_points"": 234.35, ""qty"": 1, ""quantity_per_lot"": 1, ""raw_open"": 232.35, ""side"": ""BUY"", ""strike"": 82200.0}, {""expiry"": ""2024-09-06"", ""option_type"": ""PE"", ""premium_points"": 103.8, ""qty"": -2, ""quantity_per_lot"": 2, ""raw_open"": 105.8, ""side"": ""SELL"", ""strike"": 81700.0}, {""expiry"": ""2024-09-06"", ""option_type"": ""CE"", ""premium_points"": 144.65, ""qty"": 1, ""quantity_per_lot"": 1, ""raw_open"": 142.65, ""side"": ""BUY"", ""strike"": 83100.0}, {""expiry"": ""2024-09-06"", ""option_type"": ""CE"", ""premium_points"": 42.15, ""qty"": -2, ""quantity_per_lot"": 2, ""raw_open"": 44.15, ""side"": ""SELL"", ""strike"": 83700.0}]",2.0,EVALUATED,81183.93,-103.170000000007,79.47464524000019,-2142.8746452401397,True,Batman_standalone,
development,2024-09-13,2024-09-10,Buy Call,low,0.09172085492136227,0.21825396825396826,81741.98,80905.82041186222,81445.28227567334,82339.77861111826,82871.70823339933,"{""atm"": 81700.0}",-354.0,223.07088297242615,221.72762064871063,0.45,355.3432623237155,355.3432623237155,355.3432623237155,2000.0,7106.86524647431,1.0,1.0,True,eligible,2.0,26.865246474310656,12.4384744,"[{""expiry"": ""2024-09-13"", ""option_type"": ""CE"", ""premium_points"": 354.0, ""qty"": 1, ""quantity_per_lot"": 1, ""raw_open"": 352.0, ""side"": ""BUY"", ""strike"": 81700.0}]",2.0,EVALUATED,82890.94,836.9400000000023,42.21197440000006,16696.588025600046,True,,
development,2024-09-13,2024-09-10,Long Synthetic Future,low,0.09172085492136227,0.21825396825396826,81741.98,80905.82041186222,81445.28227567334,82339.77861111826,82871.70823339933,"{""atm"": 81700.0}",-23.05000000000001,139.11330307616595,136.82917418145044,0.563,2780.7636091593295,4151.99167327521,4151.99167327521,2000.0,83039.8334655042,1.0,2.0,True,eligible,2.0,45.682577894310654,31.25580582,"[{""expiry"": ""2024-09-13"", ""option_type"": ""CE"", ""premium_points"": 354.0, ""qty"": 1, ""quantity_per_lot"": 1, ""raw_open"": 352.0, ""side"": ""BUY"", ""strike"": 81700.0}, {""expiry"": ""2024-09-13"", ""option_type"": ""PE"", ""premium_points"": 330.95, ""qty"": -1, ""quantity_per_lot"": 1, ""raw_open"": 332.95, ""side"": ""SELL"", ""strike"": 81700.0}]",4.0,EVALUATED,82890.94,1167.8900000000024,61.029305820000054,23296.770694180046,True,,
development,2024-09-13,2024-09-10,Risk Reversal,low,0.09172085492136227,0.21825396825396826,81741.98,80905.82041186222,81445.28227567334,82339.77861111826,82871.70823339933,"{""c65"": 82300.0, ""p35"": 81400.0}",70.9,67.72615182077142,65.94150955791993,0.6834,2386.3141225274653,3757.5421866433458,3757.5421866433458,2000.0,75150.84373286691,1.0,2.0,True,eligible,2.0,35.692845257029724,28.266825239999996,"[{""expiry"": ""2024-09-13"", ""option_type"": ""CE"", ""premium_points"": 137.5, ""qty"": 1, ""quantity_per_lot"": 1, ""raw_open"": 135.5, ""side"": ""BUY"", ""strike"": 82300.0}, {""expiry"": ""2024-09-13"", ""option_type"": ""PE"", ""premium_points"": 208.4, ""qty"": -1, ""quantity_per_lot"": 1, ""raw_open"": 210.4, ""side"": ""SELL"", ""strike"": 81400.0}]",9.0,EVALUATED,82890.94,661.8400000000023,43.04032524000006,13193.759674760047,True,,
development,2024-09-13,2024-09-10,Batman,low,0.09172085492136227,0.21825396825396826,81741.98,80905.82041186222,81445.28227567334,82339.77861111826,82871.70823339933,"{""c65"": 82300.0, ""c80"": 82900.0, ""p20"": 80900.0, ""p35"": 81400.0}",-75.80000000000001,-79.40608783319946,-82.83480646512646,0.4306,1785.5289547439552,2948.0605399560864,2948.0605399560864,2000.0,58961.21079912173,0.0,6.0,False,negative_net_ev,2.0,68.57437263854017,53.6429864,"[{""expiry"": ""2024-09-13"", ""option_type"": ""PE"", ""premium_points"": 212.4, ""qty"": 1, ""quantity_per_lot"": 1, ""raw_open"": 210.4, ""side"": ""BUY"", ""strike"": 81400.0}, {""expiry"": ""2024-09-13"", ""option_type"": ""PE"", ""premium_points"": 91.8, ""qty"": -2, ""quantity_per_lot"": 2, ""raw_open"": 93.8, ""side"": ""SELL"", ""strike"": 80900.0}, {""expiry"": ""2024-09-13"", ""option_type"": ""CE"", ""premium_points"": 137.5, ""qty"": 1, ""quantity_per_lot"": 1, ""raw_open"": 135.5, ""side"": ""BUY"", ""strike"": 82300.0}, {""expiry"": ""2024-09-13"", ""option_type"": ""CE"", ""premium_points"": 45.25, ""qty"": -2, ""quantity_per_lot"": 2, ""raw_open"": 47.25, ""side"": ""SELL"", ""strike"": 82900.0}]",0.0,STANDALONE_EVALUATED,82890.94,515.1400000000024,68.41648640000005,10234.383513600047,True,Batman_standalone,
development,2024-09-20,2024-09-17,Buy Call,low,0.08953795938538403,0.19047619047619047,82932.75,82060.23704330939,82603.83285219944,83494.09683355672,84012.93249005801,"{""atm"": 82900.0}",-460.9,95.59081192137889,94.2636344444772,0.3936,462.2271774769016,462.2271774769016,462.2271774769016,2000.0,9244.543549538032,1.0,1.0,True,eligible,2.0,26.543549538034473,12.631279240000001,"[{""expiry"": ""2024-09-20"", ""option_type"": ""CE"", ""premium_points"": 460.9, ""qty"": 1, ""quantity_per_lot"": 1, ""raw_open"": 458.9, ""side"": ""BUY"", ""strike"": 82900.0}]",2.0,EVALUATED,84544.31,1183.4099999999976,53.73902923999994,23614.460970759952,True,,
development,2024-09-20,2024-09-17,Long Synthetic Future,low,0.08953795938538403,0.19047619047619047,82932.75,82060.23704330939,82603.83285219944,83494.09683355672,84012.93249005801,"{""atm"": 82900.0}",-88.69999999999999,32.783637806156314,30.47186133325452,0.5304,2985.3326870843266,4499.051342703825,4499.051342703825,2000.0,89981.0268540765,1.0,2.0,True,eligible,2.0,46.23552945803447,32.32325916,"[{""expiry"": ""2024-09-20"", ""option_type"": ""CE"", ""premium_points"": 460.9, ""qty"": 1, ""quantity_per_lot"": 1, ""raw_open"": 458.9, ""side"": ""BUY"", ""strike"": 82900.0}, {""expiry"": ""2024-09-20"", ""option_type"": ""PE"", ""premium_points"": 372.2, ""qty"": -1, ""quantity_per_lot"": 1, ""raw_open"": 374.2, ""side"": ""SELL"", ""strike"": 82900.0}]",4.0,EVALUATED,84544.31,1555.6099999999976,73.43100915999995,31038.768990839955,True,,
development,2024-09-20,2024-09-17,Risk Reversal,low,0.08953795938538403,0.19047619047619047,82932.75,82060.23704330939,82603.83285219944,83494.09683355672,84012.93249005801,"{""c65"": 83500.0, ""p35"": 82600.0}",40.79999999999998,9.199123060066084,7.375922650786217,0.667,2555.344111020705,4069.062766640204,4069.062766640204,2000.0,81381.25533280408,1.0,2.0,True,eligible,2.0,36.46400818559659,29.33228004,"[{""expiry"": ""2024-09-20"", ""option_type"": ""CE"", ""premium_points"": 211.55, ""qty"": 1, ""quantity_per_lot"": 1, ""raw_open"": 209.55, ""side"": ""BUY"", ""strike"": 83500.0}, {""expiry"": ""2024-09-20"", ""option_type"": ""PE"", ""premium_points"": 252.35, ""qty"": -1, ""quantity_per_lot"": 1, ""raw_open"": 254.35, ""side"": ""SELL"", ""strike"": 82600.0}]",9.0,EVALUATED,84544.31,1085.1099999999976,55.44003003999994,21646.759969959952,True,,
development,2024-09-20,2024-09-17,Batman,low,0.08953795938538403,0.19047619047619047,82932.75,82060.23704330939,82603.83285219944,83494.09683355672,84012.93249005801,"{""c65"": 83500.0, ""c80"": 84000.0, ""p20"": 82100.0, ""p35"": 82600.0}",-29.200000000000017,-85.6567694050773,-89.27673950381191,0.4396,1952.8280703820403,3259.3731956295755,3259.3731956295755,2000.0,65187.46391259151,0.0,6.0,False,negative_net_ev,2.0,72.39940197469153,57.34592376,"[{""expiry"": ""2024-09-20"", ""option_type"": ""PE"", ""premium_points"": 256.35, ""qty"": 1, ""quantity_per_lot"": 1, ""raw_open"": 254.35, ""side"": ""BUY"", ""strike"": 82600.0}, {""expiry"": ""2024-09-20"", ""option_type"": ""PE"", ""premium_points"": 124.45, ""qty"": -2, ""quantity_per_lot"": 2, ""raw_open"": 126.45, ""side"": ""SELL"", ""strike"": 82100.0}, {""expiry"": ""2024-09-20"", ""option_type"": ""CE"", ""premium_points"": 211.55, ""qty"": 1, ""quantity_per_lot"": 1, ""raw_open"": 209.55, ""side"": ""BUY"", ""strike"": 83500.0}, {""expiry"": ""2024-09-20"", ""option_type"": ""CE"", ""premium_points"": 94.9, ""qty"": -2, ""quantity_per_lot"": 2, ""raw_open"": 96.9, ""side"": ""SELL"", ""strike"": 84000.0}]",0.0,STANDALONE_EVALUATED,84544.31,-73.50999999999769,83.45367375999993,-1553.6536737599538,True,Batman_standalone,
development,2024-09-27,2024-09-24,Buy Put,medium,0.10236575660628883,0.4126984126984127,84884.95,84062.631363803,84615.05090801344,85528.04882384889,86101.9591127025,"{""atm"": 84900.0}",-483.4,-45.05976285900627,-46.24128116743247,0.2872,484.581518308426,484.581518308426,484.581518308426,2000.0,9691.63036616852,0.0,1.0,False,negative_net_ev,2.0,23.630366168524844,12.671860239999999,"[{""expiry"": ""2024-09-27"", ""option_type"": ""PE"", ""premium_points"": 483.4, ""qty"": 1, ""quantity_per_lot"": 1, ""raw_open"": 481.4, ""side"": ""BUY"", ""strike"": 84900.0}]",1.0,EVALUATED,85571.85,-483.4,12.671860239999999,-9680.67186024,True,,
development,2024-09-27,2024-09-24,Put Ratio Spread,medium,0.10236575660628883,0.4126984126984127,84884.95,84062.631363803,84615.05090801344,85528.04882384889,86101.9591127025,"{""atm"": 84900.0, ""p35"": 84600.0}",224.60000000000002,22.114076177312256,19.591950428886037,0.7954,2070.5384758883565,3444.1195143306995,3444.1195143306995,2000.0,68882.39028661398,1.0,3.0,True,eligible,2.0,50.44251496852485,39.484009040000004,"[{""expiry"": ""2024-09-27"", ""option_type"": ""PE"", ""premium_points"": 483.4, ""qty"": 1, ""quantity_per_lot"": 1, ""raw_open"": 481.4, ""side"": ""BUY"", ""strike"": 84900.0}, {""expiry"": ""2024-09-27"", ""option_type"": ""PE"", ""premium_points"": 354.0, ""qty"": -2, ""quantity_per_lot"": 2, ""raw_open"": 356.0, ""side"": ""SELL"", ""strike"": 84600.0}]",4.0,EVALUATED,85571.85,224.60000000000002,39.484009040000004,4452.51599096,True,,
development,2024-09-27,2024-09-24,Short Straddle,medium,0.10236575660628883,0.4126984126984127,84884.95,84062.631363803,84615.05090801344,85528.04882384889,86101.9591127025,"{""atm"": 84900.0}",910.9,-112.89072755441684,-115.03644551641685,0.5426,2476.3568115601324,3620.3519626500592,3620.3519626500592,2000.0,72407.03925300119,0.0,2.0,False,negative_net_ev,2.0,42.91435924,42.91435924,"[{""expiry"": ""2024-09-27"", ""option_type"": ""CE"", ""premium_points"": 431.5, ""qty"": -1, ""quantity_per_lot"": 1, ""raw_open"": 433.5, ""side"": ""SELL"", ""strike"": 84900.0}, {""expiry"": ""2024-09-27"", ""option_type"": ""PE"", ""premium_points"": 479.4, ""qty"": -1, ""quantity_per_lot"": 1, ""raw_open"": 481.4, ""side"": ""SELL"", ""strike"": 84900.0}]",4.0,EVALUATED,85571.85,239.04999999999416,42.91435924,4738.085640759884,True,,
development,2024-09-27,2024-09-24,Short Strangle,medium,0.10236575660628883,0.4126984126984127,84884.95,84062.631363803,84615.05090801344,85528.04882384889,86101.9591127025,"{""c65"": 85500.0, ""p35"": 84600.0}",546.8,-85.7930432754178,-87.55274969941784,0.5898,2395.676503854978,3590.58809117586,3590.58809117586,2000.0,71811.7618235172,0.0,2.0,False,negative_net_ev,2.0,35.19412848,35.19412848,"[{""expiry"": ""2024-09-27"", ""option_type"": ""PE"", ""premium_points"": 354.0, ""qty"": -1, ""quantity_per_lot"": 1, ""raw_open"": 356.0, ""side"": ""SELL"", ""strike"": 84600.0}, {""expiry"": ""2024-09-27"", ""option_type"": ""CE"", ""premium_points"": 192.8, ""qty"": -1, ""quantity_per_lot"": 1, ""raw_open"": 194.8, ""side"": ""SELL"", ""strike"": 85500.0}]",3.0,EVALUATED,85571.85,474.94999999999413,35.19412848,9463.805871519884,True,,
development,2024-09-27,2024-09-24,Strip,medium,0.10236575660628883,0.4126984126984127,84884.95,84062.631363803,84615.05090801344,85528.04882384889,86101.9591127025,"{""atm"": 84900.0}",-1402.3,59.83096469541057,56.69684157554137,0.3872,1359.4492125596817,1397.2699313158823,1397.2699313158823,2000.0,27945.39862631765,1.0,3.0,True,eligible,2.0,62.682462397385265,26.12918828,"[{""expiry"": ""2024-09-27"", ""option_type"": ""CE"", ""premium_points"": 435.5, ""qty"": 1, ""quantity_per_lot"": 1, ""raw_open"": 433.5, ""side"": ""BUY"", ""strike"": 84900.0}, {""expiry"": ""2024-09-27"", ""option_type"": ""PE"", ""premium_points"": 483.4, ""qty"": 2, ""quantity_per_lot"": 2, ""raw_open"": 481.4, ""side"": ""BUY"", ""strike"": 84900.0}]",3.0,EVALUATED,85571.85,-730.4499999999941,42.92543828000015,-14651.925438279884,True,,
development,2024-09-27,2024-09-24,Batman,medium,0.10236575660628883,0.4126984126984127,84884.95,84062.631363803,84615.05090801344,85528.04882384889,86101.9591127025,"{""c65"": 85500.0, ""c80"": 86100.0, ""p20"": 84100.0, ""p35"": 84600.0}",18.69999999999999,-11.94218410344478,-15.750970501539053,0.787,1848.9343982764442,3075.7293282545274,3075.7293282545274,2000.0,61514.58656509055,0.0,6.0,False,negative_net_ev,2.0,76.17572796188544,60.36090188,"[{""expiry"": ""2024-09-27"", ""option_type"": ""PE"", ""premium_points"": 358.0, ""qty"": 1, ""quantity_per_lot"": 1, ""raw_open"": 356.0, ""side"": ""BUY"", ""strike"": 84600.0}, {""expiry"": ""2024-09-27"", ""option_type"": ""PE"", ""premium_points"": 208.75, ""qty"": -2, ""quantity_per_lot"": 2, ""raw_open"": 210.75, ""side"": ""SELL"", ""strike"": 84100.0}, {""expiry"": ""2024-09-27"", ""option_type"": ""CE"", ""premium_points"": 196.8, ""qty"": 1, ""quantity_per_lot"": 1, ""raw_open"": 194.8, ""side"": ""BUY"", ""strike"": 85500.0}, {""expiry"": ""2024-09-27"", ""option_type"": ""CE"", ""premium_points"": 78.0, ""qty"": -2, ""quantity_per_lot"": 2, ""raw_open"": 80.0, ""side"": ""SELL"", ""strike"": 86100.0}]",0.0,STANDALONE_EVALUATED,85571.85,90.55000000000581,62.15715188000014,1748.842848120116,True,Batman_standalone,
development,2024-10-04,2024-09-30,Buy Put,medium,0.10585079488965284,0.4880952380952381,85184.88,84307.09722244013,84877.09592006805,85799.46352340688,86341.17751408092,"{""atm"": 85200.0}",-405.25,52.00854649469698,50.81042786657861,0.3222,406.4481186281182,406.4481186281182,406.4481186281182,2000.0,8128.962372562364,1.0,1.0,True,eligible,2.0,23.962372562367428,12.530908900000002,"[{""expiry"": ""2024-10-04"", ""option_type"": ""PE"", ""premium_points"": 405.25, ""qty"": 1, ""quantity_per_lot"": 1, ""raw_open"": 403.25, ""side"": ""BUY"", ""strike"": 85200.0}]",1.0,EVALUATED,81688.45,3106.300000000003,100.31965890000008,62025.68034110006,True,,
development,2024-10-04,2024-09-30,Put Ratio Spread,medium,0.10585079488965284,0.4880952380952381,85184.88,84307.09722244013,84877.09592006805,85799.46352340688,86341.17751408092,"{""atm"": 85200.0, ""p35"": 84900.0}",176.45000000000005,-36.53974049424011,-38.94456582835847,0.7714,2177.848749731951,3935.3957783393334,3935.3957783393334,2000.0,78707.91556678667,0.0,3.0,False,negative_net_ev,2.0,48.096506682367426,36.66504302,"[{""expiry"": ""2024-10-04"", ""option_type"": ""PE"", ""premium_points"": 405.25, ""qty"": 1, ""quantity_per_lot"": 1, ""raw_open"": 403.25, ""side"": ""BUY"", ""strike"": 85200.0}, {""expiry"": ""2024-10-04"", ""option_type"": ""PE"", ""premium_points"": 290.85, ""qty"": -2, ""quantity_per_lot"": 2, ""raw_open"": 292.85, ""side"": ""SELL"", ""strike"": 84900.0}]",4.0,EVALUATED,81688.45,-2735.100000000003,124.45379302000008,-54826.45379302006,True,,
development,2024-10-04,2024-09-30,Short Straddle,medium,0.10585079488965284,0.4880952380952381,85184.88,84307.09722244013,84877.09592006805,85799.46352340688,86341.17751408092,"{""atm"": 85200.0}",914.7,-104.58764302929488,-106.73738967529484,0.5486,2535.8425410317473,4014.650710213759,4014.650710213759,2000.0,80293.01420427518,0.0,2.0,False,negative_net_ev,2.0,42.994932920000004,42.994932920000004,"[{""expiry"": ""2024-10-04"", ""option_type"": ""CE"", ""premium_points"": 513.45, ""qty"": -1, ""quantity_per_lot"": 1, ""raw_open"": 515.45, ""side"": ""SELL"", ""strike"": 85200.0}, {""expiry"": ""2024-10-04"", ""option_type"": ""PE"", ""premium_points"": 401.25, ""qty"": -1, ""quantity_per_lot"": 1, ""raw_open"": 403.25, ""side"": ""SELL"", ""strike"": 85200.0}]",4.0,EVALUATED,81688.45,-2596.850000000003,42.994932920000004,-51979.99493292006,True,,
development,2024-10-04,2024-09-30,Short Strangle,medium,0.10585079488965284,0.4880952380952381,85184.88,84307.09722244013,84877.09592006805,85799.46352340688,86341.17751408092,"{""c65"": 85800.0, ""p35"": 84900.0}",530.0,-98.76775580247775,-100.50965120247774,0.5822,2473.223249938286,4012.4517946415954,4012.4517946415954,2000.0,80249.0358928319,0.0,2.0,False,negative_net_ev,2.0,34.837908,34.837908,"[{""expiry"": ""2024-10-04"", ""option_type"": ""PE"", ""premium_points"": 290.85, ""qty"": -1, ""quantity_per_lot"": 1, ""raw_open"": 292.85, ""side"": ""SELL"", ""strike"": 84900.0}, {""expiry"": ""2024-10-04"", ""option_type"": ""CE"", ""premium_points"": 239.15, ""qty"": -1, ""quantity_per_lot"": 1, ""raw_open"": 241.15, ""side"": ""SELL"", ""strike"": 85800.0}]",3.0,EVALUATED,81688.45,-2681.550000000003,34.837908,-53665.83790800006,True,,
development,2024-10-04,2024-09-30,Strip,medium,0.10585079488965284,0.4880952380952381,85184.88,84307.09722244013,84877.09592006805,85799.46352340688,86341.17751408092,"{""atm"": 85200.0}",-1327.95,148.59618952399188,145.4507522560868,0.4186,1278.2233794280771,1321.2720381970257,1321.2720381970257,2000.0,26425.440763940514,1.0,3.0,True,eligible,2.0,62.9087453580998,25.99509062,"[{""expiry"": ""2024-10-04"", ""option_type"": ""CE"", ""premium_points"": 517.45, ""qty"": 1, ""quantity_per_lot"": 1, ""raw_open"": 515.45, ""side"": ""BUY"", ""strike"": 85200.0}, {""expiry"": ""2024-10-04"", ""option_type"": ""PE"", ""premium_points"": 405.25, ""qty"": 2, ""quantity_per_lot"": 2, ""raw_open"": 403.25, ""side"": ""BUY"", ""strike"": 85200.0}]",3.0,EVALUATED,81688.45,5695.150000000006,201.57259062000014,113701.42740938012,True,,
development,2024-10-04,2024-09-30,Batman,medium,0.10585079488965284,0.4880952380952381,85184.88,84307.09722244013,84877.09592006805,85799.46352340688,86341.17751408092,"{""c65"": 85800.0, ""c80"": 86300.0, ""p20"": 84300.0, ""p35"": 84900.0}",-21.700000000000074,-45.36958006481307,-49.111427533566186,0.4756,1920.3194749737738,3422.511732167087,3422.511732167087,2000.0,68450.23464334174,0.0,6.0,False,negative_net_ev,2.0,74.83694937506193,59.11775547999999,"[{""expiry"": ""2024-10-04"", ""option_type"": ""PE"", ""premium_points"": 294.85, ""qty"": 1, ""quantity_per_lot"": 1, ""raw_open"": 292.85, ""side"": ""BUY"", ""strike"": 84900.0}, {""expiry"": ""2024-10-04"", ""option_type"": ""PE"", ""premium_points"": 139.6, ""qty"": -2, ""quantity_per_lot"": 2, ""raw_open"": 141.6, ""side"": ""SELL"", ""strike"": 84300.0}, {""expiry"": ""2024-10-04"", ""option_type"": ""CE"", ""premium_points"": 243.15, ""qty"": 1, ""quantity_per_lot"": 1, ""raw_open"": 241.15, ""side"": ""BUY"", ""strike"": 85800.0}, {""expiry"": ""2024-10-04"", ""option_type"": ""CE"", ""premium_points"": 118.55, ""qty"": -2, ""quantity_per_lot"": 2, ""raw_open"": 120.55, ""side"": ""SELL"", ""strike"": 86300.0}]",0.0,STANDALONE_EVALUATED,81688.45,-2033.250000000003,139.40650548000008,-40804.40650548006,True,Batman_standalone,
development,2024-10-11,2024-10-08,Batman,high,0.14479872589623716,0.8015873015873016,81224.36,80364.3328867136,80905.05497937977,81764.86005799715,82325.50928464605,"{""c65"": 81800.0, ""c80"": 82300.0, ""p20"": 80400.0, ""p35"": 80900.0}",297.54999999999995,246.20605680674407,240.95677560363723,0.85,1622.6388386268188,2970.604880642777,2970.604880642777,2000.0,59412.09761285554,1.0,6.0,True,eligible,2.0,104.98562406213487,90.05811772,"[{""expiry"": ""2024-10-11"", ""option_type"": ""PE"", ""premium_points"": 512.85, ""qty"": 1, ""quantity_per_lot"": 1, ""raw_open"": 510.85, ""side"": ""BUY"", ""strike"": 80900.0}, {""expiry"": ""2024-10-11"", ""option_type"": ""PE"", ""premium_points"": 355.9, ""qty"": -2, ""quantity_per_lot"": 2, ""raw_open"": 357.9, ""side"": ""SELL"", ""strike"": 80400.0}, {""expiry"": ""2024-10-11"", ""option_type"": ""CE"", ""premium_points"": 449.1, ""qty"": 1, ""quantity_per_lot"": 1, ""raw_open"": 447.1, ""side"": ""BUY"", ""strike"": 81800.0}, {""expiry"": ""2024-10-11"", ""option_type"": ""CE"", ""premium_points"": 273.85, ""qty"": -2, ""quantity_per_lot"": 2, ""raw_open"": 275.85, ""side"": ""SELL"", ""strike"": 82300.0}]",2.0,EVALUATED,81381.36,297.54999999999995,90.05811772,5860.941882279999,True,,
development,2024-10-11,2024-10-08,Long Synthetic Future,high,0.14479872589623716,0.8015873015873016,81224.36,80364.3328867136,80905.05497937977,81764.86005799715,82325.50928464605,"{""atm"": 81200.0}",-109.14999999999998,-1.863992001690244,-4.894563691718277,0.5074,3020.238836998672,4593.992933461161,4593.992933461161,2000.0,91879.8586692232,0.0,2.0,False,negative_net_ev,2.0,60.61143380056137,46.99544708,"[{""expiry"": ""2024-10-11"", ""option_type"": ""CE"", ""premium_points"": 734.1, ""qty"": 1, ""quantity_per_lot"": 1, ""raw_open"": 732.1, ""side"": ""BUY"", ""strike"": 81200.0}, {""expiry"": ""2024-10-11"", ""option_type"": ""PE"", ""premium_points"": 624.95, ""qty"": -1, ""quantity_per_lot"": 1, ""raw_open"": 626.95, ""side"": ""SELL"", ""strike"": 81200.0}]",3.0,EVALUATED,81381.36,72.2100000000006,51.52944708000001,1392.6705529200121,True,,
development,2024-10-11,2024-10-08,Risk Reversal,high,0.14479872589623716,0.8015873015873016,81224.36,80364.3328867136,80905.05497937977,81764.86005799715,82325.50928464605,"{""c65"": 81800.0, ""p35"": 80900.0}",59.75,21.193535803708702,18.773618729278045,0.669,2550.728182383076,4124.482278845563,4124.482278845563,2000.0,82489.64557691127,1.0,2.0,True,eligible,2.0,48.398341488613795,41.41654412,"[{""expiry"": ""2024-10-11"", ""option_type"": ""CE"", ""premium_points"": 449.1, ""qty"": 1, ""quantity_per_lot"": 1, ""raw_open"": 447.1, ""side"": ""BUY"", ""strike"": 81800.0}, {""expiry"": ""2024-10-11"", ""option_type"": ""PE"", ""premium_points"": 508.85, ""qty"": -1, ""quantity_per_lot"": 1, ""raw_open"": 510.85, ""side"": ""SELL"", ""strike"": 80900.0}]",5.0,EVALUATED,81381.36,59.75,41.41654412,1153.58345588,True,,
development,2024-10-11,2024-10-08,Sell Put,high,0.14479872589623716,0.8015873015873016,81224.36,80364.3328867136,80905.05497937977,81764.86005799715,82325.50928464605,"{""atm"": 81200.0}",624.95,187.5965391758549,186.14118340985496,0.7448,2284.5636210746447,3858.317717537132,3858.317717537132,2000.0,77166.35435074264,1.0,1.0,True,eligible,2.0,29.107115320000002,29.107115320000002,"[{""expiry"": ""2024-10-11"", ""option_type"": ""PE"", ""premium_points"": 624.95, ""qty"": -1, ""quantity_per_lot"": 1, ""raw_open"": 626.95, ""side"": ""SELL"", ""strike"": 81200.0}]",5.0,EVALUATED,81381.36,624.95,29.107115320000002,12469.89288468,True,,
development,2024-10-11,2024-10-08,Batman,high,0.14479872589623716,0.8015873015873016,81224.36,80364.3328867136,80905.05497937977,81764.86005799715,82325.50928464605,"{""c65"": 81800.0, ""c80"": 82300.0, ""p20"": 80400.0, ""p35"": 80900.0}",297.54999999999995,246.20605680674407,240.95677560363723,0.85,1622.6388386268188,2970.604880642777,2970.604880642777,2000.0,59412.09761285554,1.0,6.0,True,eligible,2.0,104.98562406213487,90.05811772,"[{""expiry"": ""2024-10-11"", ""option_type"": ""PE"", ""premium_points"": 512.85, ""qty"": 1, ""quantity_per_lot"": 1, ""raw_open"": 510.85, ""side"": ""BUY"", ""strike"": 80900.0}, {""expiry"": ""2024-10-11"", ""option_type"": ""PE"", ""premium_points"": 355.9, ""qty"": -2, ""quantity_per_lot"": 2, ""raw_open"": 357.9, ""side"": ""SELL"", ""strike"": 80400.0}, {""expiry"": ""2024-10-11"", ""option_type"": ""CE"", ""premium_points"": 449.1, ""qty"": 1, ""quantity_per_lot"": 1, ""raw_open"": 447.1, ""side"": ""BUY"", ""strike"": 81800.0}, {""expiry"": ""2024-10-11"", ""option_type"": ""CE"", ""premium_points"": 273.85, ""qty"": -2, ""quantity_per_lot"": 2, ""raw_open"": 275.85, ""side"": ""SELL"", ""strike"": 82300.0}]",2.0,EVALUATED,81381.36,297.54999999999995,90.05811772,5860.941882279999,True,Batman_standalone,
development,2024-10-18,2024-10-15,Batman,high,0.13243998057799675,0.7420634920634921,82160.08,81291.9547696136,81837.31926670134,82733.197224007,83282.4315385564,"{""c65"": 82700.0, ""c80"": 83300.0, ""p20"": 81300.0, ""p35"": 81800.0}",-64.75,-71.54954027586588,-75.2913785798551,0.4386,1726.9963814077685,2833.618314863191,2833.618314863191,2000.0,56672.36629726381,0.0,6.0,False,negative_net_ev,2.0,74.83676607978444,59.70635332,"[{""expiry"": ""2024-10-18"", ""option_type"": ""PE"", ""premium_points"": 214.45, ""qty"": 1, ""quantity_per_lot"": 1, ""raw_open"": 212.45, ""side"": ""BUY"", ""strike"": 81800.0}, {""expiry"": ""2024-10-18"", ""option_type"": ""PE"", ""premium_points"": 103.1, ""qty"": -2, ""quantity_per_lot"": 2, ""raw_open"": 105.1, ""side"": ""SELL"", ""strike"": 81300.0}, {""expiry"": ""2024-10-18"", ""option_type"": ""CE"", ""premium_points"": 182.9, ""qty"": 1, ""quantity_per_lot"": 1, ""raw_open"": 180.9, ""side"": ""BUY"", ""strike"": 82700.0}, {""expiry"": ""2024-10-18"", ""option_type"": ""CE"", ""premium_points"": 63.2, ""qty"": -2, ""quantity_per_lot"": 2, ""raw_open"": 65.2, ""side"": ""SELL"", ""strike"": 83300.0}]",2.0,EVALUATED,81224.75,360.0,74.08760332,7125.91239668,True,,
development,2024-10-18,2024-10-15,Long Synthetic Future,high,0.13243998057799675,0.7420634920634921,82160.08,81291.9547696136,81837.31926670134,82733.197224007,83282.4315385564,"{""atm"": 82200.0}",-34.69999999999999,26.376040991431232,23.883304007658207,0.513,2843.0883022135904,4092.5356617964517,4092.5356617964517,2000.0,81850.71323592903,1.0,2.0,True,eligible,2.0,49.85473967545925,36.74601448,"[{""expiry"": ""2024-10-18"", ""option_type"": ""CE"", ""premium_points"": 392.0, ""qty"": 1, ""quantity_per_lot"": 1, ""raw_open"": 390.0, ""side"": ""BUY"", ""strike"": 82200.0}, {""expiry"": ""2024-10-18"", ""option_type"": ""PE"", ""premium_points"": 357.3, ""qty"": -1, ""quantity_per_lot"": 1, ""raw_open"": 359.3, ""side"": ""SELL"", ""strike"": 82200.0}]",3.0,EVALUATED,81224.75,-1009.95,36.74601448,-20235.74601448,True,,
development,2024-10-18,2024-10-15,Risk Reversal,high,0.13243998057799675,0.7420634920634921,82160.08,81291.9547696136,81837.31926670134,82733.197224007,83282.4315385564,"{""c65"": 82700.0, ""p35"": 81800.0}",27.549999999999983,30.157343323421095,28.230202536849376,0.6668,2380.2727060163897,3629.7200655992506,3629.7200655992506,2000.0,72594.40131198501,1.0,2.0,True,eligible,2.0,38.542815731434985,30.94501756,"[{""expiry"": ""2024-10-18"", ""option_type"": ""CE"", ""premium_points"": 182.9, ""qty"": 1, ""quantity_per_lot"": 1, ""raw_open"": 180.9, ""side"": ""BUY"", ""strike"": 82700.0}, {""expiry"": ""2024-10-18"", ""option_type"": ""PE"", ""premium_points"": 210.45, ""qty"": -1, ""quantity_per_lot"": 1, ""raw_open"": 212.45, ""side"": ""SELL"", ""strike"": 81800.0}]",5.0,EVALUATED,81224.75,-547.7,30.94501756,-10984.94501756,True,,
development,2024-10-18,2024-10-15,Sell Put,high,0.13243998057799675,0.7420634920634921,82160.08,81291.9547696136,81837.31926670134,82733.197224007,83282.4315385564,"{""atm"": 82200.0}",357.3,-105.97296682693879,-107.05771299093882,0.6478,2449.680311393818,3699.127670976679,3699.127670976679,2000.0,73982.55341953358,0.0,1.0,False,negative_net_ev,2.0,21.694923279999998,21.694923279999998,"[{""expiry"": ""2024-10-18"", ""option_type"": ""PE"", ""premium_points"": 357.3, ""qty"": -1, ""quantity_per_lot"": 1, ""raw_open"": 359.3, ""side"": ""SELL"", ""strike"": 82200.0}]",5.0,EVALUATED,81224.75,-617.95,21.694923279999998,-12380.69492328,True,,
development,2024-10-18,2024-10-15,Batman,high,0.13243998057799675,0.7420634920634921,82160.08,81291.9547696136,81837.31926670134,82733.197224007,83282.4315385564,"{""c65"": 82700.0, ""c80"": 83300.0, ""p20"": 81300.0, ""p35"": 81800.0}",-64.75,-71.54954027586588,-75.2913785798551,0.4386,1726.9963814077685,2833.618314863191,2833.618314863191,2000.0,56672.36629726381,0.0,6.0,False,negative_net_ev,2.0,74.83676607978444,59.70635332,"[{""expiry"": ""2024-10-18"", ""option_type"": ""PE"", ""premium_points"": 214.45, ""qty"": 1, ""quantity_per_lot"": 1, ""raw_open"": 212.45, ""side"": ""BUY"", ""strike"": 81800.0}, {""expiry"": ""2024-10-18"", ""option_type"": ""PE"", ""premium_points"": 103.1, ""qty"": -2, ""quantity_per_lot"": 2, ""raw_open"": 105.1, ""side"": ""SELL"", ""strike"": 81300.0}, {""expiry"": ""2024-10-18"", ""option_type"": ""CE"", ""premium_points"": 182.9, ""qty"": 1, ""quantity_per_lot"": 1, ""raw_open"": 180.9, ""side"": ""BUY"", ""strike"": 82700.0}, {""expiry"": ""2024-10-18"", ""option_type"": ""CE"", ""premium_points"": 63.2, ""qty"": -2, ""quantity_per_lot"": 2, ""raw_open"": 65.2, ""side"": ""SELL"", ""strike"": 83300.0}]",2.0,EVALUATED,81224.75,360.0,74.08760332,7125.91239668,True,Batman_standalone,
development,2024-10-25,2024-10-22,Buy Put,medium,0.11703016821667454,0.6587301587301587,81305.97,80420.32675584313,80966.93304525624,81877.50306919565,82408.49124942394,"{""atm"": 81300.0}",-403.65,49.41983708587056,48.09611420751323,0.3264,404.9737228783574,404.9737228783574,404.9737228783574,2000.0,8099.474457567148,1.0,1.0,True,eligible,2.0,26.474457567146768,15.14771164,"[{""expiry"": ""2024-10-25"", ""option_type"": ""PE"", ""premium_points"": 403.65, ""qty"": 1, ""quantity_per_lot"": 1, ""raw_open"": 401.65, ""side"": ""BUY"", ""strike"": 81300.0}]",1.0,EVALUATED,79402.29,1494.0600000000063,62.59046164000016,29818.609538360128,True,,
development,2024-10-25,2024-10-22,Put Ratio Spread,medium,0.11703016821667454,0.6587301587301587,81305.97,80420.32675584313,80966.93304525624,81877.50306919565,82408.49124942394,"{""atm"": 81300.0, ""p35"": 81000.0}",143.05000000000007,-64.34253984527567,-67.01326727963303,0.7678,2129.305909279194,3576.1913968603913,3576.1913968603913,2000.0,71523.82793720783,0.0,3.0,False,negative_net_ev,2.0,53.41454868714677,42.08780276,"[{""expiry"": ""2024-10-25"", ""option_type"": ""PE"", ""premium_points"": 403.65, ""qty"": 1, ""quantity_per_lot"": 1, ""raw_open"": 401.65, ""side"": ""BUY"", ""strike"": 81300.0}, {""expiry"": ""2024-10-25"", ""option_type"": ""PE"", ""premium_points"": 273.35, ""qty"": -2, ""quantity_per_lot"": 2, ""raw_open"": 275.35, ""side"": ""SELL"", ""strike"": 81000.0}]",4.0,EVALUATED,79402.29,-1154.6600000000062,89.53055276000016,-23182.730552760124,True,,
development,2024-10-25,2024-10-22,Short Straddle,medium,0.11703016821667454,0.6587301587301587,81305.97,80420.32675584313,80966.93304525624,81877.50306919565,82408.49124942394,"{""atm"": 81300.0}",818.15,-178.69627876845988,-181.00915471045988,0.513,2546.0860213666333,3773.506981689352,3773.506981689352,2000.0,75470.13963378704,0.0,2.0,False,negative_net_ev,2.0,46.25751884,46.25751884,"[{""expiry"": ""2024-10-25"", ""option_type"": ""CE"", ""premium_points"": 418.5, ""qty"": -1, ""quantity_per_lot"": 1, ""raw_open"": 420.5, ""side"": ""SELL"", ""strike"": 81300.0}, {""expiry"": ""2024-10-25"", ""option_type"": ""PE"", ""premium_points"": 399.65, ""qty"": -1, ""quantity_per_lot"": 1, ""raw_open"": 401.65, ""side"": ""SELL"", ""strike"": 81300.0}]",4.0,EVALUATED,79402.29,-1079.5600000000063,46.25751884,-21637.45751884013,True,,
development,2024-10-25,2024-10-22,Short Strangle,medium,0.11703016821667454,0.6587301587301587,81305.97,80420.32675584313,80966.93304525624,81877.50306919565,82408.49124942394,"{""c65"": 81900.0, ""p35"": 81000.0}",458.6,-152.80545217993657,-154.62046642793655,0.5612,2460.699882855363,3755.1749003820933,3755.1749003820933,2000.0,75103.49800764187,0.0,2.0,False,negative_net_ev,2.0,36.30028495999999,36.30028495999999,"[{""expiry"": ""2024-10-25"", ""option_type"": ""PE"", ""premium_points"": 273.35, ""qty"": -1, ""quantity_per_lot"": 1, ""raw_open"": 275.35, ""side"": ""SELL"", ""strike"": 81000.0}, {""expiry"": ""2024-10-25"", ""option_type"": ""CE"", ""premium_points"": 185.25, ""qty"": -1, ""quantity_per_lot"": 1, ""raw_open"": 187.25, ""side"": ""SELL"", ""strike"": 81900.0}]",3.0,EVALUATED,79402.29,-1139.1100000000065,36.30028495999999,-22818.50028496013,True,,
development,2024-10-25,2024-10-22,Strip,medium,0.11703016821667454,0.6587301587301587,81305.97,80420.32675584313,80966.93304525624,81877.50306919565,82408.49124942394,"{""atm"": 81300.0}",-1229.8,220.11611585433045,216.61374724551254,0.4362,1187.5056466095855,1224.3639525566357,1224.3639525566357,2000.0,24487.279051132715,1.0,3.0,True,eligible,2.0,70.04737217635827,33.79946928,"[{""expiry"": ""2024-10-25"", ""option_type"": ""CE"", ""premium_points"": 422.5, ""qty"": 1, ""quantity_per_lot"": 1, ""raw_open"": 420.5, ""side"": ""BUY"", ""strike"": 81300.0}, {""expiry"": ""2024-10-25"", ""option_type"": ""PE"", ""premium_points"": 403.65, ""qty"": 2, ""quantity_per_lot"": 2, ""raw_open"": 401.65, ""side"": ""BUY"", ""strike"": 81300.0}]",3.0,EVALUATED,79402.29,2565.6200000000126,128.6849692800003,51183.715030720254,True,,
development,2024-10-25,2024-10-22,Batman,medium,0.11703016821667454,0.6587301587301587,81305.97,80420.32675584313,80966.93304525624,81877.50306919565,82408.49124942394,"{""c65"": 81900.0, ""c80"": 82400.0, ""p20"": 80400.0, ""p35"": 81000.0}",-18.80000000000004,-37.937228376552845,-41.87503458377775,0.4778,1833.0883275521353,3084.6077999913587,3084.6077999913587,2000.0,61692.15599982717,0.0,6.0,False,negative_net_ev,2.0,78.75612414449841,63.47098784000001,"[{""expiry"": ""2024-10-25"", ""option_type"": ""PE"", ""premium_points"": 277.35, ""qty"": 1, ""quantity_per_lot"": 1, ""raw_open"": 275.35, ""side"": ""BUY"", ""strike"": 81000.0}, {""expiry"": ""2024-10-25"", ""option_type"": ""PE"", ""premium_points"": 133.2, ""qty"": -2, ""quantity_per_lot"": 2, ""raw_open"": 135.2, ""side"": ""SELL"", ""strike"": 80400.0}, {""expiry"": ""2024-10-25"", ""option_type"": ""CE"", ""premium_points"": 189.25, ""qty"": 1, ""quantity_per_lot"": 1, ""raw_open"": 187.25, ""side"": ""BUY"", ""strike"": 81900.0}, {""expiry"": ""2024-10-25"", ""option_type"": ""CE"", ""premium_points"": 90.7, ""qty"": -2, ""quantity_per_lot"": 2, ""raw_open"": 92.7, ""side"": ""SELL"", ""strike"": 82400.0}]",0.0,STANDALONE_EVALUATED,79402.29,-416.51000000000647,103.41373784000017,-8433.61373784013,True,Batman_standalone,
development,2024-11-08,2024-11-05,Buy Call,low,0.0936738465905811,0.19047619047619047,78696.42,77859.79176997724,78392.40272651355,79224.2394176546,79718.54719854124,"{""atm"": 78700.0}",-727.65,-221.06025292578042,-222.58523201162322,0.283,729.1749790858429,729.1749790858429,729.1749790858429,2000.0,14583.499581716858,0.0,1.0,False,negative_net_ev,2.0,30.49958171685549,17.83483804,"[{""expiry"": ""2024-11-08"", ""option_type"": ""CE"", ""premium_points"": 727.65, ""qty"": 1, ""quantity_per_lot"": 1, ""raw_open"": 725.65, ""side"": ""BUY"", ""strike"": 78700.0}]",2.0,EVALUATED,79486.32,58.67000000000701,37.49283804000018,1135.90716196014,True,,
development,2024-11-08,2024-11-05,Long Synthetic Future,low,0.0936738465905811,0.19047619047619047,78696.42,77859.79176997724,78392.40272651355,79224.2394176546,79718.54719854124,"{""atm"": 78700.0}",-81.5,0.9454441869249044,-2.0642458809178277,0.5108,2819.1331041838234,4299.61390243124,4299.61390243124,2000.0,85992.2780486248,0.0,2.0,False,negative_net_ev,2.0,60.19380135685549,47.52905768,"[{""expiry"": ""2024-11-08"", ""option_type"": ""CE"", ""premium_points"": 727.65, ""qty"": 1, ""quantity_per_lot"": 1, ""raw_open"": 725.65, ""side"": ""BUY"", ""strike"": 78700.0}, {""expiry"": ""2024-11-08"", ""option_type"": ""PE"", ""premium_points"": 646.15, ""qty"": -1, ""quantity_per_lot"": 1, ""raw_open"": 648.15, ""side"": ""SELL"", ""strike"": 78700.0}]",4.0,EVALUATED,79486.32,704.820000000007,67.18705768000018,14029.21294232014,True,,
development,2024-11-08,2024-11-05,Risk Reversal,low,0.0936738465905811,0.19047619047619047,78696.42,77859.79176997724,78392.40272651355,79224.2394176546,79718.54719854124,"{""c65"": 79200.0, ""p35"": 78400.0}",22.450000000000045,-0.00793474332866972,-2.4530645902399852,0.6546,2414.618543962891,3895.0993422103084,3895.0993422103084,2000.0,77901.98684420617,0.0,2.0,False,negative_net_ev,2.0,48.90259693822626,41.90043332,"[{""expiry"": ""2024-11-08"", ""option_type"": ""CE"", ""premium_points"": 491.25, ""qty"": 1, ""quantity_per_lot"": 1, ""raw_open"": 489.25, ""side"": ""BUY"", ""strike"": 79200.0}, {""expiry"": ""2024-11-08"", ""option_type"": ""PE"", ""premium_points"": 513.7, ""qty"": -1, ""quantity_per_lot"": 1, ""raw_open"": 515.7, ""side"": ""SELL"", ""strike"": 78400.0}]",9.0,EVALUATED,79486.32,308.77000000000703,49.05843332000017,6126.34156668014,True,,
development,2024-11-08,2024-11-05,Batman,low,0.0936738465905811,0.19047619047619047,78696.42,77859.79176997724,78392.40272651355,79224.2394176546,79718.54719854124,"{""c65"": 79200.0, ""c80"": 79700.0, ""p20"": 77900.0, ""p35"": 78400.0}",298.15,265.6487308292248,260.33213543497294,0.8588,1473.5418014345998,2745.611964957978,2745.611964957978,2000.0,54912.23929915956,0.0,6.0,False,no_risk_sized_lot,2.0,106.33190788503573,91.76613228,"[{""expiry"": ""2024-11-08"", ""option_type"": ""PE"", ""premium_points"": 517.7, ""qty"": 1, ""quantity_per_lot"": 1, ""raw_open"": 515.7, ""side"": ""BUY"", ""strike"": 78400.0}, {""expiry"": ""2024-11-08"", ""option_type"": ""PE"", ""premium_points"": 348.0, ""qty"": -2, ""quantity_per_lot"": 2, ""raw_open"": 350.0, ""side"": ""SELL"", ""strike"": 77900.0}, {""expiry"": ""2024-11-08"", ""option_type"": ""CE"", ""premium_points"": 491.25, ""qty"": 1, ""quantity_per_lot"": 1, ""raw_open"": 489.25, ""side"": ""BUY"", ""strike"": 79200.0}, {""expiry"": ""2024-11-08"", ""option_type"": ""CE"", ""premium_points"": 305.55, ""qty"": -2, ""quantity_per_lot"": 2, ""raw_open"": 307.55, ""side"": ""SELL"", ""strike"": 79700.0}]",0.0,STANDALONE_EVALUATED,79486.32,584.470000000007,98.92413228000017,11590.475867720139,True,Batman_standalone,
development,2024-11-14,2024-11-11,Buy Put,medium,0.11053508325119604,0.5158730158730159,79304.49,78469.44922901357,79006.00567267761,79855.5928476777,80372.59121179894,"{""atm"": 79300.0}",-434.5,-12.472001948002621,-13.76971540556759,0.306,435.79771345756495,435.79771345756495,435.79771345756495,2000.0,8715.9542691513,0.0,1.0,False,negative_net_ev,2.0,25.954269151299933,15.403569199999998,"[{""expiry"": ""2024-11-14"", ""option_type"": ""PE"", ""premium_points"": 434.5, ""qty"": 1, ""quantity_per_lot"": 1, ""raw_open"": 432.5, ""side"": ""BUY"", ""strike"": 79300.0}]",1.0,EVALUATED,77580.31,1285.1900000000023,58.39581920000006,25645.404180800047,True,,
development,2024-11-14,2024-11-11,Put Ratio Spread,medium,0.11053508325119604,0.5158730158730159,79304.49,78469.44922901357,79006.00567267761,79855.5928476777,80372.59121179894,"{""atm"": 79300.0, ""p35"": 79000.0}",178.20000000000005,-3.7659501196840703,-6.5020570132490505,0.7872,1953.977986897358,3439.4115905786375,3439.4115905786375,2000.0,68788.23181157275,0.0,3.0,False,negative_net_ev,2.0,54.722137871299935,44.17143792,"[{""expiry"": ""2024-11-14"", ""option_type"": ""PE"", ""premium_points"": 434.5, ""qty"": 1, ""quantity_per_lot"": 1, ""raw_open"": 432.5, ""side"": ""BUY"", ""strike"": 79300.0}, {""expiry"": ""2024-11-14"", ""option_type"": ""PE"", ""premium_points"": 306.35, ""qty"": -2, ""quantity_per_lot"": 2, ""raw_open"": 308.35, ""side"": ""SELL"", ""strike"": 79000.0}]",4.0,EVALUATED,77580.31,-941.4900000000023,87.16368792000006,-18916.963687920048,True,,
development,2024-11-14,2024-11-11,Short Straddle,medium,0.11053508325119604,0.5158730158730159,79304.49,78469.44922901357,79006.00567267761,79855.5928476777,80372.59121179894,"{""atm"": 79300.0}",878.5,-76.07026656165438,-78.46670794165438,0.5628,2357.123818859848,3560.388255961422,3560.388255961422,2000.0,71207.76511922844,0.0,2.0,False,negative_net_ev,2.0,47.9288276,47.9288276,"[{""expiry"": ""2024-11-14"", ""option_type"": ""CE"", ""premium_points"": 448.0, ""qty"": -1, ""quantity_per_lot"": 1, ""raw_open"": 450.0, ""side"": ""SELL"", ""strike"": 79300.0}, {""expiry"": ""2024-11-14"", ""option_type"": ""PE"", ""premium_points"": 430.5, ""qty"": -1, ""quantity_per_lot"": 1, ""raw_open"": 432.5, ""side"": ""SELL"", ""strike"": 79300.0}]",4.0,EVALUATED,77580.31,-841.1900000000023,47.9288276,-16871.728827600047,True,,
development,2024-11-14,2024-11-11,Short Strangle,medium,0.11053508325119604,0.5158730158730159,79304.49,78469.44922901357,79006.00567267761,79855.5928476777,80372.59121179894,"{""c65"": 79900.0, ""p35"": 79000.0}",512.8,-58.13364239157429,-60.023706295574314,0.6034,2276.557614382436,3535.610149395875,3535.610149395875,2000.0,70712.2029879175,0.0,2.0,False,negative_net_ev,2.0,37.801278079999996,37.801278079999996,"[{""expiry"": ""2024-11-14"", ""option_type"": ""PE"", ""premium_points"": 306.35, ""qty"": -1, ""quantity_per_lot"": 1, ""raw_open"": 308.35, ""side"": ""SELL"", ""strike"": 79000.0}, {""expiry"": ""2024-11-14"", ""option_type"": ""CE"", ""premium_points"": 206.45, ""qty"": -1, ""quantity_per_lot"": 1, ""raw_open"": 208.45, ""side"": ""SELL"", ""strike"": 79900.0}]",3.0,EVALUATED,77580.31,-906.8900000000024,37.801278079999996,-18175.60127808005,True,,
development,2024-11-14,2024-11-11,Strip,medium,0.11053508325119604,0.5158730158730159,79304.49,78469.44922901357,79006.00567267761,79855.5928476777,80372.59121179894,"{""atm"": 79300.0}",-1321.0,55.59826461365175,52.149724502884695,0.3908,1277.4629967824799,1316.436622858426,1316.436622858426,2000.0,26328.73245716852,1.0,3.0,True,eligible,2.0,68.97080221534131,34.555845600000005,"[{""expiry"": ""2024-11-14"", ""option_type"": ""CE"", ""premium_points"": 452.0, ""qty"": 1, ""quantity_per_lot"": 1, ""raw_open"": 450.0, ""side"": ""BUY"", ""strike"": 79300.0}, {""expiry"": ""2024-11-14"", ""option_type"": ""PE"", ""premium_points"": 434.5, ""qty"": 2, ""quantity_per_lot"": 2, ""raw_open"": 432.5, ""side"": ""BUY"", ""strike"": 79300.0}]",3.0,EVALUATED,77580.31,2118.3800000000047,120.54034560000014,42247.059654400095,True,,
development,2024-11-14,2024-11-11,Batman,medium,0.11053508325119604,0.5158730158730159,79304.49,78469.44922901357,79006.00567267761,79855.5928476777,80372.59121179894,"{""c65"": 79900.0, ""c80"": 80400.0, ""p20"": 78500.0, ""p35"": 79000.0}",6.899999999999977,-31.510882792264358,-35.53121082525385,0.7886,1784.5878785114255,3043.6404135248654,3043.6404135248654,2000.0,60872.808270497306,0.0,6.0,False,negative_net_ev,2.0,80.40656065978936,66.1332196,"[{""expiry"": ""2024-11-14"", ""option_type"": ""PE"", ""premium_points"": 310.35, ""qty"": 1, ""quantity_per_lot"": 1, ""raw_open"": 308.35, ""side"": ""BUY"", ""strike"": 79000.0}, {""expiry"": ""2024-11-14"", ""option_type"": ""PE"", ""premium_points"": 164.75, ""qty"": -2, ""quantity_per_lot"": 2, ""raw_open"": 166.75, ""side"": ""SELL"", ""strike"": 78500.0}, {""expiry"": ""2024-11-14"", ""option_type"": ""CE"", ""premium_points"": 210.45, ""qty"": 1, ""quantity_per_lot"": 1, ""raw_open"": 208.45, ""side"": ""BUY"", ""strike"": 79900.0}, {""expiry"": ""2024-11-14"", ""option_type"": ""CE"", ""premium_points"": 99.1, ""qty"": -2, ""quantity_per_lot"": 2, ""raw_open"": 101.1, ""side"": ""SELL"", ""strike"": 80400.0}]",0.0,STANDALONE_EVALUATED,77580.31,-412.79000000000235,101.62546960000006,-8357.425469600046,True,Batman_standalone,
development,2024-11-22,2024-11-18,Buy Put,medium,0.11605951306356825,0.6190476190476191,77376.63,76564.58708333495,77106.90929973398,77926.08040498804,78400.7928007509,"{""atm"": 77400.0}",-534.2,-108.1382781895608,-109.4823773978239,0.274,535.5440992082631,535.5440992082631,535.5440992082631,2000.0,10710.881984165262,0.0,1.0,False,negative_net_ev,2.0,26.88198416526098,16.230441120000002,"[{""expiry"": ""2024-11-22"", ""option_type"": ""PE"", ""premium_points"": 534.2, ""qty"": 1, ""quantity_per_lot"": 1, ""raw_open"": 532.2, ""side"": ""BUY"", ""strike"": 77400.0}]",1.0,EVALUATED,79117.11,-534.2,16.230441120000002,-10700.23044112,True,,
development,2024-11-22,2024-11-18,Put Ratio Spread,medium,0.11605951306356825,0.6190476190476191,77376.63,76564.58708333495,77106.90929973398,77926.08040498804,78400.7928007509,"{""atm"": 77400.0, ""p35"": 77100.0}",274.9,89.67730617987708,86.62286238361402,0.8076,1868.342052293947,3253.74305957282,3253.74305957282,2000.0,65074.8611914564,1.0,3.0,True,eligible,2.0,61.08887592526098,50.43733288,"[{""expiry"": ""2024-11-22"", ""option_type"": ""PE"", ""premium_points"": 534.2, ""qty"": 1, ""quantity_per_lot"": 1, ""raw_open"": 532.2, ""side"": ""BUY"", ""strike"": 77400.0}, {""expiry"": ""2024-11-22"", ""option_type"": ""PE"", ""premium_points"": 404.55, ""qty"": -2, ""quantity_per_lot"": 2, ""raw_open"": 406.55, ""side"": ""SELL"", ""strike"": 77100.0}]",4.0,EVALUATED,79117.11,274.9,50.43733288,5447.56266712,True,,
development,2024-11-22,2024-11-18,Short Straddle,medium,0.11605951306356825,0.6190476190476191,77376.63,76564.58708333495,77106.90929973398,77926.08040498804,78400.7928007509,"{""atm"": 77400.0}",1049.5,127.1326802116056,124.4994585516056,0.6572,2079.1703342884402,3282.2436025414804,3282.2436025414804,2000.0,65644.87205082961,1.0,2.0,True,eligible,2.0,52.664433200000005,52.664433200000005,"[{""expiry"": ""2024-11-22"", ""option_type"": ""CE"", ""premium_points"": 519.3, ""qty"": -1, ""quantity_per_lot"": 1, ""raw_open"": 521.3, ""side"": ""SELL"", ""strike"": 77400.0}, {""expiry"": ""2024-11-22"", ""option_type"": ""PE"", ""premium_points"": 530.2, ""qty"": -1, ""quantity_per_lot"": 1, ""raw_open"": 532.2, ""side"": ""SELL"", ""strike"": 77400.0}]",4.0,EVALUATED,79117.11,-667.6100000000006,52.664433200000005,-13404.864433200011,True,,
development,2024-11-22,2024-11-18,Short Strangle,medium,0.11605951306356825,0.6190476190476191,77376.63,76564.58708333495,77106.90929973398,77926.08040498804,78400.7928007509,"{""c65"": 77900.0, ""p35"": 77100.0}",704.95,128.38273872654213,126.2266085605421,0.6836,2036.9869716187297,3270.9376039103513,3270.9376039103513,2000.0,65418.75207820703,1.0,2.0,True,eligible,2.0,43.122603319999996,43.122603319999996,"[{""expiry"": ""2024-11-22"", ""option_type"": ""PE"", ""premium_points"": 404.55, ""qty"": -1, ""quantity_per_lot"": 1, ""raw_open"": 406.55, ""side"": ""SELL"", ""strike"": 77100.0}, {""expiry"": ""2024-11-22"", ""option_type"": ""CE"", ""premium_points"": 300.4, ""qty"": -1, ""quantity_per_lot"": 1, ""raw_open"": 302.4, ""side"": ""SELL"", ""strike"": 77900.0}]",3.0,EVALUATED,79117.11,-512.1600000000005,43.122603319999996,-10286.322603320012,True,,
development,2024-11-22,2024-11-18,Strip,medium,0.11605951306356825,0.6190476190476191,77376.63,76564.58708333495,77106.90929973398,77926.08040498804,78400.7928007509,"{""atm"": 77400.0}",-1591.7,-243.27095840116638,-246.79654085916505,0.2946,1549.4774460831106,1585.0177627360727,1585.0177627360727,2000.0,31700.355254721453,0.0,3.0,False,negative_net_ev,2.0,70.51164915997084,36.80092312,"[{""expiry"": ""2024-11-22"", ""option_type"": ""CE"", ""premium_points"": 523.3, ""qty"": 1, ""quantity_per_lot"": 1, ""raw_open"": 521.3, ""side"": ""BUY"", ""strike"": 77400.0}, {""expiry"": ""2024-11-22"", ""option_type"": ""PE"", ""premium_points"": 534.2, ""qty"": 2, ""quantity_per_lot"": 2, ""raw_open"": 532.2, ""side"": ""BUY"", ""strike"": 77400.0}]",3.0,EVALUATED,79117.11,125.41000000000054,79.72867312000002,2428.4713268800106,True,,
development,2024-11-22,2024-11-18,Batman,medium,0.11605951306356825,0.6190476190476191,77376.63,76564.58708333495,77106.90929973398,77926.08040498804,78400.7928007509,"{""c65"": 77900.0, ""c80"": 78400.0, ""p20"": 76600.0, ""p35"": 77100.0}",111.35000000000002,82.3111563608056,77.7934094542138,0.8124,1632.9485883593218,2866.8992206509433,2866.8992206509433,2000.0,57337.984413018865,0.0,6.0,False,no_risk_sized_lot,2.0,90.35493813183646,75.94075660000001,"[{""expiry"": ""2024-11-22"", ""option_type"": ""PE"", ""premium_points"": 408.55, ""qty"": 1, ""quantity_per_lot"": 1, ""raw_open"": 406.55, ""side"": ""BUY"", ""strike"": 77100.0}, {""expiry"": ""2024-11-22"", ""option_type"": ""PE"", ""premium_points"": 248.85, ""qty"": -2, ""quantity_per_lot"": 2, ""raw_open"": 250.85, ""side"": ""SELL"", ""strike"": 76600.0}, {""expiry"": ""2024-11-22"", ""option_type"": ""CE"", ""premium_points"": 304.4, ""qty"": 1, ""quantity_per_lot"": 1, ""raw_open"": 302.4, ""side"": ""BUY"", ""strike"": 77900.0}, {""expiry"": ""2024-11-22"", ""option_type"": ""CE"", ""premium_points"": 163.3, ""qty"": -2, ""quantity_per_lot"": 2, ""raw_open"": 165.3, ""side"": ""SELL"", ""strike"": 78400.0}]",0.0,STANDALONE_EVALUATED,79117.11,-105.76000000000056,106.36850660000003,-2221.568506600011,True,Batman_standalone,
development,2024-11-29,2024-11-26,Batman,high,0.1544924897093339,0.8650793650793651,80362.52,79518.23311052355,80041.90809311415,80937.17160324272,81493.41808251315,"{""c65"": 80900.0, ""c80"": 81500.0, ""p20"": 79500.0, ""p35"": 80000.0}",51.099999999999966,45.771948079613885,41.42017346086696,0.813,1690.118850374852,2881.2300546545716,2881.2300546545716,2000.0,57624.601093091434,1.0,6.0,True,eligible,2.0,87.03549237493868,72.09319224000001,"[{""expiry"": ""2024-11-29"", ""option_type"": ""PE"", ""premium_points"": 384.55, ""qty"": 1, ""quantity_per_lot"": 1, ""raw_open"": 382.55, ""side"": ""BUY"", ""strike"": 80000.0}, {""expiry"": ""2024-11-29"", ""option_type"": ""PE"", ""premium_points"": 230.0, ""qty"": -2, ""quantity_per_lot"": 2, ""raw_open"": 232.0, ""side"": ""SELL"", ""strike"": 79500.0}, {""expiry"": ""2024-11-29"", ""option_type"": ""CE"", ""premium_points"": 267.85, ""qty"": 1, ""quantity_per_lot"": 1, ""raw_open"": 265.85, ""side"": ""BUY"", ""strike"": 80900.0}, {""expiry"": ""2024-11-29"", ""option_type"": ""CE"", ""premium_points"": 121.75, ""qty"": -2, ""quantity_per_lot"": 2, ""raw_open"": 123.75, ""side"": ""SELL"", ""strike"": 81500.0}]",2.0,EVALUATED,79802.79,248.31000000000637,77.02344224000016,4889.176557760127,True,,
development,2024-11-29,2024-11-26,Long Synthetic Future,high,0.1544924897093339,0.8650793650793651,80362.52,79518.23311052355,80041.90809311415,80937.17160324272,81493.41808251315,"{""atm"": 80400.0}",88.55000000000001,171.54216548203203,168.7392705266393,0.5616,2716.542737766598,4166.042752273175,4166.042752273175,2000.0,83320.85504546351,1.0,2.0,True,eligible,2.0,56.05789910785532,42.766523320000005,"[{""expiry"": ""2024-11-29"", ""option_type"": ""CE"", ""premium_points"": 464.45, ""qty"": 1, ""quantity_per_lot"": 1, ""raw_open"": 462.45, ""side"": ""BUY"", ""strike"": 80400.0}, {""expiry"": ""2024-11-29"", ""option_type"": ""PE"", ""premium_points"": 553.0, ""qty"": -1, ""quantity_per_lot"": 1, ""raw_open"": 555.0, ""side"": ""SELL"", ""strike"": 80400.0}]",3.0,EVALUATED,79802.79,-508.6600000000064,42.766523320000005,-10215.966523320129,True,,
development,2024-11-29,2024-11-26,Risk Reversal,high,0.1544924897093339,0.8650793650793651,80362.52,79518.23311052355,80041.90809311415,80937.17160324272,81493.41808251315,"{""c65"": 80900.0, ""p35"": 80000.0}",112.69999999999999,133.6413955268315,131.4367376392538,0.7002,2291.7945006987825,3741.2945152053608,3741.2945152053608,2000.0,74825.89030410722,1.0,2.0,True,eligible,2.0,44.093157751554735,36.36024024,"[{""expiry"": ""2024-11-29"", ""option_type"": ""CE"", ""premium_points"": 267.85, ""qty"": 1, ""quantity_per_lot"": 1, ""raw_open"": 265.85, ""side"": ""BUY"", ""strike"": 80900.0}, {""expiry"": ""2024-11-29"", ""option_type"": ""PE"", ""premium_points"": 380.55, ""qty"": -1, ""quantity_per_lot"": 1, ""raw_open"": 382.55, ""side"": ""SELL"", ""strike"": 80000.0}]",5.0,EVALUATED,79802.79,-84.51000000000641,36.36024024,-1726.5602402401282,True,,
development,2024-11-29,2024-11-26,Sell Put,high,0.1544924897093339,0.8650793650793651,80362.52,79518.23311052355,80041.90809311415,80937.17160324272,81493.41808251315,"{""atm"": 80400.0}",553.0,104.33713396781945,102.98140592781941,0.7132,2250.645570851205,3700.1455853577827,3700.1455853577827,2000.0,74002.91170715565,1.0,1.0,True,eligible,2.0,27.1145608,27.1145608,"[{""expiry"": ""2024-11-29"", ""option_type"": ""PE"", ""premium_points"": 553.0, ""qty"": -1, ""quantity_per_lot"": 1, ""raw_open"": 555.0, ""side"": ""SELL"", ""strike"": 80400.0}]",5.0,EVALUATED,79802.79,-44.2100000000064,27.1145608,-911.3145608001281,True,,
development,2024-11-29,2024-11-26,Batman,high,0.1544924897093339,0.8650793650793651,80362.52,79518.23311052355,80041.90809311415,80937.17160324272,81493.41808251315,"{""c65"": 80900.0, ""c80"": 81500.0, ""p20"": 79500.0, ""p35"": 80000.0}",51.099999999999966,45.771948079613885,41.42017346086696,0.813,1690.118850374852,2881.2300546545716,2881.2300546545716,2000.0,57624.601093091434,1.0,6.0,True,eligible,2.0,87.03549237493868,72.09319224000001,"[{""expiry"": ""2024-11-29"", ""option_type"": ""PE"", ""premium_points"": 384.55, ""qty"": 1, ""quantity_per_lot"": 1, ""raw_open"": 382.55, ""side"": ""BUY"", ""strike"": 80000.0}, {""expiry"": ""2024-11-29"", ""option_type"": ""PE"", ""premium_points"": 230.0, ""qty"": -2, ""quantity_per_lot"": 2, ""raw_open"": 232.0, ""side"": ""SELL"", ""strike"": 79500.0}, {""expiry"": ""2024-11-29"", ""option_type"": ""CE"", ""premium_points"": 267.85, ""qty"": 1, ""quantity_per_lot"": 1, ""raw_open"": 265.85, ""side"": ""BUY"", ""strike"": 80900.0}, {""expiry"": ""2024-11-29"", ""option_type"": ""CE"", ""premium_points"": 121.75, ""qty"": -2, ""quantity_per_lot"": 2, ""raw_open"": 123.75, ""side"": ""SELL"", ""strike"": 81500.0}]",2.0,EVALUATED,79802.79,248.31000000000637,77.02344224000016,4889.176557760127,True,Batman_standalone,
development,2024-12-06,2024-12-03,Batman,high,0.15982821729843882,0.9166666666666666,80298.92,79419.1470662015,79978.23809916794,80852.1134471757,81412.83717582394,"{""c65"": 80900.0, ""c80"": 81400.0, ""p20"": 79400.0, ""p35"": 80000.0}",161.25,151.8452992149258,146.96115293140377,0.8412,1630.9050978111334,2987.9179021838168,2987.9179021838168,2000.0,59758.35804367634,1.0,6.0,True,eligible,2.0,97.68292567044054,82.64157540000001,"[{""expiry"": ""2024-12-06"", ""option_type"": ""PE"", ""premium_points"": 478.75, ""qty"": 1, ""quantity_per_lot"": 1, ""raw_open"": 476.75, ""side"": ""BUY"", ""strike"": 80000.0}, {""expiry"": ""2024-12-06"", ""option_type"": ""PE"", ""premium_points"": 295.05, ""qty"": -2, ""quantity_per_lot"": 2, ""raw_open"": 297.05, ""side"": ""SELL"", ""strike"": 79400.0}, {""expiry"": ""2024-12-06"", ""option_type"": ""CE"", ""premium_points"": 382.0, ""qty"": 1, ""quantity_per_lot"": 1, ""raw_open"": 380.0, ""side"": ""BUY"", ""strike"": 80900.0}, {""expiry"": ""2024-12-06"", ""option_type"": ""CE"", ""premium_points"": 215.95, ""qty"": -2, ""quantity_per_lot"": 2, ""raw_open"": 217.95, ""side"": ""SELL"", ""strike"": 81400.0}]",2.0,EVALUATED,81709.12,352.13000000000466,102.86957539999989,6939.730424600093,True,,
development,2024-12-06,2024-12-03,Long Synthetic Future,high,0.15982821729843882,0.9166666666666666,80298.92,79419.1470662015,79978.23809916794,80852.1134471757,81412.83717582394,"{""atm"": 80300.0}",-70.85000000000002,21.429626610748905,18.478036917451078,0.521,2950.384837520515,4526.391199892168,4526.391199892168,2000.0,90527.82399784336,1.0,2.0,True,eligible,2.0,59.03179386595698,45.54780412,"[{""expiry"": ""2024-12-06"", ""option_type"": ""CE"", ""premium_points"": 664.4, ""qty"": 1, ""quantity_per_lot"": 1, ""raw_open"": 662.4, ""side"": ""BUY"", ""strike"": 80300.0}, {""expiry"": ""2024-12-06"", ""option_type"": ""PE"", ""premium_points"": 593.55, ""qty"": -1, ""quantity_per_lot"": 1, ""raw_open"": 595.55, ""side"": ""SELL"", ""strike"": 80300.0}]",3.0,EVALUATED,81709.12,1338.2699999999954,80.77580411999989,26684.624195879907,True,,
development,2024-12-06,2024-12-03,Risk Reversal,high,0.15982821729843882,0.9166666666666666,80298.92,79419.1470662015,79978.23809916794,80852.1134471757,81412.83717582394,"{""c65"": 80900.0, ""p35"": 80000.0}",92.75,41.96909708453649,39.62901680209763,0.6722,2486.1733281096554,4062.1796904813077,4062.1796904813077,2000.0,81243.59380962615,1.0,2.0,True,eligible,2.0,46.80160564877697,39.9156918,"[{""expiry"": ""2024-12-06"", ""option_type"": ""CE"", ""premium_points"": 382.0, ""qty"": 1, ""quantity_per_lot"": 1, ""raw_open"": 380.0, ""side"": ""BUY"", ""strike"": 80900.0}, {""expiry"": ""2024-12-06"", ""option_type"": ""PE"", ""premium_points"": 474.75, ""qty"": -1, ""quantity_per_lot"": 1, ""raw_open"": 476.75, ""side"": ""SELL"", ""strike"": 80000.0}]",5.0,EVALUATED,81709.12,901.8699999999953,60.143691799999885,17977.256308199907,True,,
development,2024-12-06,2024-12-03,Sell Put,high,0.15982821729843882,0.9166666666666666,80298.92,79419.1470662015,79978.23809916794,80852.1134471757,81412.83717582394,"{""atm"": 80300.0}",593.55,146.4700367724698,145.05815995846976,0.7288,2284.4451246412164,3860.4514870128683,3860.4514870128683,2000.0,77209.02974025736,1.0,1.0,True,eligible,2.0,28.23753628,28.23753628,"[{""expiry"": ""2024-12-06"", ""option_type"": ""PE"", ""premium_points"": 593.55, ""qty"": -1, ""quantity_per_lot"": 1, ""raw_open"": 595.55, ""side"": ""SELL"", ""strike"": 80300.0}]",5.0,EVALUATED,81709.12,593.55,28.23753628,11842.76246372,True,,
development,2024-12-06,2024-12-03,Batman,high,0.15982821729843882,0.9166666666666666,80298.92,79419.1470662015,79978.23809916794,80852.1134471757,81412.83717582394,"{""c65"": 80900.0, ""c80"": 81400.0, ""p20"": 79400.0, ""p35"": 80000.0}",161.25,151.8452992149258,146.96115293140377,0.8412,1630.9050978111334,2987.9179021838168,2987.9179021838168,2000.0,59758.35804367634,1.0,6.0,True,eligible,2.0,97.68292567044054,82.64157540000001,"[{""expiry"": ""2024-12-06"", ""option_type"": ""PE"", ""premium_points"": 478.75, ""qty"": 1, ""quantity_per_lot"": 1, ""raw_open"": 476.75, ""side"": ""BUY"", ""strike"": 80000.0}, {""expiry"": ""2024-12-06"", ""option_type"": ""PE"", ""premium_points"": 295.05, ""qty"": -2, ""quantity_per_lot"": 2, ""raw_open"": 297.05, ""side"": ""SELL"", ""strike"": 79400.0}, {""expiry"": ""2024-12-06"", ""option_type"": ""CE"", ""premium_points"": 382.0, ""qty"": 1, ""quantity_per_lot"": 1, ""raw_open"": 380.0, ""side"": ""BUY"", ""strike"": 80900.0}, {""expiry"": ""2024-12-06"", ""option_type"": ""CE"", ""premium_points"": 215.95, ""qty"": -2, ""quantity_per_lot"": 2, ""raw_open"": 217.95, ""side"": ""SELL"", ""strike"": 81400.0}]",2.0,EVALUATED,81709.12,352.13000000000466,102.86957539999989,6939.730424600093,True,Batman_standalone,
development,2024-12-13,2024-12-10,Batman,high,0.1453019037897224,0.75,81424.3,80575.213314151,81115.43493564586,81980.56786512426,82504.39952969059,"{""c65"": 82000.0, ""c80"": 82500.0, ""p20"": 80600.0, ""p35"": 81100.0}",83.30000000000001,29.47000473225997,25.032438918277137,0.804,1899.1560852542493,3357.540208259128,3357.540208259128,2000.0,67150.80416518256,1.0,6.0,True,eligible,2.0,88.75131627965683,73.82342792,"[{""expiry"": ""2024-12-13"", ""option_type"": ""PE"", ""premium_points"": 358.75, ""qty"": 1, ""quantity_per_lot"": 1, ""raw_open"": 356.75, ""side"": ""BUY"", ""strike"": 81100.0}, {""expiry"": ""2024-12-13"", ""option_type"": ""PE"", ""premium_points"": 200.6, ""qty"": -2, ""quantity_per_lot"": 2, ""raw_open"": 202.6, ""side"": ""SELL"", ""strike"": 80600.0}, {""expiry"": ""2024-12-13"", ""option_type"": ""CE"", ""premium_points"": 316.95, ""qty"": 1, ""quantity_per_lot"": 1, ""raw_open"": 314.95, ""side"": ""BUY"", ""strike"": 82000.0}, {""expiry"": ""2024-12-13"", ""option_type"": ""CE"", ""premium_points"": 178.9, ""qty"": -2, ""quantity_per_lot"": 2, ""raw_open"": 180.9, ""side"": ""SELL"", ""strike"": 82500.0}]",2.0,EVALUATED,82133.12,216.41999999999535,77.15142791999989,4251.248572079907,True,,
development,2024-12-13,2024-12-10,Long Synthetic Future,high,0.1453019037897224,0.75,81424.3,80575.213314151,81115.43493564586,81980.56786512426,82504.39952969059,"{""atm"": 81400.0}",-88.44999999999999,25.04947189617525,22.283500834209317,0.519,3041.3152163125733,4725.193292696516,4725.193292696516,2000.0,94503.86585393033,1.0,2.0,True,eligible,2.0,55.319421239317485,41.59662876,"[{""expiry"": ""2024-12-13"", ""option_type"": ""CE"", ""premium_points"": 568.15, ""qty"": 1, ""quantity_per_lot"": 1, ""raw_open"": 566.15, ""side"": ""BUY"", ""strike"": 81400.0}, {""expiry"": ""2024-12-13"", ""option_type"": ""PE"", ""premium_points"": 479.7, ""qty"": -1, ""quantity_per_lot"": 1, ""raw_open"": 481.7, ""side"": ""SELL"", ""strike"": 81400.0}]",3.0,EVALUATED,82133.12,644.6699999999953,59.92462875999989,12833.475371239907,True,,
development,2024-12-13,2024-12-10,Risk Reversal,high,0.1453019037897224,0.75,81424.3,80575.213314151,81115.43493564586,81980.56786512426,82504.39952969059,"{""c65"": 82000.0, ""p35"": 81100.0}",37.80000000000001,2.521764111612862,0.3679677440516716,0.6664,2614.4530416181683,4298.331118002111,4298.331118002111,2000.0,85966.62236004222,1.0,2.0,True,eligible,2.0,43.07592735122358,36.05296112,"[{""expiry"": ""2024-12-13"", ""option_type"": ""CE"", ""premium_points"": 316.95, ""qty"": 1, ""quantity_per_lot"": 1, ""raw_open"": 314.95, ""side"": ""BUY"", ""strike"": 82000.0}, {""expiry"": ""2024-12-13"", ""option_type"": ""PE"", ""premium_points"": 354.75, ""qty"": -1, ""quantity_per_lot"": 1, ""raw_open"": 356.75, ""side"": ""SELL"", ""strike"": 81100.0}]",5.0,EVALUATED,82133.12,170.91999999999535,39.38096111999988,3379.019038879907,True,,
development,2024-12-13,2024-12-10,Sell Put,high,0.1453019037897224,0.75,81424.3,80575.213314151,81115.43493564586,81980.56786512426,82504.39952969059,"{""atm"": 81400.0}",479.7,44.287772723475975,43.03354172747596,0.7114,2471.653476246607,4155.53155263055,4155.53155263055,2000.0,83110.631052611,1.0,1.0,True,eligible,2.0,25.084619919999998,25.084619919999998,"[{""expiry"": ""2024-12-13"", ""option_type"": ""PE"", ""premium_points"": 479.7, ""qty"": -1, ""quantity_per_lot"": 1, ""raw_open"": 481.7, ""side"": ""SELL"", ""strike"": 81400.0}]",5.0,EVALUATED,82133.12,479.7,25.084619919999998,9568.91538008,True,,
development,2024-12-13,2024-12-10,Batman,high,0.1453019037897224,0.75,81424.3,80575.213314151,81115.43493564586,81980.56786512426,82504.39952969059,"{""c65"": 82000.0, ""c80"": 82500.0, ""p20"": 80600.0, ""p35"": 81100.0}",83.30000000000001,29.47000473225997,25.032438918277137,0.804,1899.1560852542493,3357.540208259128,3357.540208259128,2000.0,67150.80416518256,1.0,6.0,True,eligible,2.0,88.75131627965683,73.82342792,"[{""expiry"": ""2024-12-13"", ""option_type"": ""PE"", ""premium_points"": 358.75, ""qty"": 1, ""quantity_per_lot"": 1, ""raw_open"": 356.75, ""side"": ""BUY"", ""strike"": 81100.0}, {""expiry"": ""2024-12-13"", ""option_type"": ""PE"", ""premium_points"": 200.6, ""qty"": -2, ""quantity_per_lot"": 2, ""raw_open"": 202.6, ""side"": ""SELL"", ""strike"": 80600.0}, {""expiry"": ""2024-12-13"", ""option_type"": ""CE"", ""premium_points"": 316.95, ""qty"": 1, ""quantity_per_lot"": 1, ""raw_open"": 314.95, ""side"": ""BUY"", ""strike"": 82000.0}, {""expiry"": ""2024-12-13"", ""option_type"": ""CE"", ""premium_points"": 178.9, ""qty"": -2, ""quantity_per_lot"": 2, ""raw_open"": 180.9, ""side"": ""SELL"", ""strike"": 82500.0}]",2.0,EVALUATED,82133.12,216.41999999999535,77.15142791999989,4251.248572079907,True,Batman_standalone,
development,2024-12-20,2024-12-17,Batman,high,0.13395368672876617,0.6904761904761905,81505.33,80677.0172141511,81217.57461631313,82128.06399552624,82628.5755797163,"{""c65"": 82100.0, ""c80"": 82600.0, ""p20"": 80700.0, ""p35"": 81200.0}",202.2,159.75092027603114,154.87334740096333,0.8312,1608.109515328453,2724.838653741692,2724.838653741692,2000.0,54496.773074833836,1.0,6.0,True,eligible,2.0,97.55145750135642,82.78418096,"[{""expiry"": ""2024-12-20"", ""option_type"": ""PE"", ""premium_points"": 423.2, ""qty"": 1, ""quantity_per_lot"": 1, ""raw_open"": 421.2, ""side"": ""BUY"", ""strike"": 81200.0}, {""expiry"": ""2024-12-20"", ""option_type"": ""PE"", ""premium_points"": 261.7, ""qty"": -2, ""quantity_per_lot"": 2, ""raw_open"": 263.7, ""side"": ""SELL"", ""strike"": 80700.0}, {""expiry"": ""2024-12-20"", ""option_type"": ""CE"", ""premium_points"": 410.0, ""qty"": 1, ""quantity_per_lot"": 1, ""raw_open"": 408.0, ""side"": ""BUY"", ""strike"": 82100.0}, {""expiry"": ""2024-12-20"", ""option_type"": ""CE"", ""premium_points"": 256.0, ""qty"": -2, ""quantity_per_lot"": 2, ""raw_open"": 258.0, ""side"": ""SELL"", ""strike"": 82600.0}]",2.0,EVALUATED,78041.59,-1956.2100000000034,161.7444309600001,-39285.94443096007,True,,
development,2024-12-20,2024-12-17,Long Synthetic Future,high,0.13395368672876617,0.6904761904761905,81505.33,80677.0172141511,81217.57461631313,82128.06399552624,82628.5755797163,"{""atm"": 81500.0}",-133.19999999999993,12.197871616632998,9.276210847388397,0.507,2855.406013875464,4177.811551331375,4177.811551331375,2000.0,83556.2310266275,1.0,2.0,True,eligible,2.0,58.43321538489139,44.33392576,"[{""expiry"": ""2024-12-20"", ""option_type"": ""CE"", ""premium_points"": 678.65, ""qty"": 1, ""quantity_per_lot"": 1, ""raw_open"": 676.65, ""side"": ""BUY"", ""strike"": 81500.0}, {""expiry"": ""2024-12-20"", ""option_type"": ""PE"", ""premium_points"": 545.45, ""qty"": -1, ""quantity_per_lot"": 1, ""raw_open"": 547.45, ""side"": ""SELL"", ""strike"": 81500.0}]",3.0,EVALUATED,78041.59,-3591.6100000000033,44.33392576,-71876.53392576007,True,,
development,2024-12-20,2024-12-17,Risk Reversal,high,0.13395368672876617,0.6904761904761905,81505.33,80677.0172141511,81217.57461631313,82128.06399552624,82628.5755797163,"{""c65"": 82100.0, ""p35"": 81200.0}",9.199999999999989,-1.1973301079742582,-3.490490346190637,0.6566,2412.377513344436,3734.7830508003476,3734.7830508003476,2000.0,74695.66101600695,0.0,2.0,False,negative_net_ev,2.0,45.86320476432853,38.609533119999995,"[{""expiry"": ""2024-12-20"", ""option_type"": ""CE"", ""premium_points"": 410.0, ""qty"": 1, ""quantity_per_lot"": 1, ""raw_open"": 408.0, ""side"": ""BUY"", ""strike"": 82100.0}, {""expiry"": ""2024-12-20"", ""option_type"": ""PE"", ""premium_points"": 419.2, ""qty"": -1, ""quantity_per_lot"": 1, ""raw_open"": 421.2, ""side"": ""SELL"", ""strike"": 81200.0}]",5.0,EVALUATED,78041.59,-3149.2100000000037,38.609533119999995,-63022.80953312007,True,,
development,2024-12-20,2024-12-17,Sell Put,high,0.13395368672876617,0.6904761904761905,81505.33,80677.0172141511,81217.57461631313,82128.06399552624,82628.5755797163,"{""atm"": 81500.0}",545.45,126.87628662097717,125.53101291497727,0.7278,2175.1796268122193,3497.585164268131,3497.585164268131,2000.0,69951.70328536262,1.0,1.0,True,eligible,2.0,26.905474119999997,26.905474119999997,"[{""expiry"": ""2024-12-20"", ""option_type"": ""PE"", ""premium_points"": 545.45, ""qty"": -1, ""quantity_per_lot"": 1, ""raw_open"": 547.45, ""side"": ""SELL"", ""strike"": 81500.0}]",5.0,EVALUATED,78041.59,-2912.9600000000037,26.905474119999997,-58286.10547412007,True,,
development,2024-12-20,2024-12-17,Batman,high,0.13395368672876617,0.6904761904761905,81505.33,80677.0172141511,81217.57461631313,82128.06399552624,82628.5755797163,"{""c65"": 82100.0, ""c80"": 82600.0, ""p20"": 80700.0, ""p35"": 81200.0}",202.2,159.75092027603114,154.87334740096333,0.8312,1608.109515328453,2724.838653741692,2724.838653741692,2000.0,54496.773074833836,1.0,6.0,True,eligible,2.0,97.55145750135642,82.78418096,"[{""expiry"": ""2024-12-20"", ""option_type"": ""PE"", ""premium_points"": 423.2, ""qty"": 1, ""quantity_per_lot"": 1, ""raw_open"": 421.2, ""side"": ""BUY"", ""strike"": 81200.0}, {""expiry"": ""2024-12-20"", ""option_type"": ""PE"", ""premium_points"": 261.7, ""qty"": -2, ""quantity_per_lot"": 2, ""raw_open"": 263.7, ""side"": ""SELL"", ""strike"": 80700.0}, {""expiry"": ""2024-12-20"", ""option_type"": ""CE"", ""premium_points"": 410.0, ""qty"": 1, ""quantity_per_lot"": 1, ""raw_open"": 408.0, ""side"": ""BUY"", ""strike"": 82100.0}, {""expiry"": ""2024-12-20"", ""option_type"": ""CE"", ""premium_points"": 256.0, ""qty"": -2, ""quantity_per_lot"": 2, ""raw_open"": 258.0, ""side"": ""SELL"", ""strike"": 82600.0}]",2.0,EVALUATED,78041.59,-1956.2100000000034,161.7444309600001,-39285.94443096007,True,Batman_standalone,
development,2024-12-27,2024-12-23,Batman,high,0.13539323593139985,0.6785714285714286,78551.15,77751.62523268686,78268.2158964128,79106.17028432047,79585.09186144269,"{""c65"": 79100.0, ""c80"": 79600.0, ""p20"": 77800.0, ""p35"": 78300.0}",232.15000000000003,202.64453857402015,197.68076676713716,0.8376,1476.9094995527423,2637.521893321141,2637.521893321141,2000.0,52750.43786642281,1.0,6.0,True,eligible,2.0,99.27543613765802,84.66622988,"[{""expiry"": ""2024-12-27"", ""option_type"": ""PE"", ""premium_points"": 443.05, ""qty"": 1, ""quantity_per_lot"": 1, ""raw_open"": 441.05, ""side"": ""BUY"", ""strike"": 78300.0}, {""expiry"": ""2024-12-27"", ""option_type"": ""PE"", ""premium_points"": 281.45, ""qty"": -2, ""quantity_per_lot"": 2, ""raw_open"": 283.45, ""side"": ""SELL"", ""strike"": 77800.0}, {""expiry"": ""2024-12-27"", ""option_type"": ""CE"", ""premium_points"": 419.4, ""qty"": 1, ""quantity_per_lot"": 1, ""raw_open"": 417.4, ""side"": ""BUY"", ""strike"": 79100.0}, {""expiry"": ""2024-12-27"", ""option_type"": ""CE"", ""premium_points"": 265.85, ""qty"": -2, ""quantity_per_lot"": 2, ""raw_open"": 267.85, ""side"": ""SELL"", ""strike"": 79600.0}]",2.0,EVALUATED,78699.07,232.15000000000003,84.66622988,4558.333770120001,True,,
development,2024-12-27,2024-12-23,Long Synthetic Future,high,0.13539323593139985,0.6785714285714286,78551.15,77751.62523268686,78268.2158964128,79106.17028432047,79585.09186144269,"{""atm"": 78600.0}",-73.14999999999998,-15.876663145367626,-18.72224908426857,0.498,2758.528930414765,4084.2480887479965,4084.2480887479965,2000.0,81684.96177495993,0.0,2.0,False,negative_net_ev,2.0,56.911718778018,44.59342564,"[{""expiry"": ""2024-12-27"", ""option_type"": ""CE"", ""premium_points"": 639.65, ""qty"": 1, ""quantity_per_lot"": 1, ""raw_open"": 637.65, ""side"": ""BUY"", ""strike"": 78600.0}, {""expiry"": ""2024-12-27"", ""option_type"": ""PE"", ""premium_points"": 566.5, ""qty"": -1, ""quantity_per_lot"": 1, ""raw_open"": 568.5, ""side"": ""SELL"", ""strike"": 78600.0}]",3.0,EVALUATED,78699.07,25.920000000007008,47.07017564000017,471.32982436014,True,,
development,2024-12-27,2024-12-23,Risk Reversal,high,0.13539323593139985,0.6785714285714286,78551.15,77751.62523268686,78268.2158964128,79106.17028432047,79585.09186144269,"{""c65"": 79100.0, ""p35"": 78300.0}",19.650000000000034,-16.578618379512285,-18.883066195466537,0.6452,2365.1877922918184,3690.90695062505,3690.90695062505,2000.0,73818.139012501,0.0,2.0,False,negative_net_ev,2.0,46.0889563190851,39.237210919999995,"[{""expiry"": ""2024-12-27"", ""option_type"": ""CE"", ""premium_points"": 419.4, ""qty"": 1, ""quantity_per_lot"": 1, ""raw_open"": 417.4, ""side"": ""BUY"", ""strike"": 79100.0}, {""expiry"": ""2024-12-27"", ""option_type"": ""PE"", ""premium_points"": 439.05, ""qty"": -1, ""quantity_per_lot"": 1, ""raw_open"": 441.05, ""side"": ""SELL"", ""strike"": 78300.0}]",5.0,EVALUATED,78699.07,19.650000000000034,39.237210919999995,353.7627890800007,True,,
development,2024-12-27,2024-12-23,Sell Put,high,0.13539323593139985,0.6785714285714286,78551.15,77751.62523268686,78268.2158964128,79106.17028432047,79585.09186144269,"{""atm"": 78600.0}",566.5,131.0416113339125,129.6671901139125,0.7204,2117.4077656958643,3443.126924029095,3443.126924029095,2000.0,68862.53848058189,1.0,1.0,True,eligible,2.0,27.4884244,27.4884244,"[{""expiry"": ""2024-12-27"", ""option_type"": ""PE"", ""premium_points"": 566.5, ""qty"": -1, ""quantity_per_lot"": 1, ""raw_open"": 568.5, ""side"": ""SELL"", ""strike"": 78600.0}]",5.0,EVALUATED,78699.07,566.5,27.4884244,11302.5115756,True,,
development,2024-12-27,2024-12-23,Batman,high,0.13539323593139985,0.6785714285714286,78551.15,77751.62523268686,78268.2158964128,79106.17028432047,79585.09186144269,"{""c65"": 79100.0, ""c80"": 79600.0, ""p20"": 77800.0, ""p35"": 78300.0}",232.15000000000003,202.64453857402015,197.68076676713716,0.8376,1476.9094995527423,2637.521893321141,2637.521893321141,2000.0,52750.43786642281,1.0,6.0,True,eligible,2.0,99.27543613765802,84.66622988,"[{""expiry"": ""2024-12-27"", ""option_type"": ""PE"", ""premium_points"": 443.05, ""qty"": 1, ""quantity_per_lot"": 1, ""raw_open"": 441.05, ""side"": ""BUY"", ""strike"": 78300.0}, {""expiry"": ""2024-12-27"", ""option_type"": ""PE"", ""premium_points"": 281.45, ""qty"": -2, ""quantity_per_lot"": 2, ""raw_open"": 283.45, ""side"": ""SELL"", ""strike"": 77800.0}, {""expiry"": ""2024-12-27"", ""option_type"": ""CE"", ""premium_points"": 419.4, ""qty"": 1, ""quantity_per_lot"": 1, ""raw_open"": 417.4, ""side"": ""BUY"", ""strike"": 79100.0}, {""expiry"": ""2024-12-27"", ""option_type"": ""CE"", ""premium_points"": 265.85, ""qty"": -2, ""quantity_per_lot"": 2, ""raw_open"": 267.85, ""side"": ""SELL"", ""strike"": 79600.0}]",2.0,EVALUATED,78699.07,232.15000000000003,84.66622988,4558.333770120001,True,Batman_standalone,
