split,expiry,entry_date,strategy,regime,rv20,rv20_rank,spot,p20,p35,p65,p80,strikes_json,entry_cashflow_points,mc_ev_gross,mc_ev_net,mc_pop,es95_points,es99_points,risk_points_per_lot,risk_budget_inr,estimated_risk_inr_per_lot,recommended_lots,contract_count,eligible,eligibility_reason,slippage_points_per_leg,entry_cost_inr_expected,entry_cost_inr_entry_only,legs_json,cpcv_frequency,status,expiry_spot,realized_pnl_points_per_unit,realized_cost_inr_per_lot,realized_pnl_inr_per_lot,forced_per_lot_evaluation,universe,reason
development,2024-01-05,2024-01-02,Batman,high,0.11606320822148102,0.8015873015873016,72172.12,71379.2657837405,71907.02273372187,72748.80660897575,73253.64105043001,"{""c65"": 72700.0, ""c80"": 73300.0, ""p20"": 71400.0, ""p35"": 71900.0}",-59.50000000000003,-31.033904320745506,-34.59737657517691,0.4668,1522.432576161156,2594.729405037514,2594.729405037514,2000.0,51894.588100750276,0.0,6.0,False,negative_net_ev,1.0,71.2694450886275,56.94503028,"[{""expiry"": ""2024-01-05"", ""option_type"": ""PE"", ""premium_points"": 266.6, ""qty"": 1, ""quantity_per_lot"": 1, ""raw_open"": 265.6, ""side"": ""BUY"", ""strike"": 71900.0}, {""expiry"": ""2024-01-05"", ""option_type"": ""PE"", ""premium_points"": 134.25, ""qty"": -2, ""quantity_per_lot"": 2, ""raw_open"": 135.25, ""side"": ""SELL"", ""strike"": 71400.0}, {""expiry"": ""2024-01-05"", ""option_type"": ""CE"", ""premium_points"": 211.8, ""qty"": 1, ""quantity_per_lot"": 1, ""raw_open"": 210.8, ""side"": ""BUY"", ""strike"": 72700.0}, {""expiry"": ""2024-01-05"", ""option_type"": ""CE"", ""premium_points"": 75.2, ""qty"": -2, ""quantity_per_lot"": 2, ""raw_open"": 76.2, ""side"": ""SELL"", ""strike"": 73300.0}]",2.0,EVALUATED,72026.15,-59.50000000000003,56.94503028,-1246.9450302800005,True,,
development,2024-01-05,2024-01-02,Long Synthetic Future,high,0.11606320822148102,0.8015873015873016,72172.12,71379.2657837405,71907.02273372187,72748.80660897575,73253.64105043001,"{""atm"": 72200.0}",-59.05000000000001,43.65777147168901,41.39922388530253,0.5242,2544.864878780937,3542.405562477664,3542.405562477664,2000.0,70848.11124955327,1.0,2.0,True,eligible,1.0,45.17095172773043,32.38366806,"[{""expiry"": ""2024-01-05"", ""option_type"": ""CE"", ""premium_points"": 436.2, ""qty"": 1, ""quantity_per_lot"": 1, ""raw_open"": 435.2, ""side"": ""BUY"", ""strike"": 72200.0}, {""expiry"": ""2024-01-05"", ""option_type"": ""PE"", ""premium_points"": 377.15, ""qty"": -1, ""quantity_per_lot"": 1, ""raw_open"": 378.15, ""side"": ""SELL"", ""strike"": 72200.0}]",3.0,EVALUATED,72026.15,-232.90000000000583,32.38366806,-4690.383668060116,True,,
development,2024-01-05,2024-01-02,Risk Reversal,high,0.11606320822148102,0.8015873015873016,72172.12,71379.2657837405,71907.02273372187,72748.80660897575,73253.64105043001,"{""c65"": 72700.0, ""p35"": 71900.0}",52.80000000000001,47.70285888852329,45.86831047950222,0.6704,2132.5908796035715,3130.1315633002982,3130.1315633002982,2000.0,62602.63126600596,1.0,2.0,True,eligible,1.0,36.6909681804203,29.592475040000004,"[{""expiry"": ""2024-01-05"", ""option_type"": ""CE"", ""premium_points"": 211.8, ""qty"": 1, ""quantity_per_lot"": 1, ""raw_open"": 210.8, ""side"": ""BUY"", ""strike"": 72700.0}, {""expiry"": ""2024-01-05"", ""option_type"": ""PE"", ""premium_points"": 264.6, ""qty"": -1, ""quantity_per_lot"": 1, ""raw_open"": 265.6, ""side"": ""SELL"", ""strike"": 71900.0}]",5.0,EVALUATED,72026.15,52.80000000000001,29.592475040000004,1026.4075249600003,True,,
development,2024-01-05,2024-01-02,Sell Put,high,0.11606320822148102,0.8015873015873016,72172.12,71379.2657837405,71907.02273372187,72748.80660897575,73253.64105043001,"{""atm"": 72200.0}",377.15,-31.633575237528262,-32.62342212452829,0.6776,2107.3961780815503,3104.9368617782775,3104.9368617782775,2000.0,62098.73723556555,0.0,1.0,False,negative_net_ev,1.0,19.79693774,19.79693774,"[{""expiry"": ""2024-01-05"", ""option_type"": ""PE"", ""premium_points"": 377.15, ""qty"": -1, ""quantity_per_lot"": 1, ""raw_open"": 378.15, ""side"": ""SELL"", ""strike"": 72200.0}]",5.0,EVALUATED,72026.15,203.29999999999416,19.79693774,4046.203062259883,True,,
development,2024-01-05,2024-01-02,Batman,high,0.11606320822148102,0.8015873015873016,72172.12,71379.2657837405,71907.02273372187,72748.80660897575,73253.64105043001,"{""c65"": 72700.0, ""c80"": 73300.0, ""p20"": 71400.0, ""p35"": 71900.0}",-59.50000000000003,-31.033904320745506,-34.59737657517691,0.4668,1522.432576161156,2594.729405037514,2594.729405037514,2000.0,51894.588100750276,0.0,6.0,False,negative_net_ev,1.0,71.2694450886275,56.94503028,"[{""expiry"": ""2024-01-05"", ""option_type"": ""PE"", ""premium_points"": 266.6, ""qty"": 1, ""quantity_per_lot"": 1, ""raw_open"": 265.6, ""side"": ""BUY"", ""strike"": 71900.0}, {""expiry"": ""2024-01-05"", ""option_type"": ""PE"", ""premium_points"": 134.25, ""qty"": -2, ""quantity_per_lot"": 2, ""raw_open"": 135.25, ""side"": ""SELL"", ""strike"": 71400.0}, {""expiry"": ""2024-01-05"", ""option_type"": ""CE"", ""premium_points"": 211.8, ""qty"": 1, ""quantity_per_lot"": 1, ""raw_open"": 210.8, ""side"": ""BUY"", ""strike"": 72700.0}, {""expiry"": ""2024-01-05"", ""option_type"": ""CE"", ""premium_points"": 75.2, ""qty"": -2, ""quantity_per_lot"": 2, ""raw_open"": 76.2, ""side"": ""SELL"", ""strike"": 73300.0}]",2.0,EVALUATED,72026.15,-59.50000000000003,56.94503028,-1246.9450302800005,True,Batman_standalone,
development,2024-01-12,2024-01-09,Batman,high,0.11234755291538256,0.7420634920634921,71849.59,71113.98632691246,71613.8827949209,72430.9485480098,72889.76427267972,"{""c65"": 72400.0, ""c80"": 72900.0, ""p20"": 71100.0, ""p35"": 71600.0}",-55.60000000000002,-53.54490675490679,-56.97306667054252,0.4454,1507.7911029839008,2520.003856959366,2520.003856959366,2000.0,50400.07713918733,0.0,6.0,False,negative_net_ev,1.0,68.56319831271442,54.982384239999995,"[{""expiry"": ""2024-01-12"", ""option_type"": ""PE"", ""premium_points"": 222.5, ""qty"": 1, ""quantity_per_lot"": 1, ""raw_open"": 221.5, ""side"": ""BUY"", ""strike"": 71600.0}, {""expiry"": ""2024-01-12"", ""option_type"": ""PE"", ""premium_points"": 97.6, ""qty"": -2, ""quantity_per_lot"": 2, ""raw_open"": 98.6, ""side"": ""SELL"", ""strike"": 71100.0}, {""expiry"": ""2024-01-12"", ""option_type"": ""CE"", ""premium_points"": 167.0, ""qty"": 1, ""quantity_per_lot"": 1, ""raw_open"": 166.0, ""side"": ""BUY"", ""strike"": 72400.0}, {""expiry"": ""2024-01-12"", ""option_type"": ""CE"", ""premium_points"": 69.35, ""qty"": -2, ""quantity_per_lot"": 2, ""raw_open"": 70.35, ""side"": ""SELL"", ""strike"": 72900.0}]",2.0,EVALUATED,72568.45,112.84999999999707,59.19363423999992,2197.8063657599414,True,,
development,2024-01-12,2024-01-09,Long Synthetic Future,high,0.11234755291538256,0.7420634920634921,71849.59,71113.98632691246,71613.8827949209,72430.9485480098,72889.76427267972,"{""atm"": 71800.0}",-114.5,98.6617976671809,96.42932595726498,0.54,2318.057327196081,3173.6183522471033,3173.6183522471033,2000.0,63472.36704494207,1.0,2.0,True,eligible,1.0,44.6494341983188,30.70407076,"[{""expiry"": ""2024-01-12"", ""option_type"": ""CE"", ""premium_points"": 414.3, ""qty"": 1, ""quantity_per_lot"": 1, ""raw_open"": 413.3, ""side"": ""BUY"", ""strike"": 71800.0}, {""expiry"": ""2024-01-12"", ""option_type"": ""PE"", ""premium_points"": 299.8, ""qty"": -1, ""quantity_per_lot"": 1, ""raw_open"": 300.8, ""side"": ""SELL"", ""strike"": 71800.0}]",3.0,EVALUATED,72568.45,653.9499999999971,49.91532075999993,13029.084679239942,True,,
development,2024-01-12,2024-01-09,Risk Reversal,high,0.11234755291538256,0.7420634920634921,71849.59,71113.98632691246,71613.8827949209,72430.9485480098,72889.76427267972,"{""c65"": 72400.0, ""p35"": 71600.0}",53.5,59.90549705266126,58.13314351518551,0.6752,1949.5972090236412,2805.1582340746627,2805.1582340746627,2000.0,56103.164681493254,1.0,2.0,True,eligible,1.0,35.44707074951548,28.576595,"[{""expiry"": ""2024-01-12"", ""option_type"": ""CE"", ""premium_points"": 167.0, ""qty"": 1, ""quantity_per_lot"": 1, ""raw_open"": 166.0, ""side"": ""BUY"", ""strike"": 72400.0}, {""expiry"": ""2024-01-12"", ""option_type"": ""PE"", ""premium_points"": 220.5, ""qty"": -1, ""quantity_per_lot"": 1, ""raw_open"": 221.5, ""side"": ""SELL"", ""strike"": 71600.0}]",5.0,EVALUATED,72568.45,221.9499999999971,32.787844999999926,4406.212154999942,True,,
development,2024-01-12,2024-01-09,Sell Put,high,0.11234755291538256,0.7420634920634921,71849.59,71113.98632691246,71613.8827949209,72430.9485480098,72889.76427267972,"{""atm"": 71800.0}",299.8,-44.8527398655712,-45.7605818295712,0.6896,1902.4326974501657,2757.993722501187,2757.993722501187,2000.0,55159.874450023744,0.0,1.0,False,negative_net_ev,1.0,18.15683928,18.15683928,"[{""expiry"": ""2024-01-12"", ""option_type"": ""PE"", ""premium_points"": 299.8, ""qty"": -1, ""quantity_per_lot"": 1, ""raw_open"": 300.8, ""side"": ""SELL"", ""strike"": 71800.0}]",5.0,EVALUATED,72568.45,299.8,18.15683928,5977.84316072,True,,
development,2024-01-12,2024-01-09,Batman,high,0.11234755291538256,0.7420634920634921,71849.59,71113.98632691246,71613.8827949209,72430.9485480098,72889.76427267972,"{""c65"": 72400.0, ""c80"": 72900.0, ""p20"": 71100.0, ""p35"": 71600.0}",-55.60000000000002,-53.54490675490679,-56.97306667054252,0.4454,1507.7911029839008,2520.003856959366,2520.003856959366,2000.0,50400.07713918733,0.0,6.0,False,negative_net_ev,1.0,68.56319831271442,54.982384239999995,"[{""expiry"": ""2024-01-12"", ""option_type"": ""PE"", ""premium_points"": 222.5, ""qty"": 1, ""quantity_per_lot"": 1, ""raw_open"": 221.5, ""side"": ""BUY"", ""strike"": 71600.0}, {""expiry"": ""2024-01-12"", ""option_type"": ""PE"", ""premium_points"": 97.6, ""qty"": -2, ""quantity_per_lot"": 2, ""raw_open"": 98.6, ""side"": ""SELL"", ""strike"": 71100.0}, {""expiry"": ""2024-01-12"", ""option_type"": ""CE"", ""premium_points"": 167.0, ""qty"": 1, ""quantity_per_lot"": 1, ""raw_open"": 166.0, ""side"": ""BUY"", ""strike"": 72400.0}, {""expiry"": ""2024-01-12"", ""option_type"": ""CE"", ""premium_points"": 69.35, ""qty"": -2, ""quantity_per_lot"": 2, ""raw_open"": 70.35, ""side"": ""SELL"", ""strike"": 72900.0}]",2.0,EVALUATED,72568.45,112.84999999999707,59.19363423999992,2197.8063657599414,True,Batman_standalone,
development,2024-01-19,2024-01-16,Buy Put,medium,0.10365534425834147,0.623015873015873,73214.44,72441.38625948361,72987.59649430432,73814.10994142172,74293.34996935942,"{""atm"": 73200.0}",-442.35,-63.31558296005747,-64.41926710435743,0.2818,443.4536841442999,443.4536841442999,443.4536841442999,2000.0,8869.073682885999,0.0,1.0,False,negative_net_ev,1.0,22.073682885998565,12.597822459999998,"[{""expiry"": ""2024-01-19"", ""option_type"": ""PE"", ""premium_points"": 442.35, ""qty"": 1, ""quantity_per_lot"": 1, ""raw_open"": 441.35, ""side"": ""BUY"", ""strike"": 73200.0}]",1.0,EVALUATED,71683.23,1074.4200000000042,50.5170724600001,21437.882927540082,True,,
development,2024-01-19,2024-01-16,Put Ratio Spread,medium,0.10365534425834147,0.623015873015873,73214.44,72441.38625948361,72987.59649430432,73814.10994142172,74293.34996935942,"{""atm"": 73200.0, ""p35"": 73000.0}",272.75,49.789283052013594,47.33746418971367,0.7804,1793.387041949836,2806.0165828564373,2806.0165828564373,2000.0,56120.33165712874,1.0,3.0,True,eligible,1.0,49.036377245998565,39.56051682,"[{""expiry"": ""2024-01-19"", ""option_type"": ""PE"", ""premium_points"": 442.35, ""qty"": 1, ""quantity_per_lot"": 1, ""raw_open"": 441.35, ""side"": ""BUY"", ""strike"": 73200.0}, {""expiry"": ""2024-01-19"", ""option_type"": ""PE"", ""premium_points"": 357.55, ""qty"": -2, ""quantity_per_lot"": 2, ""raw_open"": 358.55, ""side"": ""SELL"", ""strike"": 73000.0}]",4.0,EVALUATED,71683.23,-844.0200000000041,77.4797668200001,-16957.879766820082,True,,
development,2024-01-19,2024-01-16,Short Straddle,medium,0.10365534425834147,0.623015873015873,73214.44,72441.38625948361,72987.59649430432,73814.10994142172,74293.34996935942,"{""atm"": 73200.0}",878.2,-54.22535208600841,-56.33640216200837,0.562,2200.506750717457,3338.261906315872,3338.261906315872,2000.0,66765.23812631743,0.0,2.0,False,negative_net_ev,1.0,42.22100152,42.22100152,"[{""expiry"": ""2024-01-19"", ""option_type"": ""CE"", ""premium_points"": 437.85, ""qty"": -1, ""quantity_per_lot"": 1, ""raw_open"": 438.85, ""side"": ""SELL"", ""strike"": 73200.0}, {""expiry"": ""2024-01-19"", ""option_type"": ""PE"", ""premium_points"": 440.35, ""qty"": -1, ""quantity_per_lot"": 1, ""raw_open"": 441.35, ""side"": ""SELL"", ""strike"": 73200.0}]",4.0,EVALUATED,71683.23,-638.570000000004,42.22100152,-12813.621001520081,True,,
development,2024-01-19,2024-01-16,Short Strangle,medium,0.10365534425834147,0.623015873015873,73214.44,72441.38625948361,72987.59649430432,73814.10994142172,74293.34996935942,"{""c65"": 73800.0, ""p35"": 73000.0}",537.05,-36.9602157478992,-38.70958541689922,0.6082,2143.818165489532,3237.671211188626,3237.671211188626,2000.0,64753.42422377252,0.0,2.0,False,negative_net_ev,1.0,34.98739338,34.98739338,"[{""expiry"": ""2024-01-19"", ""option_type"": ""PE"", ""premium_points"": 357.55, ""qty"": -1, ""quantity_per_lot"": 1, ""raw_open"": 358.55, ""side"": ""SELL"", ""strike"": 73000.0}, {""expiry"": ""2024-01-19"", ""option_type"": ""CE"", ""premium_points"": 179.5, ""qty"": -1, ""quantity_per_lot"": 1, ""raw_open"": 180.5, ""side"": ""SELL"", ""strike"": 73800.0}]",3.0,EVALUATED,71683.23,-779.7200000000041,34.98739338,-15629.387393380082,True,,
development,2024-01-19,2024-01-16,Strip,medium,0.10365534425834147,0.623015873015873,73214.44,72441.38625948361,72987.59649430432,73814.10994142172,74293.34996935942,"{""atm"": 73200.0}",-1324.5500000000002,-13.090230874049233,-16.029003504456703,0.3628,1274.0535223910638,1316.396315967706,1316.396315967706,2000.0,26327.92631935412,0.0,3.0,False,negative_net_ev,1.0,58.77545260814878,25.988958380000003,"[{""expiry"": ""2024-01-19"", ""option_type"": ""CE"", ""premium_points"": 439.85, ""qty"": 1, ""quantity_per_lot"": 1, ""raw_open"": 438.85, ""side"": ""BUY"", ""strike"": 73200.0}, {""expiry"": ""2024-01-19"", ""option_type"": ""PE"", ""premium_points"": 442.35, ""qty"": 2, ""quantity_per_lot"": 2, ""raw_open"": 441.35, ""side"": ""BUY"", ""strike"": 73200.0}]",3.0,EVALUATED,71683.23,1708.990000000008,101.82745838000021,34077.97254162016,True,,
development,2024-01-19,2024-01-16,Batman,medium,0.10365534425834147,0.623015873015873,73214.44,72441.38625948361,72987.59649430432,73814.10994142172,74293.34996935942,"{""c65"": 73800.0, ""c80"": 74300.0, ""p20"": 72400.0, ""p35"": 73000.0}",-17.049999999999983,3.9957278227120847,0.3138888440272038,0.5026,1590.9632363065639,2706.9155744149357,2706.9155744149357,2000.0,54138.311488298714,0.0,6.0,False,no_risk_sized_lot,1.0,73.63677957369748,59.286524179999994,"[{""expiry"": ""2024-01-19"", ""option_type"": ""PE"", ""premium_points"": 359.55, ""qty"": 1, ""quantity_per_lot"": 1, ""raw_open"": 358.55, ""side"": ""BUY"", ""strike"": 73000.0}, {""expiry"": ""2024-01-19"", ""option_type"": ""PE"", ""premium_points"": 186.55, ""qty"": -2, ""quantity_per_lot"": 2, ""raw_open"": 187.55, ""side"": ""SELL"", ""strike"": 72400.0}, {""expiry"": ""2024-01-19"", ""option_type"": ""CE"", ""premium_points"": 181.5, ""qty"": 1, ""quantity_per_lot"": 1, ""raw_open"": 180.5, ""side"": ""BUY"", ""strike"": 73800.0}, {""expiry"": ""2024-01-19"", ""option_type"": ""CE"", ""premium_points"": 75.45, ""qty"": -2, ""quantity_per_lot"": 2, ""raw_open"": 76.45, ""side"": ""SELL"", ""strike"": 74300.0}]",0.0,STANDALONE_EVALUATED,71683.23,-133.82000000000406,92.2057741800001,-2768.605774180081,True,Batman_standalone,
development,2024-01-25,2024-01-20,Batman,high,0.12676329437328096,0.9642857142857143,71847.66,71107.41430919903,71609.8632071653,72418.71808466397,72894.99778976609,"{""c65"": 72400.0, ""c80"": 72900.0, ""p20"": 71100.0, ""p35"": 71600.0}",48.599999999999966,48.685541830771186,44.853188013044246,0.8158,1447.0837813261505,2429.015239237379,2429.015239237379,2000.0,48580.304784747575,1.0,6.0,True,eligible,1.0,76.64707635453892,63.143761999999995,"[{""expiry"": ""2024-01-25"", ""option_type"": ""PE"", ""premium_points"": 339.35, ""qty"": 1, ""quantity_per_lot"": 1, ""raw_open"": 338.35, ""side"": ""BUY"", ""strike"": 71600.0}, {""expiry"": ""2024-01-25"", ""option_type"": ""PE"", ""premium_points"": 178.8, ""qty"": -2, ""quantity_per_lot"": 2, ""raw_open"": 179.8, ""side"": ""SELL"", ""strike"": 71100.0}, {""expiry"": ""2024-01-25"", ""option_type"": ""CE"", ""premium_points"": 308.85, ""qty"": 1, ""quantity_per_lot"": 1, ""raw_open"": 307.85, ""side"": ""BUY"", ""strike"": 72400.0}, {""expiry"": ""2024-01-25"", ""option_type"": ""CE"", ""premium_points"": 169.6, ""qty"": -2, ""quantity_per_lot"": 2, ""raw_open"": 170.6, ""side"": ""SELL"", ""strike"": 72900.0}]",2.0,EVALUATED,70700.67,149.26999999999822,85.62701200000004,2899.7729879999642,True,,
development,2024-01-25,2024-01-20,Long Synthetic Future,high,0.12676329437328096,0.9642857142857143,71847.66,71107.41430919903,71609.8632071653,72418.71808466397,72894.99778976609,"{""atm"": 71800.0}",-156.05000000000007,33.269433936184775,30.908437648799538,0.5182,2505.970106450069,3435.164398054098,3435.164398054098,2000.0,68703.28796108197,1.0,2.0,True,eligible,1.0,47.21992574770604,33.63420386,"[{""expiry"": ""2024-01-25"", ""option_type"": ""CE"", ""premium_points"": 579.95, ""qty"": 1, ""quantity_per_lot"": 1, ""raw_open"": 578.95, ""side"": ""BUY"", ""strike"": 71800.0}, {""expiry"": ""2024-01-25"", ""option_type"": ""PE"", ""premium_points"": 423.9, ""qty"": -1, ""quantity_per_lot"": 1, ""raw_open"": 424.9, ""side"": ""SELL"", ""strike"": 71800.0}]",3.0,EVALUATED,70700.67,-1255.380000000002,33.63420386,-25141.23420386004,True,,
development,2024-01-25,2024-01-20,Risk Reversal,high,0.12676329437328096,0.9642857142857143,71847.66,71107.41430919903,71609.8632071653,72418.71808466397,72894.99778976609,"{""c65"": 72400.0, ""p35"": 71600.0}",28.5,13.243217447336502,11.349666261568455,0.6614,2120.952661348452,3050.14695295248,3050.14695295248,2000.0,61002.939059049604,1.0,2.0,True,eligible,1.0,37.871023715361176,31.310076320000004,"[{""expiry"": ""2024-01-25"", ""option_type"": ""CE"", ""premium_points"": 308.85, ""qty"": 1, ""quantity_per_lot"": 1, ""raw_open"": 307.85, ""side"": ""BUY"", ""strike"": 72400.0}, {""expiry"": ""2024-01-25"", ""option_type"": ""PE"", ""premium_points"": 337.35, ""qty"": -1, ""quantity_per_lot"": 1, ""raw_open"": 338.35, ""side"": ""SELL"", ""strike"": 71600.0}]",5.0,EVALUATED,70700.67,-870.8300000000017,31.310076320000004,-17447.910076320033,True,,
development,2024-01-25,2024-01-20,Sell Put,high,0.12676329437328096,0.9642857142857143,71847.66,71107.41430919903,71609.8632071653,72418.71808466397,72894.99778976609,"{""atm"": 71800.0}",423.9,69.79055842794304,68.751148125943,0.7218,1924.698520464684,2853.8928120687133,2853.8928120687133,2000.0,57077.85624137426,1.0,1.0,True,eligible,1.0,20.788206040000002,20.788206040000002,"[{""expiry"": ""2024-01-25"", ""option_type"": ""PE"", ""premium_points"": 423.9, ""qty"": -1, ""quantity_per_lot"": 1, ""raw_open"": 424.9, ""side"": ""SELL"", ""strike"": 71800.0}]",5.0,EVALUATED,70700.67,-675.4300000000018,20.788206040000002,-13529.388206040036,True,,
development,2024-01-25,2024-01-20,Batman,high,0.12676329437328096,0.9642857142857143,71847.66,71107.41430919903,71609.8632071653,72418.71808466397,72894.99778976609,"{""c65"": 72400.0, ""c80"": 72900.0, ""p20"": 71100.0, ""p35"": 71600.0}",48.599999999999966,48.685541830771186,44.853188013044246,0.8158,1447.0837813261505,2429.015239237379,2429.015239237379,2000.0,48580.304784747575,1.0,6.0,True,eligible,1.0,76.64707635453892,63.143761999999995,"[{""expiry"": ""2024-01-25"", ""option_type"": ""PE"", ""premium_points"": 339.35, ""qty"": 1, ""quantity_per_lot"": 1, ""raw_open"": 338.35, ""side"": ""BUY"", ""strike"": 71600.0}, {""expiry"": ""2024-01-25"", ""option_type"": ""PE"", ""premium_points"": 178.8, ""qty"": -2, ""quantity_per_lot"": 2, ""raw_open"": 179.8, ""side"": ""SELL"", ""strike"": 71100.0}, {""expiry"": ""2024-01-25"", ""option_type"": ""CE"", ""premium_points"": 308.85, ""qty"": 1, ""quantity_per_lot"": 1, ""raw_open"": 307.85, ""side"": ""BUY"", ""strike"": 72400.0}, {""expiry"": ""2024-01-25"", ""option_type"": ""CE"", ""premium_points"": 169.6, ""qty"": -2, ""quantity_per_lot"": 2, ""raw_open"": 170.6, ""side"": ""SELL"", ""strike"": 72900.0}]",2.0,EVALUATED,70700.67,149.26999999999822,85.62701200000004,2899.7729879999642,True,Batman_standalone,
development,2024-02-02,2024-01-30,Batman,high,0.15125057192325428,1.0,71777.73,70985.80614632956,71495.82227543935,72357.91632937745,72834.70198675021,"{""c65"": 72400.0, ""c80"": 72800.0, ""p20"": 71000.0, ""p35"": 71500.0}",451.74999999999994,415.5863705930431,410.8752818316881,0.8908,1107.831947886227,2093.4520699668037,2093.4520699668037,2000.0,41869.04139933607,1.0,6.0,True,eligible,1.0,94.22177522709994,81.0800813,"[{""expiry"": ""2024-02-02"", ""option_type"": ""PE"", ""premium_points"": 569.95, ""qty"": 1, ""quantity_per_lot"": 1, ""raw_open"": 568.95, ""side"": ""BUY"", ""strike"": 71500.0}, {""expiry"": ""2024-02-02"", ""option_type"": ""PE"", ""premium_points"": 403.0, ""qty"": -2, ""quantity_per_lot"": 2, ""raw_open"": 404.0, ""side"": ""SELL"", ""strike"": 71000.0}, {""expiry"": ""2024-02-02"", ""option_type"": ""CE"", ""premium_points"": 486.3, ""qty"": 1, ""quantity_per_lot"": 1, ""raw_open"": 485.3, ""side"": ""BUY"", ""strike"": 72400.0}, {""expiry"": ""2024-02-02"", ""option_type"": ""CE"", ""premium_points"": 351.0, ""qty"": -2, ""quantity_per_lot"": 2, ""raw_open"": 352.0, ""side"": ""SELL"", ""strike"": 72800.0}]",2.0,EVALUATED,72085.63,451.74999999999994,81.0800813,8953.919918699998,True,,
development,2024-02-02,2024-01-30,Long Synthetic Future,high,0.15125057192325428,1.0,71777.73,70985.80614632956,71495.82227543935,72357.91632937745,72834.70198675021,"{""atm"": 71800.0}",-85.54999999999995,26.316679107475792,23.684973856291354,0.5182,2508.2965792628956,3397.816672054376,3397.816672054376,2000.0,67956.33344108751,1.0,2.0,True,eligible,1.0,52.63410502369063,39.858187619999995,"[{""expiry"": ""2024-02-02"", ""option_type"": ""CE"", ""premium_points"": 785.5, ""qty"": 1, ""quantity_per_lot"": 1, ""raw_open"": 784.5, ""side"": ""BUY"", ""strike"": 71800.0}, {""expiry"": ""2024-02-02"", ""option_type"": ""PE"", ""premium_points"": 699.95, ""qty"": -1, ""quantity_per_lot"": 1, ""raw_open"": 700.95, ""side"": ""SELL"", ""strike"": 71800.0}]",3.0,EVALUATED,72085.63,200.0800000000047,46.99893762000011,3954.601062380094,True,,
development,2024-02-02,2024-01-30,Risk Reversal,high,0.15125057192325428,1.0,71777.73,70985.80614632956,71495.82227543935,72357.91632937745,72834.70198675021,"{""c65"": 72400.0, ""p35"": 71500.0}",81.65000000000003,50.03946437920824,47.904694850793746,0.6788,2040.599643540126,2930.119736331608,2930.119736331608,2000.0,58602.394726632156,1.0,2.0,True,eligible,1.0,42.69539056829007,36.5196753,"[{""expiry"": ""2024-02-02"", ""option_type"": ""CE"", ""premium_points"": 486.3, ""qty"": 1, ""quantity_per_lot"": 1, ""raw_open"": 485.3, ""side"": ""BUY"", ""strike"": 72400.0}, {""expiry"": ""2024-02-02"", ""option_type"": ""PE"", ""premium_points"": 567.95, ""qty"": -1, ""quantity_per_lot"": 1, ""raw_open"": 568.95, ""side"": ""SELL"", ""strike"": 71500.0}]",5.0,EVALUATED,72085.63,81.65000000000003,36.5196753,1596.4803247000007,True,,
development,2024-02-02,2024-01-30,Sell Put,high,0.15125057192325428,1.0,71777.73,70985.80614632956,71495.82227543935,72357.91632937745,72834.70198675021,"{""atm"": 71800.0}",699.95,300.7799829598505,299.4479099688506,0.7724,1721.4969470027115,2611.0170397941924,2611.0170397941924,2000.0,52220.34079588385,1.0,1.0,True,eligible,1.0,26.64145982,26.64145982,"[{""expiry"": ""2024-02-02"", ""option_type"": ""PE"", ""premium_points"": 699.95, ""qty"": -1, ""quantity_per_lot"": 1, ""raw_open"": 700.95, ""side"": ""SELL"", ""strike"": 71800.0}]",5.0,EVALUATED,72085.63,699.95,26.64145982,13972.35854018,True,,
development,2024-02-02,2024-01-30,Batman,high,0.15125057192325428,1.0,71777.73,70985.80614632956,71495.82227543935,72357.91632937745,72834.70198675021,"{""c65"": 72400.0, ""c80"": 72800.0, ""p20"": 71000.0, ""p35"": 71500.0}",451.74999999999994,415.5863705930431,410.8752818316881,0.8908,1107.831947886227,2093.4520699668037,2093.4520699668037,2000.0,41869.04139933607,1.0,6.0,True,eligible,1.0,94.22177522709994,81.0800813,"[{""expiry"": ""2024-02-02"", ""option_type"": ""PE"", ""premium_points"": 569.95, ""qty"": 1, ""quantity_per_lot"": 1, ""raw_open"": 568.95, ""side"": ""BUY"", ""strike"": 71500.0}, {""expiry"": ""2024-02-02"", ""option_type"": ""PE"", ""premium_points"": 403.0, ""qty"": -2, ""quantity_per_lot"": 2, ""raw_open"": 404.0, ""side"": ""SELL"", ""strike"": 71000.0}, {""expiry"": ""2024-02-02"", ""option_type"": ""CE"", ""premium_points"": 486.3, ""qty"": 1, ""quantity_per_lot"": 1, ""raw_open"": 485.3, ""side"": ""BUY"", ""strike"": 72400.0}, {""expiry"": ""2024-02-02"", ""option_type"": ""CE"", ""premium_points"": 351.0, ""qty"": -2, ""quantity_per_lot"": 2, ""raw_open"": 352.0, ""side"": ""SELL"", ""strike"": 72800.0}]",2.0,EVALUATED,72085.63,451.74999999999994,81.0800813,8953.919918699998,True,Batman_standalone,
development,2024-02-09,2024-02-06,Batman,high,0.1566767566465073,0.996031746031746,71813.7,71047.76046595885,71543.60812468511,72376.294141029,72852.29279462034,"{""c65"": 72400.0, ""c80"": 72900.0, ""p20"": 71000.0, ""p35"": 71500.0}",184.05,192.1498873160508,188.02633001225038,0.861,1257.3231234278517,2223.258586211449,2223.258586211449,2000.0,44465.171724228974,1.0,6.0,True,eligible,1.0,82.47114607600757,69.65667902000001,"[{""expiry"": ""2024-02-09"", ""option_type"": ""PE"", ""premium_points"": 462.7, ""qty"": 1, ""quantity_per_lot"": 1, ""raw_open"": 461.7, ""side"": ""BUY"", ""strike"": 71500.0}, {""expiry"": ""2024-02-09"", ""option_type"": ""PE"", ""premium_points"": 303.0, ""qty"": -2, ""quantity_per_lot"": 2, ""raw_open"": 304.0, ""side"": ""SELL"", ""strike"": 71000.0}, {""expiry"": ""2024-02-09"", ""option_type"": ""CE"", ""premium_points"": 343.75, ""qty"": 1, ""quantity_per_lot"": 1, ""raw_open"": 342.75, ""side"": ""BUY"", ""strike"": 72400.0}, {""expiry"": ""2024-02-09"", ""option_type"": ""CE"", ""premium_points"": 192.25, ""qty"": -2, ""quantity_per_lot"": 2, ""raw_open"": 193.25, ""side"": ""SELL"", ""strike"": 72900.0}]",2.0,EVALUATED,71595.49,184.05,69.65667902000001,3611.34332098,True,,
development,2024-02-09,2024-02-06,Long Synthetic Future,high,0.1566767566465073,0.996031746031746,71813.7,71047.76046595885,71543.60812468511,72376.294141029,72852.29279462034,"{""atm"": 71800.0}",-48.0,93.07567885461845,90.58097044545435,0.5414,2440.9909887521194,3456.191655751879,3456.191655751879,2000.0,69123.83311503757,1.0,2.0,True,eligible,1.0,49.894168183282375,36.892705600000006,"[{""expiry"": ""2024-02-09"", ""option_type"": ""CE"", ""premium_points"": 622.0, ""qty"": 1, ""quantity_per_lot"": 1, ""raw_open"": 621.0, ""side"": ""BUY"", ""strike"": 71800.0}, {""expiry"": ""2024-02-09"", ""option_type"": ""PE"", ""premium_points"": 574.0, ""qty"": -1, ""quantity_per_lot"": 1, ""raw_open"": 575.0, ""side"": ""SELL"", ""strike"": 71800.0}]",3.0,EVALUATED,71595.49,-252.50999999999476,36.892705600000006,-5087.092705599895,True,,
development,2024-02-09,2024-02-06,Risk Reversal,high,0.1566767566465073,0.996031746031746,71813.7,71047.76046595885,71543.60812468511,72376.294141029,72852.29279462034,"{""c65"": 72400.0, ""p35"": 71500.0}",116.94999999999999,104.98261879151892,102.970312427374,0.701,1975.5585867070995,2990.75925370686,2990.75925370686,2000.0,59815.185074137196,1.0,2.0,True,eligible,1.0,40.24612728289777,33.988486019999996,"[{""expiry"": ""2024-02-09"", ""option_type"": ""CE"", ""premium_points"": 343.75, ""qty"": 1, ""quantity_per_lot"": 1, ""raw_open"": 342.75, ""side"": ""BUY"", ""strike"": 72400.0}, {""expiry"": ""2024-02-09"", ""option_type"": ""PE"", ""premium_points"": 460.7, ""qty"": -1, ""quantity_per_lot"": 1, ""raw_open"": 461.7, ""side"": ""SELL"", ""strike"": 71500.0}]",5.0,EVALUATED,71595.49,116.94999999999999,33.988486019999996,2305.01151398,True,,
development,2024-02-09,2024-02-06,Sell Put,high,0.1566767566465073,0.996031746031746,71813.7,71047.76046595885,71543.60812468511,72376.294141029,72852.29279462034,"{""atm"": 71800.0}",574.0,195.01717552332366,193.81863220332372,0.747,1817.6948236629548,2832.895490662715,2832.895490662715,2000.0,56657.9098132543,1.0,1.0,True,eligible,1.0,23.970866400000002,23.970866400000002,"[{""expiry"": ""2024-02-09"", ""option_type"": ""PE"", ""premium_points"": 574.0, ""qty"": -1, ""quantity_per_lot"": 1, ""raw_open"": 575.0, ""side"": ""SELL"", ""strike"": 71800.0}]",5.0,EVALUATED,71595.49,369.49000000000524,23.970866400000002,7365.829133600105,True,,
development,2024-02-09,2024-02-06,Batman,high,0.1566767566465073,0.996031746031746,71813.7,71047.76046595885,71543.60812468511,72376.294141029,72852.29279462034,"{""c65"": 72400.0, ""c80"": 72900.0, ""p20"": 71000.0, ""p35"": 71500.0}",184.05,192.1498873160508,188.02633001225038,0.861,1257.3231234278517,2223.258586211449,2223.258586211449,2000.0,44465.171724228974,1.0,6.0,True,eligible,1.0,82.47114607600757,69.65667902000001,"[{""expiry"": ""2024-02-09"", ""option_type"": ""PE"", ""premium_points"": 462.7, ""qty"": 1, ""quantity_per_lot"": 1, ""raw_open"": 461.7, ""side"": ""BUY"", ""strike"": 71500.0}, {""expiry"": ""2024-02-09"", ""option_type"": ""PE"", ""premium_points"": 303.0, ""qty"": -2, ""quantity_per_lot"": 2, ""raw_open"": 304.0, ""side"": ""SELL"", ""strike"": 71000.0}, {""expiry"": ""2024-02-09"", ""option_type"": ""CE"", ""premium_points"": 343.75, ""qty"": 1, ""quantity_per_lot"": 1, ""raw_open"": 342.75, ""side"": ""BUY"", ""strike"": 72400.0}, {""expiry"": ""2024-02-09"", ""option_type"": ""CE"", ""premium_points"": 192.25, ""qty"": -2, ""quantity_per_lot"": 2, ""raw_open"": 193.25, ""side"": ""SELL"", ""strike"": 72900.0}]",2.0,EVALUATED,71595.49,184.05,69.65667902000001,3611.34332098,True,Batman_standalone,
development,2024-02-16,2024-02-13,Batman,high,0.15408174023703014,0.9642857142857143,71006.64,70241.11562870779,70746.08403036618,71549.72489149832,72017.99742455875,"{""c65"": 71500.0, ""c80"": 72000.0, ""p20"": 70200.0, ""p35"": 70700.0}",149.55000000000007,156.20000376342503,152.0515596780747,0.8498,1355.0423433195176,2341.0956607310145,2341.0956607310145,2000.0,46821.91321462029,1.0,6.0,True,eligible,1.0,82.9688817070054,69.62227298,"[{""expiry"": ""2024-02-16"", ""option_type"": ""PE"", ""premium_points"": 414.5, ""qty"": 1, ""quantity_per_lot"": 1, ""raw_open"": 413.5, ""side"": ""BUY"", ""strike"": 70700.0}, {""expiry"": ""2024-02-16"", ""option_type"": ""PE"", ""premium_points"": 256.35, ""qty"": -2, ""quantity_per_lot"": 2, ""raw_open"": 257.35, ""side"": ""SELL"", ""strike"": 70200.0}, {""expiry"": ""2024-02-16"", ""option_type"": ""CE"", ""premium_points"": 422.25, ""qty"": 1, ""quantity_per_lot"": 1, ""raw_open"": 421.25, ""side"": ""BUY"", ""strike"": 71500.0}, {""expiry"": ""2024-02-16"", ""option_type"": ""CE"", ""premium_points"": 236.8, ""qty"": -2, ""quantity_per_lot"": 2, ""raw_open"": 237.8, ""side"": ""SELL"", ""strike"": 72000.0}]",2.0,EVALUATED,72426.64,222.91000000000065,92.78827297999999,4365.411727020013,True,,
development,2024-02-16,2024-02-13,Long Synthetic Future,high,0.15408174023703014,0.9642857142857143,71006.64,70241.11562870779,70746.08403036618,71549.72489149832,72017.99742455875,"{""atm"": 71000.0}",-139.04999999999995,-9.628817097369856,-12.067462952398415,0.4998,2519.9382998287015,3569.5741625290893,3569.5741625290893,2000.0,71391.48325058179,0.0,2.0,False,negative_net_ev,1.0,48.77291710057222,36.15043969999999,"[{""expiry"": ""2024-02-16"", ""option_type"": ""CE"", ""premium_points"": 673.65, ""qty"": 1, ""quantity_per_lot"": 1, ""raw_open"": 672.65, ""side"": ""BUY"", ""strike"": 71000.0}, {""expiry"": ""2024-02-16"", ""option_type"": ""PE"", ""premium_points"": 534.6, ""qty"": -1, ""quantity_per_lot"": 1, ""raw_open"": 535.6, ""side"": ""SELL"", ""strike"": 71000.0}]",3.0,EVALUATED,72426.64,1287.5899999999995,71.81643969999998,25679.98356029999,True,,
development,2024-02-16,2024-02-13,Risk Reversal,high,0.15408174023703014,0.9642857142857143,71006.64,70241.11562870779,70746.08403036618,71549.72489149832,72017.99742455875,"{""c65"": 71500.0, ""p35"": 70700.0}",-9.75,6.891366642338605,4.891897815012039,0.363,2090.199122800999,3139.834985501387,3139.834985501387,2000.0,62796.699710027744,1.0,2.0,True,eligible,1.0,39.98937654653193,33.1080551,"[{""expiry"": ""2024-02-16"", ""option_type"": ""CE"", ""premium_points"": 422.25, ""qty"": 1, ""quantity_per_lot"": 1, ""raw_open"": 421.25, ""side"": ""BUY"", ""strike"": 71500.0}, {""expiry"": ""2024-02-16"", ""option_type"": ""PE"", ""premium_points"": 412.5, ""qty"": -1, ""quantity_per_lot"": 1, ""raw_open"": 413.5, ""side"": ""SELL"", ""strike"": 70700.0}]",5.0,EVALUATED,72426.64,916.8899999999994,56.274055099999984,18281.52594489999,True,,
development,2024-02-16,2024-02-13,Sell Put,high,0.15408174023703014,0.9642857142857143,71006.64,70241.11562870779,70746.08403036618,71549.72489149832,72017.99742455875,"{""atm"": 71000.0}",534.6,159.1220868797409,157.96531465174087,0.7416,1845.0064262016722,2894.6422889020614,2894.6422889020614,2000.0,57892.84577804123,1.0,1.0,True,eligible,1.0,23.13544456,23.13544456,"[{""expiry"": ""2024-02-16"", ""option_type"": ""PE"", ""premium_points"": 534.6, ""qty"": -1, ""quantity_per_lot"": 1, ""raw_open"": 535.6, ""side"": ""SELL"", ""strike"": 71000.0}]",5.0,EVALUATED,72426.64,534.6,23.13544456,10668.86455544,True,,
development,2024-02-16,2024-02-13,Batman,high,0.15408174023703014,0.9642857142857143,71006.64,70241.11562870779,70746.08403036618,71549.72489149832,72017.99742455875,"{""c65"": 71500.0, ""c80"": 72000.0, ""p20"": 70200.0, ""p35"": 70700.0}",149.55000000000007,156.20000376342503,152.0515596780747,0.8498,1355.0423433195176,2341.0956607310145,2341.0956607310145,2000.0,46821.91321462029,1.0,6.0,True,eligible,1.0,82.9688817070054,69.62227298,"[{""expiry"": ""2024-02-16"", ""option_type"": ""PE"", ""premium_points"": 414.5, ""qty"": 1, ""quantity_per_lot"": 1, ""raw_open"": 413.5, ""side"": ""BUY"", ""strike"": 70700.0}, {""expiry"": ""2024-02-16"", ""option_type"": ""PE"", ""premium_points"": 256.35, ""qty"": -2, ""quantity_per_lot"": 2, ""raw_open"": 257.35, ""side"": ""SELL"", ""strike"": 70200.0}, {""expiry"": ""2024-02-16"", ""option_type"": ""CE"", ""premium_points"": 422.25, ""qty"": 1, ""quantity_per_lot"": 1, ""raw_open"": 421.25, ""side"": ""BUY"", ""strike"": 71500.0}, {""expiry"": ""2024-02-16"", ""option_type"": ""CE"", ""premium_points"": 236.8, ""qty"": -2, ""quantity_per_lot"": 2, ""raw_open"": 237.8, ""side"": ""SELL"", ""strike"": 72000.0}]",2.0,EVALUATED,72426.64,222.91000000000065,92.78827297999999,4365.411727020013,True,Batman_standalone,
development,2024-02-23,2024-02-20,Batman,high,0.12737448008764424,0.9007936507936508,72617.27,71828.5150321985,72369.44522520556,73179.55721203856,73659.10932597563,"{""c65"": 73200.0, ""c80"": 73700.0, ""p20"": 71800.0, ""p35"": 72400.0}",41.0,83.4302520272473,79.53621962709771,0.8336,1219.4225621321946,2006.1068183110262,2006.1068183110262,2000.0,40122.136366220526,1.0,6.0,True,eligible,1.0,77.88064800299166,64.34464087999999,"[{""expiry"": ""2024-02-23"", ""option_type"": ""PE"", ""premium_points"": 443.9, ""qty"": 1, ""quantity_per_lot"": 1, ""raw_open"": 442.9, ""side"": ""BUY"", ""strike"": 72400.0}, {""expiry"": ""2024-02-23"", ""option_type"": ""PE"", ""premium_points"": 248.2, ""qty"": -2, ""quantity_per_lot"": 2, ""raw_open"": 249.2, ""side"": ""SELL"", ""strike"": 71800.0}, {""expiry"": ""2024-02-23"", ""option_type"": ""CE"", ""premium_points"": 263.5, ""qty"": 1, ""quantity_per_lot"": 1, ""raw_open"": 262.5, ""side"": ""BUY"", ""strike"": 73200.0}, {""expiry"": ""2024-02-23"", ""option_type"": ""CE"", ""premium_points"": 126.0, ""qty"": -2, ""quantity_per_lot"": 2, ""raw_open"": 127.0, ""side"": ""SELL"", ""strike"": 73700.0}]",2.0,EVALUATED,73142.8,41.0,64.34464087999999,755.65535912,True,,
development,2024-02-23,2024-02-20,Long Synthetic Future,high,0.12737448008764424,0.9007936507936508,72617.27,71828.5150321985,72369.44522520556,73179.55721203856,73659.10932597563,"{""atm"": 72600.0}",-2.7000000000000455,135.43972187922282,133.00750428363642,0.5622,2386.9756549802864,3283.7243350105973,3283.7243350105973,2000.0,65674.48670021194,1.0,2.0,True,eligible,1.0,48.644351911726986,35.75382168,"[{""expiry"": ""2024-02-23"", ""option_type"": ""CE"", ""premium_points"": 530.75, ""qty"": 1, ""quantity_per_lot"": 1, ""raw_open"": 529.75, ""side"": ""BUY"", ""strike"": 72600.0}, {""expiry"": ""2024-02-23"", ""option_type"": ""PE"", ""premium_points"": 528.05, ""qty"": -1, ""quantity_per_lot"": 1, ""raw_open"": 529.05, ""side"": ""SELL"", ""strike"": 72600.0}]",3.0,EVALUATED,73142.8,540.1000000000029,49.32382168000007,10752.676178320058,True,,
development,2024-02-23,2024-02-20,Risk Reversal,high,0.12737448008764424,0.9007936507936508,72617.27,71828.5150321985,72369.44522520556,73179.55721203856,73659.10932597563,"{""c65"": 73200.0, ""p35"": 72400.0}",178.39999999999998,124.40773924560328,122.43082825849997,0.7,2005.4203483718036,2902.1690284021133,2902.1690284021133,2000.0,58043.38056804227,1.0,2.0,True,eligible,1.0,39.538219742065884,33.445119440000006,"[{""expiry"": ""2024-02-23"", ""option_type"": ""CE"", ""premium_points"": 263.5, ""qty"": 1, ""quantity_per_lot"": 1, ""raw_open"": 262.5, ""side"": ""BUY"", ""strike"": 73200.0}, {""expiry"": ""2024-02-23"", ""option_type"": ""PE"", ""premium_points"": 441.9, ""qty"": -1, ""quantity_per_lot"": 1, ""raw_open"": 442.9, ""side"": ""SELL"", ""strike"": 72400.0}]",5.0,EVALUATED,73142.8,178.39999999999998,33.445119440000006,3534.5548805599997,True,,
development,2024-02-23,2024-02-20,Sell Put,high,0.12737448008764424,0.9007936507936508,72617.27,71828.5150321985,72369.44522520556,73179.55721203856,73659.10932597563,"{""atm"": 72600.0}",528.05,150.56851261014327,149.41868456114315,0.7404,1854.9432654337002,2751.69194546401,2751.69194546401,2000.0,55033.8389092802,1.0,1.0,True,eligible,1.0,22.996560979999998,22.996560979999998,"[{""expiry"": ""2024-02-23"", ""option_type"": ""PE"", ""premium_points"": 528.05, ""qty"": -1, ""quantity_per_lot"": 1, ""raw_open"": 529.05, ""side"": ""SELL"", ""strike"": 72600.0}]",5.0,EVALUATED,73142.8,528.05,22.996560979999998,10538.00343902,True,,
development,2024-02-23,2024-02-20,Batman,high,0.12737448008764424,0.9007936507936508,72617.27,71828.5150321985,72369.44522520556,73179.55721203856,73659.10932597563,"{""c65"": 73200.0, ""c80"": 73700.0, ""p20"": 71800.0, ""p35"": 72400.0}",41.0,83.4302520272473,79.53621962709771,0.8336,1219.4225621321946,2006.1068183110262,2006.1068183110262,2000.0,40122.136366220526,1.0,6.0,True,eligible,1.0,77.88064800299166,64.34464087999999,"[{""expiry"": ""2024-02-23"", ""option_type"": ""PE"", ""premium_points"": 443.9, ""qty"": 1, ""quantity_per_lot"": 1, ""raw_open"": 442.9, ""side"": ""BUY"", ""strike"": 72400.0}, {""expiry"": ""2024-02-23"", ""option_type"": ""PE"", ""premium_points"": 248.2, ""qty"": -2, ""quantity_per_lot"": 2, ""raw_open"": 249.2, ""side"": ""SELL"", ""strike"": 71800.0}, {""expiry"": ""2024-02-23"", ""option_type"": ""CE"", ""premium_points"": 263.5, ""qty"": 1, ""quantity_per_lot"": 1, ""raw_open"": 262.5, ""side"": ""BUY"", ""strike"": 73200.0}, {""expiry"": ""2024-02-23"", ""option_type"": ""CE"", ""premium_points"": 126.0, ""qty"": -2, ""quantity_per_lot"": 2, ""raw_open"": 127.0, ""side"": ""SELL"", ""strike"": 73700.0}]",2.0,EVALUATED,73142.8,41.0,64.34464087999999,755.65535912,True,Batman_standalone,
development,2024-03-01,2024-02-27,Buy Put,medium,0.09668809888844578,0.5238095238095238,72809.95,72046.44013302312,72552.84178690966,73369.93215121112,73845.99815601646,"{""atm"": 72800.0}",-502.65,-126.56205469740154,-127.66749360602975,0.263,503.75543890862815,503.75543890862815,503.75543890862815,2000.0,10075.108778172564,0.0,1.0,False,negative_net_ev,1.0,22.10877817256496,12.70657954,"[{""expiry"": ""2024-03-01"", ""option_type"": ""PE"", ""premium_points"": 502.65, ""qty"": 1, ""quantity_per_lot"": 1, ""raw_open"": 501.65, ""side"": ""BUY"", ""strike"": 72800.0}]",1.0,EVALUATED,73745.35,-502.65,12.70657954,-10065.70657954,True,,
development,2024-03-01,2024-02-27,Put Ratio Spread,medium,0.09668809888844578,0.5238095238095238,72809.95,72046.44013302312,72552.84178690966,73369.93215121112,73845.99815601646,"{""atm"": 72800.0, ""p35"": 72600.0}",336.45000000000005,121.33049521303761,118.7454592664094,0.7954,1679.4438824426727,2684.8791540546813,2684.8791540546813,2000.0,53697.583081093624,1.0,3.0,True,eligible,1.0,51.70071893256496,42.2985203,"[{""expiry"": ""2024-03-01"", ""option_type"": ""PE"", ""premium_points"": 502.65, ""qty"": 1, ""quantity_per_lot"": 1, ""raw_open"": 501.65, ""side"": ""BUY"", ""strike"": 72800.0}, {""expiry"": ""2024-03-01"", ""option_type"": ""PE"", ""premium_points"": 419.55, ""qty"": -2, ""quantity_per_lot"": 2, ""raw_open"": 420.55, ""side"": ""SELL"", ""strike"": 72600.0}]",4.0,EVALUATED,73745.35,336.45000000000005,42.2985203,6686.701479700001,True,,
development,2024-03-01,2024-02-27,Short Straddle,medium,0.09668809888844578,0.5238095238095238,72809.95,72046.44013302312,72552.84178690966,73369.93215121112,73845.99815601646,"{""atm"": 72800.0}",1120.4499999999998,233.37878337692237,231.01090469592233,0.692,1688.8520010018967,2498.414785412334,2498.414785412334,2000.0,49968.295708246675,1.0,2.0,True,eligible,1.0,47.35757361999999,47.35757361999999,"[{""expiry"": ""2024-03-01"", ""option_type"": ""CE"", ""premium_points"": 619.8, ""qty"": -1, ""quantity_per_lot"": 1, ""raw_open"": 620.8, ""side"": ""SELL"", ""strike"": 72800.0}, {""expiry"": ""2024-03-01"", ""option_type"": ""PE"", ""premium_points"": 500.65, ""qty"": -1, ""quantity_per_lot"": 1, ""raw_open"": 501.65, ""side"": ""SELL"", ""strike"": 72800.0}]",4.0,EVALUATED,73745.35,175.099999999994,47.35757361999999,3454.64242637988,True,,
development,2024-03-01,2024-02-27,Short Strangle,medium,0.09668809888844578,0.5238095238095238,72809.95,72046.44013302312,72552.84178690966,73369.93215121112,73845.99815601646,"{""c65"": 73400.0, ""p35"": 72600.0}",754.6,215.0693961254104,213.0893842974104,0.71,1680.7829510088302,2552.8000830255805,2552.8000830255805,2000.0,51056.00166051161,1.0,2.0,True,eligible,1.0,39.60023656,39.60023656,"[{""expiry"": ""2024-03-01"", ""option_type"": ""PE"", ""premium_points"": 419.55, ""qty"": -1, ""quantity_per_lot"": 1, ""raw_open"": 420.55, ""side"": ""SELL"", ""strike"": 72600.0}, {""expiry"": ""2024-03-01"", ""option_type"": ""CE"", ""premium_points"": 335.05, ""qty"": -1, ""quantity_per_lot"": 1, ""raw_open"": 336.05, ""side"": ""SELL"", ""strike"": 73400.0}]",3.0,EVALUATED,73745.35,409.2499999999942,39.60023656,8145.399763439884,True,,
development,2024-03-01,2024-02-27,Strip,medium,0.09668809888844578,0.5238095238095238,72809.95,72046.44013302312,72552.84178690966,73369.93215121112,73845.99815601646,"{""atm"": 72800.0}",-1627.1,-363.94083807432406,-366.84651890473117,0.2676,1583.901683972922,1621.180950756714,1621.180950756714,2000.0,32423.61901513428,0.0,3.0,False,negative_net_ev,1.0,58.113616608141896,26.534637559999997,"[{""expiry"": ""2024-03-01"", ""option_type"": ""CE"", ""premium_points"": 621.8, ""qty"": 1, ""quantity_per_lot"": 1, ""raw_open"": 620.8, ""side"": ""BUY"", ""strike"": 72800.0}, {""expiry"": ""2024-03-01"", ""option_type"": ""PE"", ""premium_points"": 502.65, ""qty"": 2, ""quantity_per_lot"": 2, ""raw_open"": 501.65, ""side"": ""BUY"", ""strike"": 72800.0}]",3.0,EVALUATED,73745.35,-681.7499999999941,50.16838756000014,-13685.168387559881,True,,
development,2024-03-01,2024-02-27,Batman,medium,0.09668809888844578,0.5238095238095238,72809.95,72046.44013302312,72552.84178690966,73369.93215121112,73845.99815601646,"{""c65"": 73400.0, ""c80"": 73800.0, ""p20"": 72000.0, ""p35"": 72600.0}",114.59999999999997,116.72971243915748,112.7011394603143,0.8242,1296.3626952997395,2105.9254797101767,2105.9254797101767,2000.0,42118.50959420353,0.0,6.0,False,no_risk_sized_lot,1.0,80.57145957686473,67.08319447999999,"[{""expiry"": ""2024-03-01"", ""option_type"": ""PE"", ""premium_points"": 421.55, ""qty"": 1, ""quantity_per_lot"": 1, ""raw_open"": 420.55, ""side"": ""BUY"", ""strike"": 72600.0}, {""expiry"": ""2024-03-01"", ""option_type"": ""PE"", ""premium_points"": 232.0, ""qty"": -2, ""quantity_per_lot"": 2, ""raw_open"": 233.0, ""side"": ""SELL"", ""strike"": 72000.0}, {""expiry"": ""2024-03-01"", ""option_type"": ""CE"", ""premium_points"": 337.05, ""qty"": 1, ""quantity_per_lot"": 1, ""raw_open"": 336.05, ""side"": ""BUY"", ""strike"": 73400.0}, {""expiry"": ""2024-03-01"", ""option_type"": ""CE"", ""premium_points"": 204.6, ""qty"": -2, ""quantity_per_lot"": 2, ""raw_open"": 205.6, ""side"": ""SELL"", ""strike"": 73800.0}]",0.0,STANDALONE_EVALUATED,73745.35,459.9500000000058,75.71694448000014,9123.283055520116,True,Batman_standalone,
development,2024-03-07,2024-03-04,Buy Put,medium,0.10565334822636711,0.6507936507936508,73825.51,73037.97111859817,73546.66283525176,74357.55300457442,74834.80567093544,"{""atm"": 73800.0}",-478.0,-93.61920307292021,-94.73278510907905,0.2746,479.1135820361588,479.1135820361588,479.1135820361588,2000.0,9582.271640723176,0.0,1.0,False,negative_net_ev,1.0,22.271640723176994,12.6621208,"[{""expiry"": ""2024-03-07"", ""option_type"": ""PE"", ""premium_points"": 478.0, ""qty"": 1, ""quantity_per_lot"": 1, ""raw_open"": 477.0, ""side"": ""BUY"", ""strike"": 73800.0}]",1.0,EVALUATED,74119.39,-478.0,12.6621208,-9572.6621208,True,,
development,2024-03-07,2024-03-04,Put Ratio Spread,medium,0.10565334822636711,0.6507936507936508,73825.51,73037.97111859817,73546.66283525176,74357.55300457442,74834.80567093544,"{""atm"": 73800.0, ""p35"": 73500.0}",234.29999999999995,83.4036769546806,80.94492870452174,0.8138,1629.8438723721538,2650.9970925741677,2650.9970925741677,2000.0,53019.94185148335,1.0,3.0,True,eligible,1.0,49.17496500317699,39.56544508,"[{""expiry"": ""2024-03-07"", ""option_type"": ""PE"", ""premium_points"": 478.0, ""qty"": 1, ""quantity_per_lot"": 1, ""raw_open"": 477.0, ""side"": ""BUY"", ""strike"": 73800.0}, {""expiry"": ""2024-03-07"", ""option_type"": ""PE"", ""premium_points"": 356.15, ""qty"": -2, ""quantity_per_lot"": 2, ""raw_open"": 357.15, ""side"": ""SELL"", ""strike"": 73500.0}]",4.0,EVALUATED,74119.39,234.29999999999995,39.56544508,4646.434554919999,True,,
development,2024-03-07,2024-03-04,Short Straddle,medium,0.10565334822636711,0.6507936507936508,73825.51,73037.97111859817,73546.66283525176,74357.55300457442,74834.80567093544,"{""atm"": 73800.0}",1042.7,148.45651751745766,146.17106783145766,0.6596,1853.4154890341322,2783.807952643858,2783.807952643858,2000.0,55676.159052877156,1.0,2.0,True,eligible,1.0,45.708993719999995,45.708993719999995,"[{""expiry"": ""2024-03-07"", ""option_type"": ""CE"", ""premium_points"": 566.7, ""qty"": -1, ""quantity_per_lot"": 1, ""raw_open"": 567.7, ""side"": ""SELL"", ""strike"": 73800.0}, {""expiry"": ""2024-03-07"", ""option_type"": ""PE"", ""premium_points"": 476.0, ""qty"": -1, ""quantity_per_lot"": 1, ""raw_open"": 477.0, ""side"": ""SELL"", ""strike"": 73800.0}]",4.0,EVALUATED,74119.39,723.3100000000006,45.708993719999995,14420.491006280012,True,,
development,2024-03-07,2024-03-04,Short Strangle,medium,0.10565334822636711,0.6507936507936508,73825.51,73037.97111859817,73546.66283525176,74357.55300457442,74834.80567093544,"{""c65"": 74400.0, ""p35"": 73500.0}",645.0999999999999,134.39427953762905,132.530357419629,0.6872,1817.6423876505405,2735.8556006072777,2735.8556006072777,2000.0,54717.11201214555,1.0,2.0,True,eligible,1.0,37.27844236,37.27844236,"[{""expiry"": ""2024-03-07"", ""option_type"": ""PE"", ""premium_points"": 356.15, ""qty"": -1, ""quantity_per_lot"": 1, ""raw_open"": 357.15, ""side"": ""SELL"", ""strike"": 73500.0}, {""expiry"": ""2024-03-07"", ""option_type"": ""CE"", ""premium_points"": 288.95, ""qty"": -1, ""quantity_per_lot"": 1, ""raw_open"": 289.95, ""side"": ""SELL"", ""strike"": 74400.0}]",3.0,EVALUATED,74119.39,645.0999999999999,37.27844236,12864.721557639998,True,,
development,2024-03-07,2024-03-04,Strip,medium,0.10565334822636711,0.6507936507936508,73825.51,73037.97111859817,73546.66283525176,74357.55300457442,74834.80567093544,"{""atm"": 73800.0}",-1524.7,-246.07572059037787,-248.99149838563994,0.2984,1477.786648316367,1515.4170948576407,1515.4170948576407,2000.0,30308.341897152815,0.0,3.0,False,negative_net_ev,1.0,58.31555590524056,26.34994892,"[{""expiry"": ""2024-03-07"", ""option_type"": ""CE"", ""premium_points"": 568.7, ""qty"": 1, ""quantity_per_lot"": 1, ""raw_open"": 567.7, ""side"": ""BUY"", ""strike"": 73800.0}, {""expiry"": ""2024-03-07"", ""option_type"": ""PE"", ""premium_points"": 478.0, ""qty"": 2, ""quantity_per_lot"": 2, ""raw_open"": 477.0, ""side"": ""BUY"", ""strike"": 73800.0}]",3.0,EVALUATED,74119.39,-1205.3100000000006,34.33469891999999,-24140.53469892001,True,,
development,2024-03-07,2024-03-04,Batman,medium,0.10565334822636711,0.6507936507936508,73825.51,73037.97111859817,73546.66283525176,74357.55300457442,74834.80567093544,"{""c65"": 74400.0, ""c80"": 74800.0, ""p20"": 73000.0, ""p35"": 73500.0}",117.40000000000003,79.85969171839629,75.9901457598183,0.8148,1431.4332697247323,2358.9251919038597,2358.9251919038597,2000.0,47178.503838077195,0.0,6.0,False,no_risk_sized_lot,1.0,77.39091917155926,64.62327615999999,"[{""expiry"": ""2024-03-07"", ""option_type"": ""PE"", ""premium_points"": 358.15, ""qty"": 1, ""quantity_per_lot"": 1, ""raw_open"": 357.15, ""side"": ""BUY"", ""strike"": 73500.0}, {""expiry"": ""2024-03-07"", ""option_type"": ""PE"", ""premium_points"": 211.0, ""qty"": -2, ""quantity_per_lot"": 2, ""raw_open"": 212.0, ""side"": ""SELL"", ""strike"": 73000.0}, {""expiry"": ""2024-03-07"", ""option_type"": ""CE"", ""premium_points"": 290.95, ""qty"": 1, ""quantity_per_lot"": 1, ""raw_open"": 289.95, ""side"": ""BUY"", ""strike"": 74400.0}, {""expiry"": ""2024-03-07"", ""option_type"": ""CE"", ""premium_points"": 172.25, ""qty"": -2, ""quantity_per_lot"": 2, ""raw_open"": 173.25, ""side"": ""SELL"", ""strike"": 74800.0}]",0.0,STANDALONE_EVALUATED,74119.39,117.40000000000003,64.62327615999999,2283.376723840001,True,Batman_standalone,
development,2024-03-15,2024-03-12,Buy Put,medium,0.09861727891554543,0.5833333333333334,73587.94,72809.91792199844,73318.71588530362,74147.36543944138,74617.31197353198,"{""atm"": 73600.0}",-404.2,-13.502522105158524,-14.617344708527101,0.3114,405.31482260336855,405.31482260336855,405.31482260336855,2000.0,8106.296452067371,0.0,1.0,False,negative_net_ev,1.0,22.296452067371035,12.52901512,"[{""expiry"": ""2024-03-15"", ""option_type"": ""PE"", ""premium_points"": 404.2, ""qty"": 1, ""quantity_per_lot"": 1, ""raw_open"": 403.2, ""side"": ""BUY"", ""strike"": 73600.0}]",1.0,EVALUATED,72643.43,552.3700000000069,36.44326512000018,11010.95673488014,True,,
development,2024-03-15,2024-03-12,Put Ratio Spread,medium,0.09861727891554543,0.5833333333333334,73587.94,72809.91792199844,73318.71588530362,74147.36543944138,74617.31197353198,"{""atm"": 73600.0, ""p35"": 73300.0}",168.50000000000006,15.77070199741954,13.458714308051015,0.7952,1638.9708216430727,2617.6477391256103,2617.6477391256103,2000.0,52352.954782512206,1.0,3.0,True,eligible,1.0,46.23975378737104,36.472316840000005,"[{""expiry"": ""2024-03-15"", ""option_type"": ""PE"", ""premium_points"": 404.2, ""qty"": 1, ""quantity_per_lot"": 1, ""raw_open"": 403.2, ""side"": ""BUY"", ""strike"": 73600.0}, {""expiry"": ""2024-03-15"", ""option_type"": ""PE"", ""premium_points"": 286.35, ""qty"": -2, ""quantity_per_lot"": 2, ""raw_open"": 287.35, ""side"": ""SELL"", ""strike"": 73300.0}]",4.0,EVALUATED,72643.43,-188.07000000000693,60.386566840000185,-3821.786566840139,True,,
development,2024-03-15,2024-03-12,Short Straddle,medium,0.09861727891554543,0.5833333333333334,73587.94,72809.91792199844,73318.71588530362,74147.36543944138,74617.31197353198,"{""atm"": 73600.0}",877.95,-11.13676717011444,-13.24755220111442,0.5806,1945.030751350514,2785.19205406044,2785.19205406044,2000.0,55703.841081208804,0.0,2.0,False,negative_net_ev,1.0,42.21570062,42.21570062,"[{""expiry"": ""2024-03-15"", ""option_type"": ""CE"", ""premium_points"": 475.75, ""qty"": -1, ""quantity_per_lot"": 1, ""raw_open"": 476.75, ""side"": ""SELL"", ""strike"": 73600.0}, {""expiry"": ""2024-03-15"", ""option_type"": ""PE"", ""premium_points"": 402.2, ""qty"": -1, ""quantity_per_lot"": 1, ""raw_open"": 403.2, ""side"": ""SELL"", ""strike"": 73600.0}]",4.0,EVALUATED,72643.43,-78.62000000000694,42.21570062,-1614.6157006201388,True,,
development,2024-03-15,2024-03-12,Short Strangle,medium,0.09861727891554543,0.5833333333333334,73587.94,72809.91792199844,73318.71588530362,74147.36543944138,74617.31197353198,"{""c65"": 74100.0, ""p35"": 73300.0}",538.8,-2.4873456585847444,-4.2385706425847545,0.6166,1890.0963346859348,2735.294222495418,2735.294222495418,2000.0,54705.884449908364,0.0,2.0,False,negative_net_ev,1.0,35.02449968,35.02449968,"[{""expiry"": ""2024-03-15"", ""option_type"": ""PE"", ""premium_points"": 286.35, ""qty"": -1, ""quantity_per_lot"": 1, ""raw_open"": 287.35, ""side"": ""SELL"", ""strike"": 73300.0}, {""expiry"": ""2024-03-15"", ""option_type"": ""CE"", ""premium_points"": 252.45, ""qty"": -1, ""quantity_per_lot"": 1, ""raw_open"": 253.45, ""side"": ""SELL"", ""strike"": 74100.0}]",3.0,EVALUATED,72643.43,-117.77000000000703,35.02449968,-2390.424499680141,True,,
development,2024-03-15,2024-03-12,Strip,medium,0.09861727891554543,0.5833333333333334,73587.94,72809.91792199844,73318.71588530362,74147.36543944138,74617.31197353198,"{""atm"": 73600.0}",-1286.15,-6.365754935044129,-9.261470248375336,0.3794,1243.9592391828828,1278.3133480225877,1278.3133480225877,2000.0,25566.266960451754,0.0,3.0,False,negative_net_ev,1.0,57.914306266623896,25.919700139999996,"[{""expiry"": ""2024-03-15"", ""option_type"": ""CE"", ""premium_points"": 477.75, ""qty"": 1, ""quantity_per_lot"": 1, ""raw_open"": 476.75, ""side"": ""BUY"", ""strike"": 73600.0}, {""expiry"": ""2024-03-15"", ""option_type"": ""PE"", ""premium_points"": 404.2, ""qty"": 2, ""quantity_per_lot"": 2, ""raw_open"": 403.2, ""side"": ""BUY"", ""strike"": 73600.0}]",3.0,EVALUATED,72643.43,626.9900000000139,73.74820014000035,12466.051799860277,True,,
development,2024-03-15,2024-03-12,Batman,medium,0.09861727891554543,0.5833333333333334,73587.94,72809.91792199844,73318.71588530362,74147.36543944138,74617.31197353198,"{""c65"": 74100.0, ""c80"": 74600.0, ""p20"": 72800.0, ""p35"": 73300.0}",-12.0,-5.197778728220545,-8.846081158293789,0.4952,1442.7934121320072,2287.9912999414905,2287.9912999414905,2000.0,45759.82599882981,0.0,6.0,False,negative_net_ev,1.0,72.96604860146462,59.43386496,"[{""expiry"": ""2024-03-15"", ""option_type"": ""PE"", ""premium_points"": 288.35, ""qty"": 1, ""quantity_per_lot"": 1, ""raw_open"": 287.35, ""side"": ""BUY"", ""strike"": 73300.0}, {""expiry"": ""2024-03-15"", ""option_type"": ""PE"", ""premium_points"": 148.4, ""qty"": -2, ""quantity_per_lot"": 2, ""raw_open"": 149.4, ""side"": ""SELL"", ""strike"": 72800.0}, {""expiry"": ""2024-03-15"", ""option_type"": ""CE"", ""premium_points"": 254.45, ""qty"": 1, ""quantity_per_lot"": 1, ""raw_open"": 253.45, ""side"": ""BUY"", ""strike"": 74100.0}, {""expiry"": ""2024-03-15"", ""option_type"": ""CE"", ""premium_points"": 117.0, ""qty"": -2, ""quantity_per_lot"": 2, ""raw_open"": 118.0, ""side"": ""SELL"", ""strike"": 74600.0}]",0.0,STANDALONE_EVALUATED,72643.43,331.429999999993,75.84811496000017,6552.75188503986,True,Batman_standalone,
development,2024-03-22,2024-03-19,Batman,high,0.1091377975213752,0.7103174603174603,72358.77,71613.30284708424,72099.93338348928,72908.28157187546,73380.69285149925,"{""c65"": 72900.0, ""c80"": 73400.0, ""p20"": 71600.0, ""p35"": 72100.0}",18.399999999999977,33.733636557538716,29.99632532685113,0.8074,1272.8590898601994,2167.1408401909457,2167.1408401909457,2000.0,43342.81680381892,1.0,6.0,True,eligible,1.0,74.74622461375115,61.67055264,"[{""expiry"": ""2024-03-22"", ""option_type"": ""PE"", ""premium_points"": 321.0, ""qty"": 1, ""quantity_per_lot"": 1, ""raw_open"": 320.0, ""side"": ""BUY"", ""strike"": 72100.0}, {""expiry"": ""2024-03-22"", ""option_type"": ""PE"", ""premium_points"": 171.1, ""qty"": -2, ""quantity_per_lot"": 2, ""raw_open"": 172.1, ""side"": ""SELL"", ""strike"": 71600.0}, {""expiry"": ""2024-03-22"", ""option_type"": ""CE"", ""premium_points"": 291.0, ""qty"": 1, ""quantity_per_lot"": 1, ""raw_open"": 290.0, ""side"": ""BUY"", ""strike"": 72900.0}, {""expiry"": ""2024-03-22"", ""option_type"": ""CE"", ""premium_points"": 144.1, ""qty"": -2, ""quantity_per_lot"": 2, ""raw_open"": 145.1, ""side"": ""SELL"", ""strike"": 73400.0}]",2.0,EVALUATED,72831.94,18.399999999999977,61.67055264,306.32944735999956,True,,
development,2024-03-22,2024-03-19,Long Synthetic Future,high,0.1091377975213752,0.7103174603174603,72358.77,71613.30284708424,72099.93338348928,72908.28157187546,73380.69285149925,"{""atm"": 72400.0}",-77.64999999999998,7.346658199536314,5.057939684927807,0.5146,2401.6003247898657,3367.860208960928,3367.860208960928,2000.0,67357.20417921856,1.0,2.0,True,eligible,1.0,45.77437029217009,33.85746574,"[{""expiry"": ""2024-03-22"", ""option_type"": ""CE"", ""premium_points"": 517.4, ""qty"": 1, ""quantity_per_lot"": 1, ""raw_open"": 516.4, ""side"": ""BUY"", ""strike"": 72400.0}, {""expiry"": ""2024-03-22"", ""option_type"": ""PE"", ""premium_points"": 439.75, ""qty"": -1, ""quantity_per_lot"": 1, ""raw_open"": 440.75, ""side"": ""SELL"", ""strike"": 72400.0}]",3.0,EVALUATED,72831.94,354.29000000000235,44.655965740000056,7041.144034260046,True,,
development,2024-03-22,2024-03-19,Risk Reversal,high,0.1091377975213752,0.7103174603174603,72358.77,71613.30284708424,72099.93338348928,72908.28157187546,73380.69285149925,"{""c65"": 72900.0, ""p35"": 72100.0}",28.0,8.112474962291238,6.253573066096022,0.6588,1995.5205081714525,2961.780392342515,2961.780392342515,2000.0,59235.6078468503,1.0,2.0,True,eligible,1.0,37.17803792390422,30.888796,"[{""expiry"": ""2024-03-22"", ""option_type"": ""CE"", ""premium_points"": 291.0, ""qty"": 1, ""quantity_per_lot"": 1, ""raw_open"": 290.0, ""side"": ""BUY"", ""strike"": 72900.0}, {""expiry"": ""2024-03-22"", ""option_type"": ""PE"", ""premium_points"": 319.0, ""qty"": -1, ""quantity_per_lot"": 1, ""raw_open"": 320.0, ""side"": ""SELL"", ""strike"": 72100.0}]",5.0,EVALUATED,72831.94,28.0,30.888796,529.111204,True,,
development,2024-03-22,2024-03-19,Sell Put,high,0.1091377975213752,0.7103174603174603,72358.77,71613.30284708424,72099.93338348928,72908.28157187546,73380.69285149925,"{""atm"": 72400.0}",439.75,48.07047611273295,47.01426195773296,0.6974,1882.9678204302572,2849.227704601319,2849.227704601319,2000.0,56984.55409202638,1.0,1.0,True,eligible,1.0,21.124283099999996,21.124283099999996,"[{""expiry"": ""2024-03-22"", ""option_type"": ""PE"", ""premium_points"": 439.75, ""qty"": -1, ""quantity_per_lot"": 1, ""raw_open"": 440.75, ""side"": ""SELL"", ""strike"": 72400.0}]",5.0,EVALUATED,72831.94,439.75,21.124283099999996,8773.8757169,True,,
development,2024-03-22,2024-03-19,Batman,high,0.1091377975213752,0.7103174603174603,72358.77,71613.30284708424,72099.93338348928,72908.28157187546,73380.69285149925,"{""c65"": 72900.0, ""c80"": 73400.0, ""p20"": 71600.0, ""p35"": 72100.0}",18.399999999999977,33.733636557538716,29.99632532685113,0.8074,1272.8590898601994,2167.1408401909457,2167.1408401909457,2000.0,43342.81680381892,1.0,6.0,True,eligible,1.0,74.74622461375115,61.67055264,"[{""expiry"": ""2024-03-22"", ""option_type"": ""PE"", ""premium_points"": 321.0, ""qty"": 1, ""quantity_per_lot"": 1, ""raw_open"": 320.0, ""side"": ""BUY"", ""strike"": 72100.0}, {""expiry"": ""2024-03-22"", ""option_type"": ""PE"", ""premium_points"": 171.1, ""qty"": -2, ""quantity_per_lot"": 2, ""raw_open"": 172.1, ""side"": ""SELL"", ""strike"": 71600.0}, {""expiry"": ""2024-03-22"", ""option_type"": ""CE"", ""premium_points"": 291.0, ""qty"": 1, ""quantity_per_lot"": 1, ""raw_open"": 290.0, ""side"": ""BUY"", ""strike"": 72900.0}, {""expiry"": ""2024-03-22"", ""option_type"": ""CE"", ""premium_points"": 144.1, ""qty"": -2, ""quantity_per_lot"": 2, ""raw_open"": 145.1, ""side"": ""SELL"", ""strike"": 73400.0}]",2.0,EVALUATED,72831.94,18.399999999999977,61.67055264,306.32944735999956,True,Batman_standalone,
development,2024-03-28,2024-03-22,Batman,high,,,,,,,,,,,,,,,,,,,,,,,,,,,NO_TRADE,,,,,,,missing 09:30 bar CE 73200.0
development,2024-03-28,2024-03-22,Long Synthetic Future,high,0.11188069512894155,0.746031746031746,72214.71,71456.41158397259,71952.89346082974,72749.41782570588,73215.11314576169,"{""atm"": 72200.0}",-222.0,-86.88267076689156,-89.17342341408798,0.4778,2451.999930848674,3290.5031513354265,3290.5031513354265,2000.0,65810.06302670854,0.0,2.0,False,negative_net_ev,1.0,45.8150529439286,33.364329600000005,"[{""expiry"": ""2024-03-28"", ""option_type"": ""CE"", ""premium_points"": 629.0, ""qty"": 1, ""quantity_per_lot"": 1, ""raw_open"": 628.0, ""side"": ""BUY"", ""strike"": 72200.0}, {""expiry"": ""2024-03-28"", ""option_type"": ""PE"", ""premium_points"": 407.0, ""qty"": -1, ""quantity_per_lot"": 1, ""raw_open"": 408.0, ""side"": ""SELL"", ""strike"": 72200.0}]",3.0,EVALUATED,73651.35,1229.3500000000058,69.64807960000016,24517.351920400117,True,,
development,2024-03-28,2024-03-22,Risk Reversal,high,0.11188069512894155,0.746031746031746,72214.71,71456.41158397259,71952.89346082974,72749.41782570588,73215.11314576169,"{""c65"": 72700.0, ""p35"": 72000.0}",-49.05000000000001,-68.28036957145063,-70.17258993383365,0.3496,2078.65139856386,2917.1546190506133,2917.1546190506133,2000.0,58343.09238101226,0.0,2.0,False,negative_net_ev,1.0,37.84440724766053,31.23942962,"[{""expiry"": ""2024-03-28"", ""option_type"": ""CE"", ""premium_points"": 377.25, ""qty"": 1, ""quantity_per_lot"": 1, ""raw_open"": 376.25, ""side"": ""BUY"", ""strike"": 72700.0}, {""expiry"": ""2024-03-28"", ""option_type"": ""PE"", ""premium_points"": 328.2, ""qty"": -1, ""quantity_per_lot"": 1, ""raw_open"": 329.2, ""side"": ""SELL"", ""strike"": 72000.0}]",5.0,EVALUATED,73651.35,902.3000000000059,55.02317962000015,17990.976820380118,True,,
development,2024-03-28,2024-03-22,Sell Put,high,0.11188069512894155,0.746031746031746,72214.71,71456.41158397259,71952.89346082974,72749.41782570588,73215.11314576169,"{""atm"": 72200.0}",407.0,44.08839547596462,43.06690221596462,0.7016,1821.7306714614765,2660.2338919482304,2660.2338919482304,2000.0,53204.677838964606,1.0,1.0,True,eligible,1.0,20.429865200000002,20.429865200000002,"[{""expiry"": ""2024-03-28"", ""option_type"": ""PE"", ""premium_points"": 407.0, ""qty"": -1, ""quantity_per_lot"": 1, ""raw_open"": 408.0, ""side"": ""SELL"", ""strike"": 72200.0}]",5.0,EVALUATED,73651.35,407.0,20.429865200000002,8119.5701348,True,,
development,2024-03-28,2024-03-22,Batman,high,,,,,,,,,,,,,,,,,,,,,,,,,,,NO_TRADE,,,,,,Batman_standalone,missing 09:30 bar CE 73200.0
development,2024-04-05,2024-04-02,Batman,high,0.11204332865320128,0.753968253968254,73911.85,73166.09905156898,73637.22008737556,74427.17824178048,74892.79456718144,"{""c65"": 74400.0, ""c80"": 74900.0, ""p20"": 73200.0, ""p35"": 73600.0}",14.700000000000017,-9.62635725806936,-13.21112801000886,0.7844,1495.8566114462383,2468.3817830341072,2468.3817830341072,2000.0,49367.63566068214,0.0,6.0,False,negative_net_ev,1.0,71.69541503879017,58.778318760000005,"[{""expiry"": ""2024-04-05"", ""option_type"": ""PE"", ""premium_points"": 275.7, ""qty"": 1, ""quantity_per_lot"": 1, ""raw_open"": 274.7, ""side"": ""BUY"", ""strike"": 73600.0}, {""expiry"": ""2024-04-05"", ""option_type"": ""PE"", ""premium_points"": 163.15, ""qty"": -2, ""quantity_per_lot"": 2, ""raw_open"": 164.15, ""side"": ""SELL"", ""strike"": 73200.0}, {""expiry"": ""2024-04-05"", ""option_type"": ""CE"", ""premium_points"": 214.0, ""qty"": 1, ""quantity_per_lot"": 1, ""raw_open"": 213.0, ""side"": ""BUY"", ""strike"": 74400.0}, {""expiry"": ""2024-04-05"", ""option_type"": ""CE"", ""premium_points"": 89.05, ""qty"": -2, ""quantity_per_lot"": 2, ""raw_open"": 90.05, ""side"": ""SELL"", ""strike"": 74900.0}]",2.0,EVALUATED,74248.22,14.700000000000017,58.778318760000005,235.22168124000035,True,,
development,2024-04-05,2024-04-02,Long Synthetic Future,high,0.11204332865320128,0.753968253968254,73911.85,73166.09905156898,73637.22008737556,74427.17824178048,74892.79456718144,"{""atm"": 73900.0}",-43.69999999999999,68.04335963257134,65.80446356135681,0.5342,2416.839144569207,3485.2219166865216,3485.2219166865216,2000.0,69704.43833373043,1.0,2.0,True,eligible,1.0,44.77792142428963,32.60676128,"[{""expiry"": ""2024-04-05"", ""option_type"": ""CE"", ""premium_points"": 431.75, ""qty"": 1, ""quantity_per_lot"": 1, ""raw_open"": 430.75, ""side"": ""BUY"", ""strike"": 73900.0}, {""expiry"": ""2024-04-05"", ""option_type"": ""PE"", ""premium_points"": 388.05, ""qty"": -1, ""quantity_per_lot"": 1, ""raw_open"": 389.05, ""side"": ""SELL"", ""strike"": 73900.0}]",3.0,EVALUATED,74248.22,304.5200000000012,41.31226128000003,6049.0877387200235,True,,
development,2024-04-05,2024-04-02,Risk Reversal,high,0.11204332865320128,0.753968253968254,73911.85,73166.09905156898,73637.22008737556,74427.17824178048,74892.79456718144,"{""c65"": 74400.0, ""p35"": 73600.0}",59.69999999999999,61.94270986284282,60.12891097620884,0.6824,2013.0140473846272,3081.396819501941,3081.396819501941,2000.0,61627.93639003882,1.0,2.0,True,eligible,1.0,36.27597773268062,29.78939572,"[{""expiry"": ""2024-04-05"", ""option_type"": ""CE"", ""premium_points"": 214.0, ""qty"": 1, ""quantity_per_lot"": 1, ""raw_open"": 213.0, ""side"": ""BUY"", ""strike"": 74400.0}, {""expiry"": ""2024-04-05"", ""option_type"": ""PE"", ""premium_points"": 273.7, ""qty"": -1, ""quantity_per_lot"": 1, ""raw_open"": 274.7, ""side"": ""SELL"", ""strike"": 73600.0}]",5.0,EVALUATED,74248.22,59.69999999999999,29.78939572,1164.2106042799999,True,,
development,2024-04-05,2024-04-02,Sell Put,high,0.11204332865320128,0.753968253968254,73911.85,73166.09905156898,73637.22008737556,74427.17824178048,74892.79456718144,"{""atm"": 73900.0}",388.05,12.946953860985891,11.945551011985899,0.6924,1983.851651346993,3052.234423464307,3052.234423464307,2000.0,61044.688469286135,1.0,1.0,True,eligible,1.0,20.028056980000002,20.028056980000002,"[{""expiry"": ""2024-04-05"", ""option_type"": ""PE"", ""premium_points"": 388.05, ""qty"": -1, ""quantity_per_lot"": 1, ""raw_open"": 389.05, ""side"": ""SELL"", ""strike"": 73900.0}]",5.0,EVALUATED,74248.22,388.05,20.028056980000002,7740.97194302,True,,
development,2024-04-05,2024-04-02,Batman,high,0.11204332865320128,0.753968253968254,73911.85,73166.09905156898,73637.22008737556,74427.17824178048,74892.79456718144,"{""c65"": 74400.0, ""c80"": 74900.0, ""p20"": 73200.0, ""p35"": 73600.0}",14.700000000000017,-9.62635725806936,-13.21112801000886,0.7844,1495.8566114462383,2468.3817830341072,2468.3817830341072,2000.0,49367.63566068214,0.0,6.0,False,negative_net_ev,1.0,71.69541503879017,58.778318760000005,"[{""expiry"": ""2024-04-05"", ""option_type"": ""PE"", ""premium_points"": 275.7, ""qty"": 1, ""quantity_per_lot"": 1, ""raw_open"": 274.7, ""side"": ""BUY"", ""strike"": 73600.0}, {""expiry"": ""2024-04-05"", ""option_type"": ""PE"", ""premium_points"": 163.15, ""qty"": -2, ""quantity_per_lot"": 2, ""raw_open"": 164.15, ""side"": ""SELL"", ""strike"": 73200.0}, {""expiry"": ""2024-04-05"", ""option_type"": ""CE"", ""premium_points"": 214.0, ""qty"": 1, ""quantity_per_lot"": 1, ""raw_open"": 213.0, ""side"": ""BUY"", ""strike"": 74400.0}, {""expiry"": ""2024-04-05"", ""option_type"": ""CE"", ""premium_points"": 89.05, ""qty"": -2, ""quantity_per_lot"": 2, ""raw_open"": 90.05, ""side"": ""SELL"", ""strike"": 74900.0}]",2.0,EVALUATED,74248.22,14.700000000000017,58.778318760000005,235.22168124000035,True,Batman_standalone,
development,2024-04-12,2024-04-08,Buy Put,medium,0.09575939543737147,0.5277777777777778,74484.61,73734.95943514263,74220.1085779819,75038.67218727105,75495.21129967461,"{""atm"": 74500.0}",-472.3,-85.43080489022215,-86.54698339810939,0.2826,473.41617850788714,473.41617850788714,473.41617850788714,2000.0,9468.323570157743,0.0,1.0,False,negative_net_ev,1.0,22.32357015774445,12.65184028,"[{""expiry"": ""2024-04-12"", ""option_type"": ""PE"", ""premium_points"": 472.3, ""qty"": 1, ""quantity_per_lot"": 1, ""raw_open"": 471.3, ""side"": ""BUY"", ""strike"": 74500.0}]",1.0,EVALUATED,74244.9,-217.1999999999942,19.029340280000145,-4363.029340279883,True,,
development,2024-04-12,2024-04-08,Put Ratio Spread,medium,0.09575939543737147,0.5277777777777778,74484.61,73734.95943514263,74220.1085779819,75038.67218727105,75495.21129967461,"{""atm"": 74500.0, ""p35"": 74200.0}",214.49999999999994,65.33825657458051,62.90394644269326,0.8122,1550.0713359935703,2483.807840213721,2483.807840213721,2000.0,49676.156804274426,1.0,3.0,True,eligible,1.0,48.686202637744444,39.01447276,"[{""expiry"": ""2024-04-12"", ""option_type"": ""PE"", ""premium_points"": 472.3, ""qty"": 1, ""quantity_per_lot"": 1, ""raw_open"": 471.3, ""side"": ""BUY"", ""strike"": 74500.0}, {""expiry"": ""2024-04-12"", ""option_type"": ""PE"", ""premium_points"": 343.4, ""qty"": -2, ""quantity_per_lot"": 2, ""raw_open"": 344.4, ""side"": ""SELL"", ""strike"": 74200.0}]",4.0,EVALUATED,74244.9,469.60000000000576,45.391972760000144,9346.608027240114,True,,
development,2024-04-12,2024-04-08,Short Straddle,medium,0.09575939543737147,0.5277777777777778,74484.61,73734.95943514263,74220.1085779819,75038.67218727105,75495.21129967461,"{""atm"": 74500.0}",914.55,31.0331513817542,28.88356376275418,0.6104,1852.477930260532,2676.2119972167875,2676.2119972167875,2000.0,53524.23994433575,1.0,2.0,True,eligible,1.0,42.99175238,42.99175238,"[{""expiry"": ""2024-04-12"", ""option_type"": ""CE"", ""premium_points"": 444.25, ""qty"": -1, ""quantity_per_lot"": 1, ""raw_open"": 445.25, ""side"": ""SELL"", ""strike"": 74500.0}, {""expiry"": ""2024-04-12"", ""option_type"": ""PE"", ""premium_points"": 470.3, ""qty"": -1, ""quantity_per_lot"": 1, ""raw_open"": 471.3, ""side"": ""SELL"", ""strike"": 74500.0}]",4.0,EVALUATED,74244.9,659.4499999999941,42.99175238,13146.008247619884,True,,
development,2024-04-12,2024-04-08,Short Strangle,medium,0.09575939543737147,0.5277777777777778,74484.61,73734.95943514263,74220.1085779819,75038.67218727105,75495.21129967461,"{""c65"": 75000.0, ""p35"": 74200.0}",571.5999999999999,38.364154187396764,36.57815529939676,0.6426,1796.7131393367654,2632.7874343477033,2632.7874343477033,2000.0,52655.748686954066,1.0,2.0,True,eligible,1.0,35.71997776,35.71997776,"[{""expiry"": ""2024-04-12"", ""option_type"": ""PE"", ""premium_points"": 343.4, ""qty"": -1, ""quantity_per_lot"": 1, ""raw_open"": 344.4, ""side"": ""SELL"", ""strike"": 74200.0}, {""expiry"": ""2024-04-12"", ""option_type"": ""CE"", ""premium_points"": 228.2, ""qty"": -1, ""quantity_per_lot"": 1, ""raw_open"": 229.2, ""side"": ""SELL"", ""strike"": 75000.0}]",3.0,EVALUATED,74244.9,571.5999999999999,35.71997776,11396.280022239998,True,,
development,2024-04-12,2024-04-08,Strip,medium,0.09575939543737147,0.5277777777777778,74484.61,73734.95943514263,74220.1085779819,75038.67218727105,75495.21129967461,"{""atm"": 74500.0}",-1390.85,-120.46395627197627,-123.35736567963627,0.3302,1341.6409411453772,1384.3464359477884,1384.3464359477884,2000.0,27686.92871895577,0.0,3.0,False,negative_net_ev,1.0,57.86818815320059,26.10853706,"[{""expiry"": ""2024-04-12"", ""option_type"": ""CE"", ""premium_points"": 446.25, ""qty"": 1, ""quantity_per_lot"": 1, ""raw_open"": 445.25, ""side"": ""BUY"", ""strike"": 74500.0}, {""expiry"": ""2024-04-12"", ""option_type"": ""PE"", ""premium_points"": 472.3, ""qty"": 2, ""quantity_per_lot"": 2, ""raw_open"": 471.3, ""side"": ""BUY"", ""strike"": 74500.0}]",3.0,EVALUATED,74244.9,-880.6499999999883,38.86353706000029,-17651.863537059766,True,,
development,2024-04-12,2024-04-08,Batman,medium,0.09575939543737147,0.5277777777777778,74484.61,73734.95943514263,74220.1085779819,75038.67218727105,75495.21129967461,"{""c65"": 75000.0, ""c80"": 75500.0, ""p20"": 73700.0, ""p35"": 74200.0}",22.10000000000005,26.697537264207902,22.985415262942148,0.8034,1348.1392624500313,2184.2135574609692,2184.2135574609692,2000.0,43684.271149219385,0.0,6.0,False,no_risk_sized_lot,1.0,74.24244002531508,60.911543879999996,"[{""expiry"": ""2024-04-12"", ""option_type"": ""PE"", ""premium_points"": 345.4, ""qty"": 1, ""quantity_per_lot"": 1, ""raw_open"": 344.4, ""side"": ""BUY"", ""strike"": 74200.0}, {""expiry"": ""2024-04-12"", ""option_type"": ""PE"", ""premium_points"": 198.05, ""qty"": -2, ""quantity_per_lot"": 2, ""raw_open"": 199.05, ""side"": ""SELL"", ""strike"": 73700.0}, {""expiry"": ""2024-04-12"", ""option_type"": ""CE"", ""premium_points"": 230.2, ""qty"": 1, ""quantity_per_lot"": 1, ""raw_open"": 229.2, ""side"": ""BUY"", ""strike"": 75000.0}, {""expiry"": ""2024-04-12"", ""option_type"": ""CE"", ""premium_points"": 100.8, ""qty"": -2, ""quantity_per_lot"": 2, ""raw_open"": 101.8, ""side"": ""SELL"", ""strike"": 75500.0}]",0.0,STANDALONE_EVALUATED,74244.9,22.10000000000005,60.911543879999996,381.088456120001,True,Batman_standalone,
development,2024-04-19,2024-04-15,Buy Put,medium,0.10077021999901124,0.6428571428571429,73618.19,72883.0505779031,73360.34089107509,74192.28283933246,74657.45687722879,"{""atm"": 73600.0}",-511.0,-150.72523203477235,-151.81165747472892,0.2596,512.0864254399565,512.0864254399565,512.0864254399565,2000.0,10241.728508799131,0.0,1.0,False,negative_net_ev,1.0,21.72850879913069,12.7216396,"[{""expiry"": ""2024-04-19"", ""option_type"": ""PE"", ""premium_points"": 511.0, ""qty"": 1, ""quantity_per_lot"": 1, ""raw_open"": 510.0, ""side"": ""BUY"", ""strike"": 73600.0}]",1.0,EVALUATED,73088.33,0.6699999999982538,25.513389599999957,-12.113389600034882,True,,
development,2024-04-19,2024-04-15,Put Ratio Spread,medium,0.10077021999901124,0.6428571428571429,73618.19,72883.0505779031,73360.34089107509,74192.28283933246,74657.45687722879,"{""atm"": 73600.0, ""p35"": 73400.0}",367.4,166.5214657224668,163.9137781705102,0.8128,1547.3045662082325,2491.9662708713126,2491.9662708713126,2000.0,49839.325417426255,1.0,3.0,True,eligible,1.0,52.15375103913069,43.14688184,"[{""expiry"": ""2024-04-19"", ""option_type"": ""PE"", ""premium_points"": 511.0, ""qty"": 1, ""quantity_per_lot"": 1, ""raw_open"": 510.0, ""side"": ""BUY"", ""strike"": 73600.0}, {""expiry"": ""2024-04-19"", ""option_type"": ""PE"", ""premium_points"": 439.2, ""qty"": -2, ""quantity_per_lot"": 2, ""raw_open"": 440.2, ""side"": ""SELL"", ""strike"": 73400.0}]",4.0,EVALUATED,73088.33,255.73000000000172,55.93863183999996,5058.661368160035,True,,
development,2024-04-19,2024-04-15,Short Straddle,medium,0.10077021999901124,0.6428571428571429,73618.19,72883.0505779031,73360.34089107509,74192.28283933246,74657.45687722879,"{""atm"": 73600.0}",1148.8,264.15808497820075,261.76015019420066,0.713,1617.085714415478,2307.59164765216,2307.59164765216,2000.0,46151.8329530432,1.0,2.0,True,eligible,1.0,47.95869568,47.95869568,"[{""expiry"": ""2024-04-19"", ""option_type"": ""CE"", ""premium_points"": 639.8, ""qty"": -1, ""quantity_per_lot"": 1, ""raw_open"": 640.8, ""side"": ""SELL"", ""strike"": 73600.0}, {""expiry"": ""2024-04-19"", ""option_type"": ""PE"", ""premium_points"": 509.0, ""qty"": -1, ""quantity_per_lot"": 1, ""raw_open"": 510.0, ""side"": ""SELL"", ""strike"": 73600.0}]",4.0,EVALUATED,73088.33,637.1300000000017,47.95869568,12694.641304320035,True,,
development,2024-04-19,2024-04-15,Short Strangle,medium,0.10077021999901124,0.6428571428571429,73618.19,72883.0505779031,73360.34089107509,74192.28283933246,74657.45687722879,"{""c65"": 74200.0, ""p35"": 73400.0}",760.8,230.64003146441627,228.65344652041617,0.7232,1605.4852415962305,2359.7045077271937,2359.7045077271937,2000.0,47194.090154543876,1.0,2.0,True,eligible,1.0,39.731698879999996,39.731698879999996,"[{""expiry"": ""2024-04-19"", ""option_type"": ""PE"", ""premium_points"": 439.2, ""qty"": -1, ""quantity_per_lot"": 1, ""raw_open"": 440.2, ""side"": ""SELL"", ""strike"": 73400.0}, {""expiry"": ""2024-04-19"", ""option_type"": ""CE"", ""premium_points"": 321.6, ""qty"": -1, ""quantity_per_lot"": 1, ""raw_open"": 322.6, ""side"": ""SELL"", ""strike"": 74200.0}]",3.0,EVALUATED,73088.33,449.1300000000017,39.731698879999996,8942.868301120036,True,,
development,2024-04-19,2024-04-15,Strip,medium,0.10077021999901124,0.6428571428571429,73618.19,72883.0505779031,73360.34089107509,74192.28283933246,74657.45687722879,"{""atm"": 73600.0}",-1663.8,-418.8833170129731,-421.76950435070694,0.2506,1618.551464858508,1657.0292387681468,1657.0292387681468,2000.0,33140.584775362935,0.0,3.0,False,negative_net_ev,1.0,57.72374675467567,26.600829680000004,"[{""expiry"": ""2024-04-19"", ""option_type"": ""CE"", ""premium_points"": 641.8, ""qty"": 1, ""quantity_per_lot"": 1, ""raw_open"": 640.8, ""side"": ""BUY"", ""strike"": 73600.0}, {""expiry"": ""2024-04-19"", ""option_type"": ""PE"", ""premium_points"": 511.0, ""qty"": 2, ""quantity_per_lot"": 2, ""raw_open"": 510.0, ""side"": ""BUY"", ""strike"": 73600.0}]",3.0,EVALUATED,73088.33,-640.4600000000034,52.18432967999992,-12861.38432968007,True,,
development,2024-04-19,2024-04-15,Batman,medium,0.10077021999901124,0.6428571428571429,73618.19,72883.0505779031,73360.34089107509,74192.28283933246,74657.45687722879,"{""c65"": 74200.0, ""c80"": 74700.0, ""p20"": 72900.0, ""p35"": 73400.0}",137.59999999999997,156.6223646766307,152.57398861996126,0.8458,1230.7470327088995,1984.966298839863,1984.966298839863,2000.0,39699.325976797256,0.0,6.0,False,no_risk_sized_lot,1.0,80.9675211333896,67.71352192,"[{""expiry"": ""2024-04-19"", ""option_type"": ""PE"", ""premium_points"": 441.2, ""qty"": 1, ""quantity_per_lot"": 1, ""raw_open"": 440.2, ""side"": ""BUY"", ""strike"": 73400.0}, {""expiry"": ""2024-04-19"", ""option_type"": ""PE"", ""premium_points"": 297.2, ""qty"": -2, ""quantity_per_lot"": 2, ""raw_open"": 298.2, ""side"": ""SELL"", ""strike"": 72900.0}, {""expiry"": ""2024-04-19"", ""option_type"": ""CE"", ""premium_points"": 323.6, ""qty"": 1, ""quantity_per_lot"": 1, ""raw_open"": 322.6, ""side"": ""BUY"", ""strike"": 74200.0}, {""expiry"": ""2024-04-19"", ""option_type"": ""CE"", ""premium_points"": 154.0, ""qty"": -2, ""quantity_per_lot"": 2, ""raw_open"": 155.0, ""side"": ""SELL"", ""strike"": 74700.0}]",0.0,STANDALONE_EVALUATED,73088.33,449.2699999999982,75.50527191999996,8909.894728079966,True,Batman_standalone,
development,2024-04-26,2024-04-23,Buy Put,medium,0.10039035365827896,0.6349206349206349,73878.93,73139.19059659822,73642.0999512479,74428.45474827477,74914.81668376466,"{""atm"": 73900.0}",-424.0,-40.67548863950227,-41.782880598702924,0.2956,425.10739195920075,425.10739195920075,425.10739195920075,2000.0,8502.147839184016,0.0,1.0,False,negative_net_ev,1.0,22.147839184012444,12.5647264,"[{""expiry"": ""2024-04-26"", ""option_type"": ""PE"", ""premium_points"": 424.0, ""qty"": 1, ""quantity_per_lot"": 1, ""raw_open"": 423.0, ""side"": ""BUY"", ""strike"": 73900.0}]",1.0,EVALUATED,73730.16,-254.1600000000035,16.81072639999991,-5100.01072640007,True,,
development,2024-04-26,2024-04-23,Put Ratio Spread,medium,0.10039035365827896,0.6349206349206349,73878.93,73139.19059659822,73642.0999512479,74428.45474827477,74914.81668376466,"{""atm"": 73900.0, ""p35"": 73600.0}",176.39999999999998,27.53394168369415,25.20001765249351,0.8028,1650.6479794584823,2640.7156334039255,2640.7156334039255,2000.0,52814.312668078506,1.0,3.0,True,eligible,1.0,46.678480624012444,37.09536784,"[{""expiry"": ""2024-04-26"", ""option_type"": ""PE"", ""premium_points"": 424.0, ""qty"": 1, ""quantity_per_lot"": 1, ""raw_open"": 423.0, ""side"": ""BUY"", ""strike"": 73900.0}, {""expiry"": ""2024-04-26"", ""option_type"": ""PE"", ""premium_points"": 300.2, ""qty"": -2, ""quantity_per_lot"": 2, ""raw_open"": 301.2, ""side"": ""SELL"", ""strike"": 73600.0}]",4.0,EVALUATED,73730.16,346.2399999999965,41.34136783999991,6883.45863215993,True,,
development,2024-04-26,2024-04-23,Short Straddle,medium,0.10039035365827896,0.6349206349206349,73878.93,73139.19059659822,73642.0999512479,74428.45474827477,74914.81668376466,"{""atm"": 73900.0}",791.7,-81.01497106410609,-83.03431557010607,0.5446,1984.1941047277135,2832.0172242568287,2832.0172242568287,2000.0,56640.34448513658,0.0,2.0,False,negative_net_ev,1.0,40.38689012,40.38689012,"[{""expiry"": ""2024-04-26"", ""option_type"": ""CE"", ""premium_points"": 369.7, ""qty"": -1, ""quantity_per_lot"": 1, ""raw_open"": 370.7, ""side"": ""SELL"", ""strike"": 73900.0}, {""expiry"": ""2024-04-26"", ""option_type"": ""PE"", ""premium_points"": 422.0, ""qty"": -1, ""quantity_per_lot"": 1, ""raw_open"": 423.0, ""side"": ""SELL"", ""strike"": 73900.0}]",4.0,EVALUATED,73730.16,621.8600000000035,40.38689012,12396.81310988007,True,,
development,2024-04-26,2024-04-23,Short Strangle,medium,0.10039035365827896,0.6349206349206349,73878.93,73139.19059659822,73642.0999512479,74428.45474827477,74914.81668376466,"{""c65"": 74400.0, ""p35"": 73600.0}",470.0,-58.774758204714246,-60.45304280471426,0.5894,1911.5002273241046,2791.0945111655774,2791.0945111655774,2000.0,55821.89022331155,0.0,2.0,False,negative_net_ev,1.0,33.565692,33.565692,"[{""expiry"": ""2024-04-26"", ""option_type"": ""PE"", ""premium_points"": 300.2, ""qty"": -1, ""quantity_per_lot"": 1, ""raw_open"": 301.2, ""side"": ""SELL"", ""strike"": 73600.0}, {""expiry"": ""2024-04-26"", ""option_type"": ""CE"", ""premium_points"": 169.8, ""qty"": -1, ""quantity_per_lot"": 1, ""raw_open"": 170.8, ""side"": ""SELL"", ""strike"": 74400.0}]",3.0,EVALUATED,73730.16,470.0,33.565692,9366.434308,True,,
development,2024-04-26,2024-04-23,Strip,medium,0.10039035365827896,0.6349206349206349,73878.93,73139.19059659822,73642.0999512479,74428.45474827477,74914.81668376466,"{""atm"": 73900.0}",-1219.7,36.33948242460386,33.47944052557311,0.3858,1183.0324558496536,1214.939043488797,1214.939043488797,2000.0,24298.780869775943,1.0,3.0,True,eligible,1.0,57.2008379806151,25.79985092,"[{""expiry"": ""2024-04-26"", ""option_type"": ""CE"", ""premium_points"": 371.7, ""qty"": 1, ""quantity_per_lot"": 1, ""raw_open"": 370.7, ""side"": ""BUY"", ""strike"": 73900.0}, {""expiry"": ""2024-04-26"", ""option_type"": ""PE"", ""premium_points"": 424.0, ""qty"": 2, ""quantity_per_lot"": 2, ""raw_open"": 423.0, ""side"": ""BUY"", ""strike"": 73900.0}]",3.0,EVALUATED,73730.16,-880.020000000007,34.291850919999824,-17634.69185092014,True,,
development,2024-04-26,2024-04-23,Batman,medium,0.10039035365827896,0.6349206349206349,73878.93,73139.19059659822,73642.0999512479,74428.45474827477,74914.81668376466,"{""c65"": 74400.0, ""c80"": 74900.0, ""p20"": 73100.0, ""p35"": 73600.0}",-7.299999999999983,-0.16713295221289118,-3.7256327259687807,0.4872,1390.680442497861,2270.2747263393335,2270.2747263393335,2000.0,45405.49452678667,0.0,6.0,False,negative_net_ev,1.0,71.16999547511784,57.95062651999999,"[{""expiry"": ""2024-04-26"", ""option_type"": ""PE"", ""premium_points"": 302.2, ""qty"": 1, ""quantity_per_lot"": 1, ""raw_open"": 301.2, ""side"": ""BUY"", ""strike"": 73600.0}, {""expiry"": ""2024-04-26"", ""option_type"": ""PE"", ""premium_points"": 161.15, ""qty"": -2, ""quantity_per_lot"": 2, ""raw_open"": 162.15, ""side"": ""SELL"", ""strike"": 73100.0}, {""expiry"": ""2024-04-26"", ""option_type"": ""CE"", ""premium_points"": 171.8, ""qty"": 1, ""quantity_per_lot"": 1, ""raw_open"": 170.8, ""side"": ""BUY"", ""strike"": 74400.0}, {""expiry"": ""2024-04-26"", ""option_type"": ""CE"", ""premium_points"": 72.2, ""qty"": -2, ""quantity_per_lot"": 2, ""raw_open"": 73.2, ""side"": ""SELL"", ""strike"": 74900.0}]",0.0,STANDALONE_EVALUATED,73730.16,-7.299999999999983,57.95062651999999,-203.95062651999964,True,Batman_standalone,
development,2024-05-03,2024-04-29,Batman,high,0.10276368751042009,0.6785714285714286,74158.67,73420.3489916276,73925.54661188311,74719.09566599716,75159.18969642834,"{""c65"": 74700.0, ""c80"": 75200.0, ""p20"": 73400.0, ""p35"": 73900.0}",4.800000000000011,28.27182833324396,24.623970194480528,0.8154,1291.586085507573,2099.979221227039,2099.979221227039,2000.0,41999.58442454078,1.0,6.0,True,eligible,1.0,72.95716277526857,60.15820063999999,"[{""expiry"": ""2024-05-03"", ""option_type"": ""PE"", ""premium_points"": 281.95, ""qty"": 1, ""quantity_per_lot"": 1, ""raw_open"": 280.95, ""side"": ""BUY"", ""strike"": 73900.0}, {""expiry"": ""2024-05-03"", ""option_type"": ""PE"", ""premium_points"": 147.8, ""qty"": -2, ""quantity_per_lot"": 2, ""raw_open"": 148.8, ""side"": ""SELL"", ""strike"": 73400.0}, {""expiry"": ""2024-05-03"", ""option_type"": ""CE"", ""premium_points"": 276.85, ""qty"": 1, ""quantity_per_lot"": 1, ""raw_open"": 275.85, ""side"": ""BUY"", ""strike"": 74700.0}, {""expiry"": ""2024-05-03"", ""option_type"": ""CE"", ""premium_points"": 134.0, ""qty"": -2, ""quantity_per_lot"": 2, ""raw_open"": 135.0, ""side"": ""SELL"", ""strike"": 75200.0}]",2.0,EVALUATED,73878.15,26.650000000005832,60.70445064000013,472.2955493601165,True,,
development,2024-05-03,2024-04-29,Long Synthetic Future,high,0.10276368751042009,0.6785714285714286,74158.67,73420.3489916276,73925.54661188311,74719.09566599716,75159.18969642834,"{""atm"": 74200.0}",-117.10000000000002,-25.034607290082352,-27.269870647689885,0.5084,2477.485325646066,3444.3889894776103,3444.3889894776103,2000.0,68887.77978955221,0.0,2.0,False,negative_net_ev,1.0,44.70526715215066,32.827723240000005,"[{""expiry"": ""2024-05-03"", ""option_type"": ""CE"", ""premium_points"": 509.0, ""qty"": 1, ""quantity_per_lot"": 1, ""raw_open"": 508.0, ""side"": ""BUY"", ""strike"": 74200.0}, {""expiry"": ""2024-05-03"", ""option_type"": ""PE"", ""premium_points"": 391.9, ""qty"": -1, ""quantity_per_lot"": 1, ""raw_open"": 392.9, ""side"": ""SELL"", ""strike"": 74200.0}]",3.0,EVALUATED,73878.15,-438.95000000000584,32.827723240000005,-8811.827723240116,True,,
development,2024-05-03,2024-04-29,Risk Reversal,high,0.10276368751042009,0.6785714285714286,74158.67,73420.3489916276,73925.54661188311,74719.09566599716,75159.18969642834,"{""c65"": 74700.0, ""p35"": 73900.0}",3.099999999999966,-13.791884511192574,-15.60306486075476,0.6574,2056.861242638021,3023.7649064695647,3023.7649064695647,2000.0,60475.298129391296,0.0,2.0,False,negative_net_ev,1.0,36.22360699124438,30.035274479999998,"[{""expiry"": ""2024-05-03"", ""option_type"": ""CE"", ""premium_points"": 276.85, ""qty"": 1, ""quantity_per_lot"": 1, ""raw_open"": 275.85, ""side"": ""BUY"", ""strike"": 74700.0}, {""expiry"": ""2024-05-03"", ""option_type"": ""PE"", ""premium_points"": 279.95, ""qty"": -1, ""quantity_per_lot"": 1, ""raw_open"": 280.95, ""side"": ""SELL"", ""strike"": 73900.0}]",5.0,EVALUATED,73878.15,-18.750000000005855,30.035274479999998,-405.0352744801171,True,,
development,2024-05-03,2024-04-29,Sell Put,high,0.10276368751042009,0.6785714285714286,74158.67,73420.3489916276,73925.54661188311,74719.09566599716,75159.18969642834,"{""atm"": 74200.0}",391.9,8.863636223891474,7.858151681891482,0.6882,1967.255546830459,2934.1592106620024,2934.1592106620024,2000.0,58683.18421324005,1.0,1.0,True,eligible,1.0,20.10969084,20.10969084,"[{""expiry"": ""2024-05-03"", ""option_type"": ""PE"", ""premium_points"": 391.9, ""qty"": -1, ""quantity_per_lot"": 1, ""raw_open"": 392.9, ""side"": ""SELL"", ""strike"": 74200.0}]",5.0,EVALUATED,73878.15,70.04999999999416,20.10969084,1380.8903091598831,True,,
development,2024-05-03,2024-04-29,Batman,high,0.10276368751042009,0.6785714285714286,74158.67,73420.3489916276,73925.54661188311,74719.09566599716,75159.18969642834,"{""c65"": 74700.0, ""c80"": 75200.0, ""p20"": 73400.0, ""p35"": 73900.0}",4.800000000000011,28.27182833324396,24.623970194480528,0.8154,1291.586085507573,2099.979221227039,2099.979221227039,2000.0,41999.58442454078,1.0,6.0,True,eligible,1.0,72.95716277526857,60.15820063999999,"[{""expiry"": ""2024-05-03"", ""option_type"": ""PE"", ""premium_points"": 281.95, ""qty"": 1, ""quantity_per_lot"": 1, ""raw_open"": 280.95, ""side"": ""BUY"", ""strike"": 73900.0}, {""expiry"": ""2024-05-03"", ""option_type"": ""PE"", ""premium_points"": 147.8, ""qty"": -2, ""quantity_per_lot"": 2, ""raw_open"": 148.8, ""side"": ""SELL"", ""strike"": 73400.0}, {""expiry"": ""2024-05-03"", ""option_type"": ""CE"", ""premium_points"": 276.85, ""qty"": 1, ""quantity_per_lot"": 1, ""raw_open"": 275.85, ""side"": ""BUY"", ""strike"": 74700.0}, {""expiry"": ""2024-05-03"", ""option_type"": ""CE"", ""premium_points"": 134.0, ""qty"": -2, ""quantity_per_lot"": 2, ""raw_open"": 135.0, ""side"": ""SELL"", ""strike"": 75200.0}]",2.0,EVALUATED,73878.15,26.650000000005832,60.70445064000013,472.2955493601165,True,Batman_standalone,
development,2024-05-10,2024-05-07,Batman,high,0.11047089381182582,0.7777777777777778,74001.39,73294.39072436177,73779.72916616229,74535.37488069486,75021.71964576335,"{""c65"": 74500.0, ""c80"": 75000.0, ""p20"": 73300.0, ""p35"": 73800.0}",12.5,23.570240875741458,19.817252118328156,0.802,1401.886116158816,2200.7267050606133,2200.7267050606133,2000.0,44014.534101212266,1.0,6.0,True,eligible,1.0,75.05977514826627,61.384401,"[{""expiry"": ""2024-05-10"", ""option_type"": ""PE"", ""premium_points"": 341.0, ""qty"": 1, ""quantity_per_lot"": 1, ""raw_open"": 340.0, ""side"": ""BUY"", ""strike"": 73800.0}, {""expiry"": ""2024-05-10"", ""option_type"": ""PE"", ""premium_points"": 177.9, ""qty"": -2, ""quantity_per_lot"": 2, ""raw_open"": 178.9, ""side"": ""SELL"", ""strike"": 73300.0}, {""expiry"": ""2024-05-10"", ""option_type"": ""CE"", ""premium_points"": 264.0, ""qty"": 1, ""quantity_per_lot"": 1, ""raw_open"": 263.0, ""side"": ""BUY"", ""strike"": 74500.0}, {""expiry"": ""2024-05-10"", ""option_type"": ""CE"", ""premium_points"": 130.85, ""qty"": -2, ""quantity_per_lot"": 2, ""raw_open"": 131.85, ""side"": ""SELL"", ""strike"": 75000.0}]",2.0,EVALUATED,72664.47,-123.02999999999884,89.77265099999997,-2550.3726509999765,True,,
development,2024-05-10,2024-05-07,Long Synthetic Future,high,0.11047089381182582,0.7777777777777778,74001.39,73294.39072436177,73779.72916616229,74535.37488069486,75021.71964576335,"{""atm"": 74000.0}",-52.19999999999999,90.39981939473964,88.09566295704923,0.5458,2384.3237707923295,3348.371067710881,3348.371067710881,2000.0,66967.42135421763,1.0,2.0,True,eligible,1.0,46.083128753806506,33.55963528,"[{""expiry"": ""2024-05-10"", ""option_type"": ""CE"", ""premium_points"": 481.0, ""qty"": 1, ""quantity_per_lot"": 1, ""raw_open"": 480.0, ""side"": ""BUY"", ""strike"": 74000.0}, {""expiry"": ""2024-05-10"", ""option_type"": ""PE"", ""premium_points"": 428.8, ""qty"": -1, ""quantity_per_lot"": 1, ""raw_open"": 429.8, ""side"": ""SELL"", ""strike"": 74000.0}]",3.0,EVALUATED,72664.47,-1387.7299999999989,33.55963528,-27788.159635279975,True,,
development,2024-05-10,2024-05-07,Risk Reversal,high,0.11047089381182582,0.7777777777777778,74001.39,73294.39072436177,73779.72916616229,74535.37488069486,75021.71964576335,"{""c65"": 74500.0, ""p35"": 73800.0}",75.0,64.47089088062846,62.572378680121446,0.6678,2056.7181265551462,3020.765423473697,3020.765423473697,2000.0,60415.30846947394,1.0,2.0,True,eligible,1.0,37.970244010141,31.264170800000006,"[{""expiry"": ""2024-05-10"", ""option_type"": ""CE"", ""premium_points"": 264.0, ""qty"": 1, ""quantity_per_lot"": 1, ""raw_open"": 263.0, ""side"": ""BUY"", ""strike"": 74500.0}, {""expiry"": ""2024-05-10"", ""option_type"": ""PE"", ""premium_points"": 339.0, ""qty"": -1, ""quantity_per_lot"": 1, ""raw_open"": 340.0, ""side"": ""SELL"", ""strike"": 73800.0}]",5.0,EVALUATED,72664.47,-1060.5299999999988,31.264170800000006,-21241.864170799978,True,,
development,2024-05-10,2024-05-07,Sell Put,high,0.11047089381182582,0.7777777777777778,74001.39,73294.39072436177,73779.72916616229,74535.37488069486,75021.71964576335,"{""atm"": 74000.0}",428.8,70.4600804424794,69.41547525847942,0.7188,1902.0642195386392,2866.1115164571897,2866.1115164571897,2000.0,57322.23032914379,1.0,1.0,True,eligible,1.0,20.89210368,20.89210368,"[{""expiry"": ""2024-05-10"", ""option_type"": ""PE"", ""premium_points"": 428.8, ""qty"": -1, ""quantity_per_lot"": 1, ""raw_open"": 429.8, ""side"": ""SELL"", ""strike"": 74000.0}]",5.0,EVALUATED,72664.47,-906.7299999999989,20.89210368,-18155.492103679975,True,,
development,2024-05-10,2024-05-07,Batman,high,0.11047089381182582,0.7777777777777778,74001.39,73294.39072436177,73779.72916616229,74535.37488069486,75021.71964576335,"{""c65"": 74500.0, ""c80"": 75000.0, ""p20"": 73300.0, ""p35"": 73800.0}",12.5,23.570240875741458,19.817252118328156,0.802,1401.886116158816,2200.7267050606133,2200.7267050606133,2000.0,44014.534101212266,1.0,6.0,True,eligible,1.0,75.05977514826627,61.384401,"[{""expiry"": ""2024-05-10"", ""option_type"": ""PE"", ""premium_points"": 341.0, ""qty"": 1, ""quantity_per_lot"": 1, ""raw_open"": 340.0, ""side"": ""BUY"", ""strike"": 73800.0}, {""expiry"": ""2024-05-10"", ""option_type"": ""PE"", ""premium_points"": 177.9, ""qty"": -2, ""quantity_per_lot"": 2, ""raw_open"": 178.9, ""side"": ""SELL"", ""strike"": 73300.0}, {""expiry"": ""2024-05-10"", ""option_type"": ""CE"", ""premium_points"": 264.0, ""qty"": 1, ""quantity_per_lot"": 1, ""raw_open"": 263.0, ""side"": ""BUY"", ""strike"": 74500.0}, {""expiry"": ""2024-05-10"", ""option_type"": ""CE"", ""premium_points"": 130.85, ""qty"": -2, ""quantity_per_lot"": 2, ""raw_open"": 131.85, ""side"": ""SELL"", ""strike"": 75000.0}]",2.0,EVALUATED,72664.47,-123.02999999999884,89.77265099999997,-2550.3726509999765,True,Batman_standalone,
development,2024-05-17,2024-05-14,Batman,high,0.11736407163029824,0.8968253968253969,72836.6,72139.11821308103,72585.59569689054,73358.55245771153,73810.37402926991,"{""c65"": 73400.0, ""c80"": 73800.0, ""p20"": 72100.0, ""p35"": 72600.0}",83.60000000000002,71.79526298739812,68.04723974585946,0.815,1266.0178762029882,2071.3240397001314,2071.3240397001314,2000.0,41426.48079400263,1.0,6.0,True,eligible,1.0,74.96046483077313,62.63889776,"[{""expiry"": ""2024-05-17"", ""option_type"": ""PE"", ""premium_points"": 331.0, ""qty"": 1, ""quantity_per_lot"": 1, ""raw_open"": 330.0, ""side"": ""BUY"", ""strike"": 72600.0}, {""expiry"": ""2024-05-17"", ""option_type"": ""PE"", ""premium_points"": 192.4, ""qty"": -2, ""quantity_per_lot"": 2, ""raw_open"": 193.4, ""side"": ""SELL"", ""strike"": 72100.0}, {""expiry"": ""2024-05-17"", ""option_type"": ""CE"", ""premium_points"": 263.0, ""qty"": 1, ""quantity_per_lot"": 1, ""raw_open"": 262.0, ""side"": ""BUY"", ""strike"": 73400.0}, {""expiry"": ""2024-05-17"", ""option_type"": ""CE"", ""premium_points"": 146.4, ""qty"": -2, ""quantity_per_lot"": 2, ""raw_open"": 147.4, ""side"": ""SELL"", ""strike"": 73800.0}]",2.0,EVALUATED,73917.03,366.5700000000012,75.56464775999997,7255.835352240023,True,,
development,2024-05-17,2024-05-14,Long Synthetic Future,high,0.11736407163029824,0.8968253968253969,72836.6,72139.11821308103,72585.59569689054,73358.55245771153,73810.37402926991,"{""atm"": 72800.0}",-138.70000000000005,29.209998762813942,26.917127332746944,0.5166,2281.08075831085,3174.66113809918,3174.66113809918,2000.0,63493.2227619836,1.0,2.0,True,eligible,1.0,45.85742860134,33.214089720000004,"[{""expiry"": ""2024-05-17"", ""option_type"": ""CE"", ""premium_points"": 545.7, ""qty"": 1, ""quantity_per_lot"": 1, ""raw_open"": 544.7, ""side"": ""BUY"", ""strike"": 72800.0}, {""expiry"": ""2024-05-17"", ""option_type"": ""PE"", ""premium_points"": 407.0, ""qty"": -1, ""quantity_per_lot"": 1, ""raw_open"": 408.0, ""side"": ""SELL"", ""strike"": 72800.0}]",3.0,EVALUATED,73917.03,978.3299999999988,61.139839719999976,19505.460160279978,True,,
development,2024-05-17,2024-05-14,Risk Reversal,high,0.11736407163029824,0.8968253968253969,72836.6,72139.11821308103,72585.59569689054,73358.55245771153,73810.37402926991,"{""c65"": 73400.0, ""p35"": 72600.0}",66.0,39.94682691640174,38.1025544128097,0.6694,1875.9321593843754,2769.5125391727065,2769.5125391727065,2000.0,55390.25078345413,1.0,2.0,True,eligible,1.0,36.88545007184159,31.0503312,"[{""expiry"": ""2024-05-17"", ""option_type"": ""CE"", ""premium_points"": 263.0, ""qty"": 1, ""quantity_per_lot"": 1, ""raw_open"": 262.0, ""side"": ""BUY"", ""strike"": 73400.0}, {""expiry"": ""2024-05-17"", ""option_type"": ""PE"", ""premium_points"": 329.0, ""qty"": -1, ""quantity_per_lot"": 1, ""raw_open"": 330.0, ""side"": ""SELL"", ""strike"": 72600.0}]",5.0,EVALUATED,73917.03,583.0299999999988,43.97608119999997,11616.623918799976,True,,
development,2024-05-17,2024-05-14,Sell Put,high,0.11736407163029824,0.8968253968253969,72836.6,72139.11821308103,72585.59569689054,73358.55245771153,73810.37402926991,"{""atm"": 72800.0}",407.0,69.17644350921417,68.15495024921415,0.7226,1734.1093801407826,2627.6897599291137,2627.6897599291137,2000.0,52553.79519858227,1.0,1.0,True,eligible,1.0,20.429865200000002,20.429865200000002,"[{""expiry"": ""2024-05-17"", ""option_type"": ""PE"", ""premium_points"": 407.0, ""qty"": -1, ""quantity_per_lot"": 1, ""raw_open"": 408.0, ""side"": ""SELL"", ""strike"": 72800.0}]",5.0,EVALUATED,73917.03,407.0,20.429865200000002,8119.5701348,True,,
development,2024-05-17,2024-05-14,Batman,high,0.11736407163029824,0.8968253968253969,72836.6,72139.11821308103,72585.59569689054,73358.55245771153,73810.37402926991,"{""c65"": 73400.0, ""c80"": 73800.0, ""p20"": 72100.0, ""p35"": 72600.0}",83.60000000000002,71.79526298739812,68.04723974585946,0.815,1266.0178762029882,2071.3240397001314,2071.3240397001314,2000.0,41426.48079400263,1.0,6.0,True,eligible,1.0,74.96046483077313,62.63889776,"[{""expiry"": ""2024-05-17"", ""option_type"": ""PE"", ""premium_points"": 331.0, ""qty"": 1, ""quantity_per_lot"": 1, ""raw_open"": 330.0, ""side"": ""BUY"", ""strike"": 72600.0}, {""expiry"": ""2024-05-17"", ""option_type"": ""PE"", ""premium_points"": 192.4, ""qty"": -2, ""quantity_per_lot"": 2, ""raw_open"": 193.4, ""side"": ""SELL"", ""strike"": 72100.0}, {""expiry"": ""2024-05-17"", ""option_type"": ""CE"", ""premium_points"": 263.0, ""qty"": 1, ""quantity_per_lot"": 1, ""raw_open"": 262.0, ""side"": ""BUY"", ""strike"": 73400.0}, {""expiry"": ""2024-05-17"", ""option_type"": ""CE"", ""premium_points"": 146.4, ""qty"": -2, ""quantity_per_lot"": 2, ""raw_open"": 147.4, ""side"": ""SELL"", ""strike"": 73800.0}]",2.0,EVALUATED,73917.03,366.5700000000012,75.56464775999997,7255.835352240023,True,Batman_standalone,
development,2024-05-24,2024-05-21,Buy Put,medium,0.10359244412447306,0.623015873015873,73869.29,73159.84103690716,73652.89784049231,74420.9835883213,74907.55556822543,"{""atm"": 73900.0}",-480.25,-117.43223975958021,-118.51907090488072,0.27,481.3368311453006,481.3368311453006,481.3368311453006,2000.0,9626.736622906012,0.0,1.0,False,negative_net_ev,1.0,21.736622906010496,12.6661789,"[{""expiry"": ""2024-05-24"", ""option_type"": ""PE"", ""premium_points"": 480.25, ""qty"": 1, ""quantity_per_lot"": 1, ""raw_open"": 479.25, ""side"": ""BUY"", ""strike"": 73900.0}]",1.0,EVALUATED,75410.39,-480.25,12.6661789,-9617.6661789,True,,
development,2024-05-24,2024-05-21,Put Ratio Spread,medium,0.10359244412447306,0.623015873015873,73869.29,73159.84103690716,73652.89784049231,74420.9835883213,74907.55556822543,"{""atm"": 73900.0, ""p35"": 73700.0}",301.45000000000005,101.10832264695128,98.60274879565075,0.7882,1522.5099201395726,2509.9630697375073,2509.9630697375073,2000.0,50199.261394750145,1.0,3.0,True,eligible,1.0,50.1114770260105,41.04103302,"[{""expiry"": ""2024-05-24"", ""option_type"": ""PE"", ""premium_points"": 480.25, ""qty"": 1, ""quantity_per_lot"": 1, ""raw_open"": 479.25, ""side"": ""BUY"", ""strike"": 73900.0}, {""expiry"": ""2024-05-24"", ""option_type"": ""PE"", ""premium_points"": 390.85, ""qty"": -2, ""quantity_per_lot"": 2, ""raw_open"": 391.85, ""side"": ""SELL"", ""strike"": 73700.0}]",4.0,EVALUATED,75410.39,301.45000000000005,41.04103302,5987.958966980001,True,,
development,2024-05-24,2024-05-21,Short Straddle,medium,0.10359244412447306,0.623015873015873,73869.29,73159.84103690716,73652.89784049231,74420.9835883213,74907.55556822543,"{""atm"": 73900.0}",1006.0,150.69558947846414,148.4490483984641,0.6536,1677.4486848595152,2591.85811376605,2591.85811376605,2000.0,51837.162275320996,1.0,2.0,True,eligible,1.0,44.930821599999994,44.930821599999994,"[{""expiry"": ""2024-05-24"", ""option_type"": ""CE"", ""premium_points"": 527.75, ""qty"": -1, ""quantity_per_lot"": 1, ""raw_open"": 528.75, ""side"": ""SELL"", ""strike"": 73900.0}, {""expiry"": ""2024-05-24"", ""option_type"": ""PE"", ""premium_points"": 478.25, ""qty"": -1, ""quantity_per_lot"": 1, ""raw_open"": 479.25, ""side"": ""SELL"", ""strike"": 73900.0}]",4.0,EVALUATED,75410.39,-504.3899999999994,44.930821599999994,-10132.73082159999,True,,
development,2024-05-24,2024-05-21,Short Strangle,medium,0.10359244412447306,0.623015873015873,73869.29,73159.84103690716,73652.89784049231,74420.9835883213,74907.55556822543,"{""c65"": 74400.0, ""p35"": 73700.0}",704.8,160.6906970625819,158.76348219858187,0.682,1622.6039304175285,2561.1922980659397,2561.1922980659397,2000.0,51223.845961318795,1.0,2.0,True,eligible,1.0,38.544297279999995,38.544297279999995,"[{""expiry"": ""2024-05-24"", ""option_type"": ""PE"", ""premium_points"": 390.85, ""qty"": -1, ""quantity_per_lot"": 1, ""raw_open"": 391.85, ""side"": ""SELL"", ""strike"": 73700.0}, {""expiry"": ""2024-05-24"", ""option_type"": ""CE"", ""premium_points"": 313.95, ""qty"": -1, ""quantity_per_lot"": 1, ""raw_open"": 314.95, ""side"": ""SELL"", ""strike"": 74400.0}]",3.0,EVALUATED,75410.39,-305.58999999999946,38.544297279999995,-6150.344297279989,True,,
development,2024-05-24,2024-05-21,Strip,medium,0.10359244412447306,0.623015873015873,73869.29,73159.84103690716,73652.89784049231,74420.9835883213,74907.55556822543,"{""atm"": 73900.0}",-1490.25,-272.12782923804434,-274.96487269649674,0.2942,1444.9930393103386,1483.5314120205583,1483.5314120205583,2000.0,29670.628240411166,0.0,3.0,False,negative_net_ev,1.0,56.74086916904889,26.2878149,"[{""expiry"": ""2024-05-24"", ""option_type"": ""CE"", ""premium_points"": 529.75, ""qty"": 1, ""quantity_per_lot"": 1, ""raw_open"": 528.75, ""side"": ""BUY"", ""strike"": 73900.0}, {""expiry"": ""2024-05-24"", ""option_type"": ""PE"", ""premium_points"": 480.25, ""qty"": 2, ""quantity_per_lot"": 2, ""raw_open"": 479.25, ""side"": ""BUY"", ""strike"": 73900.0}]",3.0,EVALUATED,75410.39,20.139999999999418,64.04756489999998,338.75243509998836,True,,
development,2024-05-24,2024-05-21,Batman,medium,0.10359244412447306,0.623015873015873,73869.29,73159.84103690716,73652.89784049231,74420.9835883213,74907.55556822543,"{""c65"": 74400.0, ""c80"": 74900.0, ""p20"": 73200.0, ""p35"": 73700.0}",67.59999999999997,86.4219414072684,82.49476144259667,0.8214,1261.8038955182008,2200.392263166612,2200.392263166612,2000.0,44007.84526333224,0.0,6.0,False,no_risk_sized_lot,1.0,78.54359929343545,64.94086672,"[{""expiry"": ""2024-05-24"", ""option_type"": ""PE"", ""premium_points"": 392.85, ""qty"": 1, ""quantity_per_lot"": 1, ""raw_open"": 391.85, ""side"": ""BUY"", ""strike"": 73700.0}, {""expiry"": ""2024-05-24"", ""option_type"": ""PE"", ""premium_points"": 216.95, ""qty"": -2, ""quantity_per_lot"": 2, ""raw_open"": 217.95, ""side"": ""SELL"", ""strike"": 73200.0}, {""expiry"": ""2024-05-24"", ""option_type"": ""CE"", ""premium_points"": 315.95, ""qty"": 1, ""quantity_per_lot"": 1, ""raw_open"": 314.95, ""side"": ""BUY"", ""strike"": 74400.0}, {""expiry"": ""2024-05-24"", ""option_type"": ""CE"", ""premium_points"": 171.25, ""qty"": -2, ""quantity_per_lot"": 2, ""raw_open"": 172.25, ""side"": ""SELL"", ""strike"": 74900.0}]",0.0,STANDALONE_EVALUATED,75410.39,57.21000000000055,90.20061671999999,1053.999383280011,True,Batman_standalone,
development,2024-05-31,2024-05-28,Batman,high,0.108564849322581,0.6944444444444444,75532.92,74796.17097960567,75290.45902258843,76086.75889948699,76552.39211823586,"{""c65"": 76100.0, ""c80"": 76600.0, ""p20"": 74800.0, ""p35"": 75300.0}",50.30000000000001,67.93927345032127,64.16510023431476,0.8232,1255.6439572056556,2052.9481229640273,2052.9481229640273,2000.0,41058.96245928055,1.0,6.0,True,eligible,1.0,75.48346432013025,62.49649427999999,"[{""expiry"": ""2024-05-31"", ""option_type"": ""PE"", ""premium_points"": 342.6, ""qty"": 1, ""quantity_per_lot"": 1, ""raw_open"": 341.6, ""side"": ""BUY"", ""strike"": 75300.0}, {""expiry"": ""2024-05-31"", ""option_type"": ""PE"", ""premium_points"": 191.15, ""qty"": -2, ""quantity_per_lot"": 2, ""raw_open"": 192.15, ""side"": ""SELL"", ""strike"": 74800.0}, {""expiry"": ""2024-05-31"", ""option_type"": ""CE"", ""premium_points"": 275.9, ""qty"": 1, ""quantity_per_lot"": 1, ""raw_open"": 274.9, ""side"": ""BUY"", ""strike"": 76100.0}, {""expiry"": ""2024-05-31"", ""option_type"": ""CE"", ""premium_points"": 143.25, ""qty"": -2, ""quantity_per_lot"": 2, ""raw_open"": 144.25, ""side"": ""SELL"", ""strike"": 76600.0}]",2.0,EVALUATED,73961.31,-288.3900000000023,95.96374428000004,-5863.763744280047,True,,
development,2024-05-31,2024-05-28,Long Synthetic Future,high,0.108564849322581,0.6944444444444444,75532.92,74796.17097960567,75290.45902258843,76086.75889948699,76552.39211823586,"{""atm"": 75500.0}",-119.85000000000002,47.34712251644285,45.022479651734166,0.5284,2369.7636805965626,3284.9253560417374,3284.9253560417374,2000.0,65698.50712083475,1.0,2.0,True,eligible,1.0,46.492857294173604,33.475734380000006,"[{""expiry"": ""2024-05-31"", ""option_type"": ""CE"", ""premium_points"": 539.7, ""qty"": 1, ""quantity_per_lot"": 1, ""raw_open"": 538.7, ""side"": ""BUY"", ""strike"": 75500.0}, {""expiry"": ""2024-05-31"", ""option_type"": ""PE"", ""premium_points"": 419.85, ""qty"": -1, ""quantity_per_lot"": 1, ""raw_open"": 420.85, ""side"": ""SELL"", ""strike"": 75500.0}]",3.0,EVALUATED,73961.31,-1658.5400000000022,33.475734380000006,-33204.27573438005,True,,
development,2024-05-31,2024-05-28,Risk Reversal,high,0.108564849322581,0.6944444444444444,75532.92,74796.17097960567,75290.45902258843,76086.75889948699,76552.39211823586,"{""c65"": 76100.0, ""p35"": 75300.0}",64.70000000000005,33.087406904349265,31.21651255403083,0.6678,1984.759932082172,2899.921607527347,2899.921607527347,2000.0,57998.43215054694,1.0,2.0,True,eligible,1.0,37.4178870063695,31.319559399999996,"[{""expiry"": ""2024-05-31"", ""option_type"": ""CE"", ""premium_points"": 275.9, ""qty"": 1, ""quantity_per_lot"": 1, ""raw_open"": 274.9, ""side"": ""BUY"", ""strike"": 76100.0}, {""expiry"": ""2024-05-31"", ""option_type"": ""PE"", ""premium_points"": 340.6, ""qty"": -1, ""quantity_per_lot"": 1, ""raw_open"": 341.6, ""side"": ""SELL"", ""strike"": 75300.0}]",5.0,EVALUATED,73961.31,-1273.9900000000023,31.319559399999996,-25511.119559400046,True,,
development,2024-05-31,2024-05-28,Sell Put,high,0.108564849322581,0.6944444444444444,75532.92,74796.17097960567,75290.45902258843,76086.75889948699,76552.39211823586,"{""atm"": 75500.0}",419.85,66.362205949499,65.32708937649903,0.7154,1828.7741543048537,2743.9358297500276,2743.9358297500276,2000.0,54878.71659500055,1.0,1.0,True,eligible,1.0,20.70233146,20.70233146,"[{""expiry"": ""2024-05-31"", ""option_type"": ""PE"", ""premium_points"": 419.85, ""qty"": -1, ""quantity_per_lot"": 1, ""raw_open"": 420.85, ""side"": ""SELL"", ""strike"": 75500.0}]",5.0,EVALUATED,73961.31,-1118.8400000000024,20.70233146,-22397.502331460048,True,,
development,2024-05-31,2024-05-28,Batman,high,0.108564849322581,0.6944444444444444,75532.92,74796.17097960567,75290.45902258843,76086.75889948699,76552.39211823586,"{""c65"": 76100.0, ""c80"": 76600.0, ""p20"": 74800.0, ""p35"": 75300.0}",50.30000000000001,67.93927345032127,64.16510023431476,0.8232,1255.6439572056556,2052.9481229640273,2052.9481229640273,2000.0,41058.96245928055,1.0,6.0,True,eligible,1.0,75.48346432013025,62.49649427999999,"[{""expiry"": ""2024-05-31"", ""option_type"": ""PE"", ""premium_points"": 342.6, ""qty"": 1, ""quantity_per_lot"": 1, ""raw_open"": 341.6, ""side"": ""BUY"", ""strike"": 75300.0}, {""expiry"": ""2024-05-31"", ""option_type"": ""PE"", ""premium_points"": 191.15, ""qty"": -2, ""quantity_per_lot"": 2, ""raw_open"": 192.15, ""side"": ""SELL"", ""strike"": 74800.0}, {""expiry"": ""2024-05-31"", ""option_type"": ""CE"", ""premium_points"": 275.9, ""qty"": 1, ""quantity_per_lot"": 1, ""raw_open"": 274.9, ""side"": ""BUY"", ""strike"": 76100.0}, {""expiry"": ""2024-05-31"", ""option_type"": ""CE"", ""premium_points"": 143.25, ""qty"": -2, ""quantity_per_lot"": 2, ""raw_open"": 144.25, ""side"": ""SELL"", ""strike"": 76600.0}]",2.0,EVALUATED,73961.31,-288.3900000000023,95.96374428000004,-5863.763744280047,True,Batman_standalone,
development,2024-06-07,2024-06-04,Batman,high,0.15694227323253937,0.9880952380952381,73913.65,73169.13603074758,73646.41764823928,74414.28160002851,74869.21071707447,"{""c65"": 74400.0, ""c80"": 74900.0, ""p20"": 73200.0, ""p35"": 73600.0}",1987.25,1966.5213327839308,1958.5472575515337,0.9946,0.0,257.8624757231997,257.8624757231997,2000.0,5157.249514463993,1.0,6.0,True,eligible,1.0,159.48150464794097,146.9066203,"[{""expiry"": ""2024-06-07"", ""option_type"": ""PE"", ""premium_points"": 1201.0, ""qty"": 1, ""quantity_per_lot"": 1, ""raw_open"": 1200.0, ""side"": ""BUY"", ""strike"": 73600.0}, {""expiry"": ""2024-06-07"", ""option_type"": ""PE"", ""premium_points"": 1181.85, ""qty"": -2, ""quantity_per_lot"": 2, ""raw_open"": 1182.85, ""side"": ""SELL"", ""strike"": 73200.0}, {""expiry"": ""2024-06-07"", ""option_type"": ""CE"", ""premium_points"": 1301.25, ""qty"": 1, ""quantity_per_lot"": 1, ""raw_open"": 1300.25, ""side"": ""BUY"", ""strike"": 74400.0}, {""expiry"": ""2024-06-07"", ""option_type"": ""CE"", ""premium_points"": 1062.9, ""qty"": -2, ""quantity_per_lot"": 2, ""raw_open"": 1063.9, ""side"": ""SELL"", ""strike"": 74900.0}]",2.0,EVALUATED,76693.36,693.8899999999994,204.2406203,13673.55937969999,True,,
development,2024-06-07,2024-06-04,Long Synthetic Future,high,0.15694227323253937,0.9880952380952381,73913.65,73169.13603074758,73646.41764823928,74414.28160002851,74869.21071707447,"{""atm"": 73900.0}",-412.25,-294.27130404127075,-297.6216891720513,0.3912,2687.7476201273266,3620.7970897900577,3620.7970897900577,2000.0,72415.94179580116,0.0,2.0,False,negative_net_ev,1.0,67.00770261561091,54.95346334,"[{""expiry"": ""2024-06-07"", ""option_type"": ""CE"", ""premium_points"": 1742.7, ""qty"": 1, ""quantity_per_lot"": 1, ""raw_open"": 1741.7, ""side"": ""BUY"", ""strike"": 73900.0}, {""expiry"": ""2024-06-07"", ""option_type"": ""PE"", ""premium_points"": 1330.45, ""qty"": -1, ""quantity_per_lot"": 1, ""raw_open"": 1331.45, ""side"": ""SELL"", ""strike"": 73900.0}]",3.0,EVALUATED,76693.36,2381.1100000000006,124.78746334000002,47497.41253666001,True,,
development,2024-06-07,2024-06-04,Risk Reversal,high,0.15694227323253937,0.9880952380952381,73913.65,73169.13603074758,73646.41764823928,74414.28160002851,74869.21071707447,"{""c65"": 74400.0, ""p35"": 73600.0}",-102.25,-93.90100018368888,-96.7890929622726,0.3182,2077.28532777513,3010.334797437861,3010.334797437861,2000.0,60206.695948757224,0.0,2.0,False,negative_net_ev,1.0,57.76185557167438,51.3700509,"[{""expiry"": ""2024-06-07"", ""option_type"": ""CE"", ""premium_points"": 1301.25, ""qty"": 1, ""quantity_per_lot"": 1, ""raw_open"": 1300.25, ""side"": ""BUY"", ""strike"": 74400.0}, {""expiry"": ""2024-06-07"", ""option_type"": ""PE"", ""premium_points"": 1199.0, ""qty"": -1, ""quantity_per_lot"": 1, ""raw_open"": 1200.0, ""side"": ""SELL"", ""strike"": 73600.0}]",5.0,EVALUATED,76693.36,2191.1100000000006,108.70405090000003,43713.49594910001,True,,
development,2024-06-07,2024-06-04,Sell Put,high,0.15694227323253937,0.9880952380952381,73913.65,73169.13603074758,73646.41764823928,74414.28160002851,74869.21071707447,"{""atm"": 73900.0}",1330.45,966.2591249342928,964.2586084532928,0.9148,943.6977514775467,1876.7472211402771,1876.7472211402771,2000.0,37534.94442280554,1.0,1.0,True,eligible,1.0,40.01032962,40.01032962,"[{""expiry"": ""2024-06-07"", ""option_type"": ""PE"", ""premium_points"": 1330.45, ""qty"": -1, ""quantity_per_lot"": 1, ""raw_open"": 1331.45, ""side"": ""SELL"", ""strike"": 73900.0}]",5.0,EVALUATED,76693.36,1330.45,40.01032962,26568.98967038,True,,
development,2024-06-07,2024-06-04,Batman,high,0.15694227323253937,0.9880952380952381,73913.65,73169.13603074758,73646.41764823928,74414.28160002851,74869.21071707447,"{""c65"": 74400.0, ""c80"": 74900.0, ""p20"": 73200.0, ""p35"": 73600.0}",1987.25,1966.5213327839308,1958.5472575515337,0.9946,0.0,257.8624757231997,257.8624757231997,2000.0,5157.249514463993,1.0,6.0,True,eligible,1.0,159.48150464794097,146.9066203,"[{""expiry"": ""2024-06-07"", ""option_type"": ""PE"", ""premium_points"": 1201.0, ""qty"": 1, ""quantity_per_lot"": 1, ""raw_open"": 1200.0, ""side"": ""BUY"", ""strike"": 73600.0}, {""expiry"": ""2024-06-07"", ""option_type"": ""PE"", ""premium_points"": 1181.85, ""qty"": -2, ""quantity_per_lot"": 2, ""raw_open"": 1182.85, ""side"": ""SELL"", ""strike"": 73200.0}, {""expiry"": ""2024-06-07"", ""option_type"": ""CE"", ""premium_points"": 1301.25, ""qty"": 1, ""quantity_per_lot"": 1, ""raw_open"": 1300.25, ""side"": ""BUY"", ""strike"": 74400.0}, {""expiry"": ""2024-06-07"", ""option_type"": ""CE"", ""premium_points"": 1062.9, ""qty"": -2, ""quantity_per_lot"": 2, ""raw_open"": 1063.9, ""side"": ""SELL"", ""strike"": 74900.0}]",2.0,EVALUATED,76693.36,693.8899999999994,204.2406203,13673.55937969999,True,Batman_standalone,
development,2024-06-14,2024-06-11,Batman,high,0.2951793345379927,1.0,76555.38,75789.75347426819,76304.19094717657,77134.45854111668,77635.60852091876,"{""c65"": 77100.0, ""c80"": 77600.0, ""p20"": 75800.0, ""p35"": 76300.0}",165.29999999999995,138.7534275243945,134.53302193721672,0.826,1579.6514487712095,2850.0477641392795,2850.0477641392795,2000.0,57000.95528278559,1.0,6.0,True,eligible,1.0,84.40811174355524,69.83084044,"[{""expiry"": ""2024-06-14"", ""option_type"": ""PE"", ""premium_points"": 463.7, ""qty"": 1, ""quantity_per_lot"": 1, ""raw_open"": 462.7, ""side"": ""BUY"", ""strike"": 76300.0}, {""expiry"": ""2024-06-14"", ""option_type"": ""PE"", ""premium_points"": 277.9, ""qty"": -2, ""quantity_per_lot"": 2, ""raw_open"": 278.9, ""side"": ""SELL"", ""strike"": 75800.0}, {""expiry"": ""2024-06-14"", ""option_type"": ""CE"", ""premium_points"": 367.6, ""qty"": 1, ""quantity_per_lot"": 1, ""raw_open"": 366.6, ""side"": ""BUY"", ""strike"": 77100.0}, {""expiry"": ""2024-06-14"", ""option_type"": ""CE"", ""premium_points"": 220.4, ""qty"": -2, ""quantity_per_lot"": 2, ""raw_open"": 221.4, ""side"": ""SELL"", ""strike"": 77600.0}]",2.0,EVALUATED,76992.77,165.29999999999995,69.83084044,3236.169159559999,True,,
development,2024-06-14,2024-06-11,Long Synthetic Future,high,0.2951793345379927,1.0,76555.38,75789.75347426819,76304.19094717657,77134.45854111668,77635.60852091876,"{""atm"": 76600.0}",38.44999999999993,132.78838232623616,130.27708775327213,0.5632,2688.8818334230045,4156.598916727401,4156.598916727401,2000.0,83131.97833454802,1.0,2.0,True,eligible,1.0,50.22589145928119,37.41664714,"[{""expiry"": ""2024-06-14"", ""option_type"": ""CE"", ""premium_points"": 565.1, ""qty"": 1, ""quantity_per_lot"": 1, ""raw_open"": 564.1, ""side"": ""BUY"", ""strike"": 76600.0}, {""expiry"": ""2024-06-14"", ""option_type"": ""PE"", ""premium_points"": 603.55, ""qty"": -1, ""quantity_per_lot"": 1, ""raw_open"": 604.55, ""side"": ""SELL"", ""strike"": 76600.0}]",3.0,EVALUATED,76992.77,431.220000000004,47.235897140000105,8577.164102860079,True,,
development,2024-06-14,2024-06-11,Risk Reversal,high,0.2951793345379927,1.0,76555.38,75789.75347426819,76304.19094717657,77134.45854111668,77635.60852091876,"{""c65"": 77100.0, ""p35"": 76300.0}",94.09999999999997,80.45035604502144,78.39182001590441,0.681,2332.7790748791576,3800.496158183554,3800.496158183554,2000.0,76009.92316367108,1.0,2.0,True,eligible,1.0,41.17072058234039,34.05270548,"[{""expiry"": ""2024-06-14"", ""option_type"": ""CE"", ""premium_points"": 367.6, ""qty"": 1, ""quantity_per_lot"": 1, ""raw_open"": 366.6, ""side"": ""BUY"", ""strike"": 77100.0}, {""expiry"": ""2024-06-14"", ""option_type"": ""PE"", ""premium_points"": 461.7, ""qty"": -1, ""quantity_per_lot"": 1, ""raw_open"": 462.7, ""side"": ""SELL"", ""strike"": 76300.0}]",5.0,EVALUATED,76992.77,94.09999999999997,34.05270548,1847.9472945199993,True,,
development,2024-06-14,2024-06-11,Sell Put,high,0.2951793345379927,1.0,76555.38,75789.75347426819,76304.19094717657,77134.45854111668,77635.60852091876,"{""atm"": 76600.0}",603.55,185.5186095549887,184.2887379159887,0.7444,2122.5004104890404,3590.2174937934365,3590.2174937934365,2000.0,71804.34987586873,1.0,1.0,True,eligible,1.0,24.597432780000002,24.597432780000002,"[{""expiry"": ""2024-06-14"", ""option_type"": ""PE"", ""premium_points"": 603.55, ""qty"": -1, ""quantity_per_lot"": 1, ""raw_open"": 604.55, ""side"": ""SELL"", ""strike"": 76600.0}]",5.0,EVALUATED,76992.77,603.55,24.597432780000002,12046.40256722,True,,
development,2024-06-14,2024-06-11,Batman,high,0.2951793345379927,1.0,76555.38,75789.75347426819,76304.19094717657,77134.45854111668,77635.60852091876,"{""c65"": 77100.0, ""c80"": 77600.0, ""p20"": 75800.0, ""p35"": 76300.0}",165.29999999999995,138.7534275243945,134.53302193721672,0.826,1579.6514487712095,2850.0477641392795,2850.0477641392795,2000.0,57000.95528278559,1.0,6.0,True,eligible,1.0,84.40811174355524,69.83084044,"[{""expiry"": ""2024-06-14"", ""option_type"": ""PE"", ""premium_points"": 463.7, ""qty"": 1, ""quantity_per_lot"": 1, ""raw_open"": 462.7, ""side"": ""BUY"", ""strike"": 76300.0}, {""expiry"": ""2024-06-14"", ""option_type"": ""PE"", ""premium_points"": 277.9, ""qty"": -2, ""quantity_per_lot"": 2, ""raw_open"": 278.9, ""side"": ""SELL"", ""strike"": 75800.0}, {""expiry"": ""2024-06-14"", ""option_type"": ""CE"", ""premium_points"": 367.6, ""qty"": 1, ""quantity_per_lot"": 1, ""raw_open"": 366.6, ""side"": ""BUY"", ""strike"": 77100.0}, {""expiry"": ""2024-06-14"", ""option_type"": ""CE"", ""premium_points"": 220.4, ""qty"": -2, ""quantity_per_lot"": 2, ""raw_open"": 221.4, ""side"": ""SELL"", ""strike"": 77600.0}]",2.0,EVALUATED,76992.77,165.29999999999995,69.83084044,3236.169159559999,True,Batman_standalone,
development,2024-06-21,2024-06-18,Batman,high,0.29377548503318485,0.9801587301587301,77134.89,76368.0148770384,76873.27062353637,77681.05737177728,78180.33717069142,"{""c65"": 77700.0, ""c80"": 78200.0, ""p20"": 76400.0, ""p35"": 76900.0}",-13.149999999999977,-30.401231258789746,-34.015792805671346,0.4846,1679.8166503859652,2850.062951889558,2850.062951889558,2000.0,57001.25903779116,0.0,6.0,False,negative_net_ev,1.0,72.29123093763228,58.26717334,"[{""expiry"": ""2024-06-21"", ""option_type"": ""PE"", ""premium_points"": 304.45, ""qty"": 1, ""quantity_per_lot"": 1, ""raw_open"": 303.45, ""side"": ""BUY"", ""strike"": 76900.0}, {""expiry"": ""2024-06-21"", ""option_type"": ""PE"", ""premium_points"": 154.6, ""qty"": -2, ""quantity_per_lot"": 2, ""raw_open"": 155.6, ""side"": ""SELL"", ""strike"": 76400.0}, {""expiry"": ""2024-06-21"", ""option_type"": ""CE"", ""premium_points"": 188.7, ""qty"": 1, ""quantity_per_lot"": 1, ""raw_open"": 187.7, ""side"": ""BUY"", ""strike"": 77700.0}, {""expiry"": ""2024-06-21"", ""option_type"": ""CE"", ""premium_points"": 85.4, ""qty"": -2, ""quantity_per_lot"": 2, ""raw_open"": 86.4, ""side"": ""SELL"", ""strike"": 78200.0}]",2.0,EVALUATED,77209.9,-13.149999999999977,58.26717334,-321.26717333999954,True,,
development,2024-06-21,2024-06-18,Long Synthetic Future,high,0.29377548503318485,0.9801587301587301,77134.89,76368.0148770384,76873.27062353637,77681.05737177728,78180.33717069142,"{""atm"": 77100.0}",-35.05000000000001,118.25863203575234,115.9559889107978,0.5508,2605.4922969364175,4011.0888661165377,4011.0888661165377,2000.0,80221.77732233076,1.0,2.0,True,eligible,1.0,46.052862499090715,32.73955658,"[{""expiry"": ""2024-06-21"", ""option_type"": ""CE"", ""premium_points"": 429.55, ""qty"": 1, ""quantity_per_lot"": 1, ""raw_open"": 428.55, ""side"": ""BUY"", ""strike"": 77100.0}, {""expiry"": ""2024-06-21"", ""option_type"": ""PE"", ""premium_points"": 394.5, ""qty"": -1, ""quantity_per_lot"": 1, ""raw_open"": 395.5, ""side"": ""SELL"", ""strike"": 77100.0}]",3.0,EVALUATED,77209.9,74.84999999999417,35.48705657999985,1461.5129434198834,True,,
development,2024-06-21,2024-06-18,Risk Reversal,high,0.29377548503318485,0.9801587301587301,77134.89,76368.0148770384,76873.27062353637,77681.05737177728,78180.33717069142,"{""c65"": 77700.0, ""p35"": 76900.0}",113.75,76.533466959729,74.68845744593838,0.6802,2256.2346633252528,3661.831232505373,3661.831232505373,2000.0,73236.62465010746,1.0,2.0,True,eligible,1.0,36.900190275812754,30.35336814,"[{""expiry"": ""2024-06-21"", ""option_type"": ""CE"", ""premium_points"": 188.7, ""qty"": 1, ""quantity_per_lot"": 1, ""raw_open"": 187.7, ""side"": ""BUY"", ""strike"": 77700.0}, {""expiry"": ""2024-06-21"", ""option_type"": ""PE"", ""premium_points"": 302.45, ""qty"": -1, ""quantity_per_lot"": 1, ""raw_open"": 303.45, ""side"": ""SELL"", ""strike"": 76900.0}]",5.0,EVALUATED,77209.9,113.75,30.35336814,2244.64663186,True,,
development,2024-06-21,2024-06-18,Sell Put,high,0.29377548503318485,0.9801587301587301,77134.89,76368.0148770384,76873.27062353637,77681.05737177728,78180.33717069142,"{""atm"": 77100.0}",394.5,15.276395272123787,14.26815426212381,0.7044,2174.647894821462,3580.2444640015833,3580.2444640015833,2000.0,71604.88928003167,1.0,1.0,True,eligible,1.0,20.1648202,20.1648202,"[{""expiry"": ""2024-06-21"", ""option_type"": ""PE"", ""premium_points"": 394.5, ""qty"": -1, ""quantity_per_lot"": 1, ""raw_open"": 395.5, ""side"": ""SELL"", ""strike"": 77100.0}]",5.0,EVALUATED,77209.9,394.5,20.1648202,7869.8351798,True,,
development,2024-06-21,2024-06-18,Batman,high,0.29377548503318485,0.9801587301587301,77134.89,76368.0148770384,76873.27062353637,77681.05737177728,78180.33717069142,"{""c65"": 77700.0, ""c80"": 78200.0, ""p20"": 76400.0, ""p35"": 76900.0}",-13.149999999999977,-30.401231258789746,-34.015792805671346,0.4846,1679.8166503859652,2850.062951889558,2850.062951889558,2000.0,57001.25903779116,0.0,6.0,False,negative_net_ev,1.0,72.29123093763228,58.26717334,"[{""expiry"": ""2024-06-21"", ""option_type"": ""PE"", ""premium_points"": 304.45, ""qty"": 1, ""quantity_per_lot"": 1, ""raw_open"": 303.45, ""side"": ""BUY"", ""strike"": 76900.0}, {""expiry"": ""2024-06-21"", ""option_type"": ""PE"", ""premium_points"": 154.6, ""qty"": -2, ""quantity_per_lot"": 2, ""raw_open"": 155.6, ""side"": ""SELL"", ""strike"": 76400.0}, {""expiry"": ""2024-06-21"", ""option_type"": ""CE"", ""premium_points"": 188.7, ""qty"": 1, ""quantity_per_lot"": 1, ""raw_open"": 187.7, ""side"": ""BUY"", ""strike"": 77700.0}, {""expiry"": ""2024-06-21"", ""option_type"": ""CE"", ""premium_points"": 85.4, ""qty"": -2, ""quantity_per_lot"": 2, ""raw_open"": 86.4, ""side"": ""SELL"", ""strike"": 78200.0}]",2.0,EVALUATED,77209.9,-13.149999999999977,58.26717334,-321.26717333999954,True,Batman_standalone,
development,2024-06-28,2024-06-25,Batman,high,0.28956205814879804,0.9563492063492064,77505.0,76697.77169365057,77237.7474203603,78088.78920823903,78594.54846597304,"{""c65"": 78100.0, ""c80"": 78600.0, ""p20"": 76700.0, ""p35"": 77200.0}",9.449999999999989,-13.382901076181655,-17.030230860084433,0.7928,1656.7893919006074,3010.622509701886,3010.622509701886,2000.0,60212.45019403772,0.0,6.0,False,negative_net_ev,1.0,72.94659567805573,58.98334886000001,"[{""expiry"": ""2024-06-28"", ""option_type"": ""PE"", ""premium_points"": 321.8, ""qty"": 1, ""quantity_per_lot"": 1, ""raw_open"": 320.8, ""side"": ""BUY"", ""strike"": 77200.0}, {""expiry"": ""2024-06-28"", ""option_type"": ""PE"", ""premium_points"": 178.65, ""qty"": -2, ""quantity_per_lot"": 2, ""raw_open"": 179.65, ""side"": ""SELL"", ""strike"": 76700.0}, {""expiry"": ""2024-06-28"", ""option_type"": ""CE"", ""premium_points"": 181.65, ""qty"": 1, ""quantity_per_lot"": 1, ""raw_open"": 180.65, ""side"": ""BUY"", ""strike"": 78100.0}, {""expiry"": ""2024-06-28"", ""option_type"": ""CE"", ""premium_points"": 77.8, ""qty"": -2, ""quantity_per_lot"": 2, ""raw_open"": 78.8, ""side"": ""SELL"", ""strike"": 78600.0}]",2.0,EVALUATED,79032.73,76.72000000000406,82.3015988599999,1452.0984011400815,True,,
development,2024-06-28,2024-06-25,Long Synthetic Future,high,0.28956205814879804,0.9563492063492064,77505.0,76697.77169365057,77237.7474203603,78088.78920823903,78594.54846597304,"{""atm"": 77500.0}",27.350000000000023,169.6690734284017,167.30187393548596,0.5754,2588.475859115134,4154.810244196436,4154.810244196436,2000.0,83096.20488392872,1.0,2.0,True,eligible,1.0,47.343989858314465,33.745161859999996,"[{""expiry"": ""2024-06-28"", ""option_type"": ""CE"", ""premium_points"": 415.75, ""qty"": 1, ""quantity_per_lot"": 1, ""raw_open"": 414.75, ""side"": ""BUY"", ""strike"": 77500.0}, {""expiry"": ""2024-06-28"", ""option_type"": ""PE"", ""premium_points"": 443.1, ""qty"": -1, ""quantity_per_lot"": 1, ""raw_open"": 444.1, ""side"": ""SELL"", ""strike"": 77500.0}]",3.0,EVALUATED,79032.73,1560.0799999999958,72.06341185999989,31129.53658813992,True,,
development,2024-06-28,2024-06-25,Risk Reversal,high,0.28956205814879804,0.9563492063492064,77505.0,76697.77169365057,77237.7474203603,78088.78920823903,78594.54846597304,"{""c65"": 78100.0, ""p35"": 77200.0}",138.15,124.05041096384711,122.1747152755433,0.7002,2177.184355310522,3743.5187403918244,3743.5187403918244,2000.0,74870.37480783649,1.0,2.0,True,eligible,1.0,37.51391376607595,30.708535219999998,"[{""expiry"": ""2024-06-28"", ""option_type"": ""CE"", ""premium_points"": 181.65, ""qty"": 1, ""quantity_per_lot"": 1, ""raw_open"": 180.65, ""side"": ""BUY"", ""strike"": 78100.0}, {""expiry"": ""2024-06-28"", ""option_type"": ""PE"", ""premium_points"": 319.8, ""qty"": -1, ""quantity_per_lot"": 1, ""raw_open"": 320.8, ""side"": ""SELL"", ""strike"": 77200.0}]",5.0,EVALUATED,79032.73,1070.879999999996,54.026785219999894,21363.573214779917,True,,
development,2024-06-28,2024-06-25,Sell Put,high,0.28956205814879804,0.9563492063492064,77505.0,76697.77169365057,77237.7474203603,78088.78920823903,78594.54846597304,"{""atm"": 77500.0}",443.1,41.465953495822966,40.40618773782299,0.7026,2171.4184253802187,3737.752810461521,3737.752810461521,2000.0,74755.05620923042,1.0,1.0,True,eligible,1.0,21.19531516,21.19531516,"[{""expiry"": ""2024-06-28"", ""option_type"": ""PE"", ""premium_points"": 443.1, ""qty"": -1, ""quantity_per_lot"": 1, ""raw_open"": 444.1, ""side"": ""SELL"", ""strike"": 77500.0}]",5.0,EVALUATED,79032.73,443.1,21.19531516,8840.80468484,True,,
development,2024-06-28,2024-06-25,Batman,high,0.28956205814879804,0.9563492063492064,77505.0,76697.77169365057,77237.7474203603,78088.78920823903,78594.54846597304,"{""c65"": 78100.0, ""c80"": 78600.0, ""p20"": 76700.0, ""p35"": 77200.0}",9.449999999999989,-13.382901076181655,-17.030230860084433,0.7928,1656.7893919006074,3010.622509701886,3010.622509701886,2000.0,60212.45019403772,0.0,6.0,False,negative_net_ev,1.0,72.94659567805573,58.98334886000001,"[{""expiry"": ""2024-06-28"", ""option_type"": ""PE"", ""premium_points"": 321.8, ""qty"": 1, ""quantity_per_lot"": 1, ""raw_open"": 320.8, ""side"": ""BUY"", ""strike"": 77200.0}, {""expiry"": ""2024-06-28"", ""option_type"": ""PE"", ""premium_points"": 178.65, ""qty"": -2, ""quantity_per_lot"": 2, ""raw_open"": 179.65, ""side"": ""SELL"", ""strike"": 76700.0}, {""expiry"": ""2024-06-28"", ""option_type"": ""CE"", ""premium_points"": 181.65, ""qty"": 1, ""quantity_per_lot"": 1, ""raw_open"": 180.65, ""side"": ""BUY"", ""strike"": 78100.0}, {""expiry"": ""2024-06-28"", ""option_type"": ""CE"", ""premium_points"": 77.8, ""qty"": -2, ""quantity_per_lot"": 2, ""raw_open"": 78.8, ""side"": ""SELL"", ""strike"": 78600.0}]",2.0,EVALUATED,79032.73,76.72000000000406,82.3015988599999,1452.0984011400815,True,Batman_standalone,
development,2024-07-05,2024-07-02,Batman,high,0.2861531852127274,0.9325396825396826,79503.66,78708.14604008052,79226.70455602427,80089.42304650547,80593.81805408695,"{""c65"": 80100.0, ""c80"": 80600.0, ""p20"": 78700.0, ""p35"": 79200.0}",39.0,13.061286091219966,9.285675236611437,0.802,1697.4796213704162,2966.1942863258246,2966.1942863258246,2000.0,59323.88572651649,1.0,6.0,True,eligible,1.0,75.51221709217042,61.39872504,"[{""expiry"": ""2024-07-05"", ""option_type"": ""PE"", ""premium_points"": 351.0, ""qty"": 1, ""quantity_per_lot"": 1, ""raw_open"": 350.0, ""side"": ""BUY"", ""strike"": 79200.0}, {""expiry"": ""2024-07-05"", ""option_type"": ""PE"", ""premium_points"": 196.5, ""qty"": -2, ""quantity_per_lot"": 2, ""raw_open"": 197.5, ""side"": ""SELL"", ""strike"": 78700.0}, {""expiry"": ""2024-07-05"", ""option_type"": ""CE"", ""premium_points"": 230.2, ""qty"": 1, ""quantity_per_lot"": 1, ""raw_open"": 229.2, ""side"": ""BUY"", ""strike"": 80100.0}, {""expiry"": ""2024-07-05"", ""option_type"": ""CE"", ""premium_points"": 113.6, ""qty"": -2, ""quantity_per_lot"": 2, ""raw_open"": 114.6, ""side"": ""SELL"", ""strike"": 80600.0}]",2.0,EVALUATED,79996.6,39.0,61.39872504,718.60127496,True,,
development,2024-07-05,2024-07-02,Long Synthetic Future,high,0.2861531852127274,0.9325396825396826,79503.66,78708.14604008052,79226.70455602427,80089.42304650547,80593.81805408695,"{""atm"": 79500.0}",3.8000000000000114,141.93744403699725,139.52499897885093,0.555,2666.0197319707295,4180.872165449539,4180.872165449539,2000.0,83617.44330899078,1.0,2.0,True,eligible,1.0,48.248901162925506,34.590587920000004,"[{""expiry"": ""2024-07-05"", ""option_type"": ""CE"", ""premium_points"": 474.2, ""qty"": 1, ""quantity_per_lot"": 1, ""raw_open"": 473.2, ""side"": ""BUY"", ""strike"": 79500.0}, {""expiry"": ""2024-07-05"", ""option_type"": ""PE"", ""premium_points"": 478.0, ""qty"": -1, ""quantity_per_lot"": 1, ""raw_open"": 479.0, ""side"": ""SELL"", ""strike"": 79500.0}]",3.0,EVALUATED,79996.6,500.40000000000583,47.00558792000015,9960.994412080116,True,,
development,2024-07-05,2024-07-02,Risk Reversal,high,0.2861531852127274,0.9325396825396826,79503.66,78708.14604008052,79226.70455602427,80089.42304650547,80593.81805408695,"{""c65"": 80100.0, ""p35"": 79200.0}",118.80000000000001,101.06313522222375,99.15062120540559,0.6942,2250.519800929402,3765.372234408211,3765.372234408211,2000.0,75307.44468816422,1.0,2.0,True,eligible,1.0,38.25028033636301,31.41524512,"[{""expiry"": ""2024-07-05"", ""option_type"": ""CE"", ""premium_points"": 230.2, ""qty"": 1, ""quantity_per_lot"": 1, ""raw_open"": 229.2, ""side"": ""BUY"", ""strike"": 80100.0}, {""expiry"": ""2024-07-05"", ""option_type"": ""PE"", ""premium_points"": 349.0, ""qty"": -1, ""quantity_per_lot"": 1, ""raw_open"": 350.0, ""side"": ""SELL"", ""strike"": 79200.0}]",5.0,EVALUATED,79996.6,118.80000000000001,31.41524512,2344.58475488,True,,
development,2024-07-05,2024-07-02,Sell Put,high,0.2861531852127274,0.9325396825396826,79503.66,78708.14604008052,79226.70455602427,80089.42304650547,80593.81805408695,"{""atm"": 79500.0}",478.0,69.80491431997704,68.70814827997707,0.7112,2190.504052952584,3705.356486431393,3705.356486431393,2000.0,74107.12972862786,1.0,1.0,True,eligible,1.0,21.9353208,21.9353208,"[{""expiry"": ""2024-07-05"", ""option_type"": ""PE"", ""premium_points"": 478.0, ""qty"": -1, ""quantity_per_lot"": 1, ""raw_open"": 479.0, ""side"": ""SELL"", ""strike"": 79500.0}]",5.0,EVALUATED,79996.6,478.0,21.9353208,9538.0646792,True,,
development,2024-07-05,2024-07-02,Batman,high,0.2861531852127274,0.9325396825396826,79503.66,78708.14604008052,79226.70455602427,80089.42304650547,80593.81805408695,"{""c65"": 80100.0, ""c80"": 80600.0, ""p20"": 78700.0, ""p35"": 79200.0}",39.0,13.061286091219966,9.285675236611437,0.802,1697.4796213704162,2966.1942863258246,2966.1942863258246,2000.0,59323.88572651649,1.0,6.0,True,eligible,1.0,75.51221709217042,61.39872504,"[{""expiry"": ""2024-07-05"", ""option_type"": ""PE"", ""premium_points"": 351.0, ""qty"": 1, ""quantity_per_lot"": 1, ""raw_open"": 350.0, ""side"": ""BUY"", ""strike"": 79200.0}, {""expiry"": ""2024-07-05"", ""option_type"": ""PE"", ""premium_points"": 196.5, ""qty"": -2, ""quantity_per_lot"": 2, ""raw_open"": 197.5, ""side"": ""SELL"", ""strike"": 78700.0}, {""expiry"": ""2024-07-05"", ""option_type"": ""CE"", ""premium_points"": 230.2, ""qty"": 1, ""quantity_per_lot"": 1, ""raw_open"": 229.2, ""side"": ""BUY"", ""strike"": 80100.0}, {""expiry"": ""2024-07-05"", ""option_type"": ""CE"", ""premium_points"": 113.6, ""qty"": -2, ""quantity_per_lot"": 2, ""raw_open"": 114.6, ""side"": ""SELL"", ""strike"": 80600.0}]",2.0,EVALUATED,79996.6,39.0,61.39872504,718.60127496,True,Batman_standalone,
development,2024-07-12,2024-07-09,Buy Call,low,0.05834348378947759,0.003968253968253968,80119.61,79320.5532415342,79857.11232102956,80709.16818765957,81211.51830166153,"{""atm"": 80100.0}",-392.4,162.60418089609882,161.2850390379787,0.4206,393.71914185812017,393.71914185812017,393.71914185812017,2000.0,7874.382837162403,1.0,1.0,True,eligible,1.0,26.382837162402467,12.50773264,"[{""expiry"": ""2024-07-12"", ""option_type"": ""CE"", ""premium_points"": 392.4, ""qty"": 1, ""quantity_per_lot"": 1, ""raw_open"": 391.4, ""side"": ""BUY"", ""strike"": 80100.0}]",2.0,EVALUATED,80519.34,26.93999999999653,22.991232639999915,515.8087673599307,True,,
development,2024-07-12,2024-07-09,Long Synthetic Future,low,0.05834348378947759,0.003968253968253968,80119.61,79320.5532415342,79857.11232102956,80709.16818765957,81211.51830166153,"{""atm"": 80100.0}",-6.599999999999966,147.88879197415483,145.57063267203472,0.559,2676.438216492385,4286.702522251043,4286.702522251043,2000.0,85734.05044502085,1.0,2.0,True,eligible,1.0,46.36318604240247,32.48808152,"[{""expiry"": ""2024-07-12"", ""option_type"": ""CE"", ""premium_points"": 392.4, ""qty"": 1, ""quantity_per_lot"": 1, ""raw_open"": 391.4, ""side"": ""BUY"", ""strike"": 80100.0}, {""expiry"": ""2024-07-12"", ""option_type"": ""PE"", ""premium_points"": 385.8, ""qty"": -1, ""quantity_per_lot"": 1, ""raw_open"": 386.8, ""side"": ""SELL"", ""strike"": 80100.0}]",4.0,EVALUATED,80519.34,412.73999999999654,42.971581519999916,8211.82841847993,True,,
development,2024-07-12,2024-07-09,Risk Reversal,low,0.05834348378947759,0.003968253968253968,80119.61,79320.5532415342,79857.11232102956,80709.16818765957,81211.51830166153,"{""c65"": 80700.0, ""p35"": 79900.0}",137.25,100.07116523865906,98.20374823630516,0.6774,2332.1374741926193,3942.4017799512762,3942.4017799512762,2000.0,78848.03559902552,1.0,2.0,True,eligible,1.0,37.34834004707799,30.271871299999997,"[{""expiry"": ""2024-07-12"", ""option_type"": ""CE"", ""premium_points"": 163.5, ""qty"": 1, ""quantity_per_lot"": 1, ""raw_open"": 162.5, ""side"": ""BUY"", ""strike"": 80700.0}, {""expiry"": ""2024-07-12"", ""option_type"": ""PE"", ""premium_points"": 300.75, ""qty"": -1, ""quantity_per_lot"": 1, ""raw_open"": 301.75, ""side"": ""SELL"", ""strike"": 79900.0}]",9.0,EVALUATED,80519.34,137.25,30.271871299999997,2714.7281287,True,,
development,2024-07-12,2024-07-09,Batman,low,0.05834348378947759,0.003968253968253968,80119.61,79320.5532415342,79857.11232102956,80709.16818765957,81211.51830166153,"{""c65"": 80700.0, ""c80"": 81200.0, ""p20"": 79300.0, ""p35"": 79900.0}",-63.849999999999994,-63.37078015379624,-66.95356342895573,0.4592,1827.2137536277894,3224.152017139527,3224.152017139527,2000.0,64483.04034279054,0.0,6.0,False,negative_net_ev,1.0,71.65566550318951,56.57325714,"[{""expiry"": ""2024-07-12"", ""option_type"": ""PE"", ""premium_points"": 302.75, ""qty"": 1, ""quantity_per_lot"": 1, ""raw_open"": 301.75, ""side"": ""BUY"", ""strike"": 79900.0}, {""expiry"": ""2024-07-12"", ""option_type"": ""PE"", ""premium_points"": 129.9, ""qty"": -2, ""quantity_per_lot"": 2, ""raw_open"": 130.9, ""side"": ""SELL"", ""strike"": 79300.0}, {""expiry"": ""2024-07-12"", ""option_type"": ""CE"", ""premium_points"": 163.5, ""qty"": 1, ""quantity_per_lot"": 1, ""raw_open"": 162.5, ""side"": ""BUY"", ""strike"": 80700.0}, {""expiry"": ""2024-07-12"", ""option_type"": ""CE"", ""premium_points"": 71.3, ""qty"": -2, ""quantity_per_lot"": 2, ""raw_open"": 72.3, ""side"": ""SELL"", ""strike"": 81200.0}]",0.0,STANDALONE_EVALUATED,80519.34,-63.849999999999994,56.57325714,-1333.57325714,True,Batman_standalone,
development,2024-07-19,2024-07-15,Buy Call,low,0.06583448316048186,0.06349206349206349,80721.75,79936.14480747447,80473.78678923805,81309.32183842806,81826.87562869606,"{""atm"": 80700.0}",-488.3,78.75836825760203,77.41551040328002,0.393,489.6428578543219,489.6428578543219,489.6428578543219,2000.0,9792.857157086439,1.0,1.0,True,eligible,1.0,26.857157086440054,12.680697880000002,"[{""expiry"": ""2024-07-19"", ""option_type"": ""CE"", ""premium_points"": 488.3, ""qty"": 1, ""quantity_per_lot"": 1, ""raw_open"": 487.3, ""side"": ""BUY"", ""strike"": 80700.0}]",2.0,EVALUATED,80604.65,-488.3,12.680697880000002,-9778.68069788,True,,
development,2024-07-19,2024-07-15,Long Synthetic Future,low,0.06583448316048186,0.06349206349206349,80721.75,79936.14480747447,80473.78678923805,81309.32183842806,81826.87562869606,"{""atm"": 80700.0}",-15.300000000000011,158.42688351138128,155.9925605170593,0.5658,2713.4896678057685,4327.7543104484885,4327.7543104484885,2000.0,86555.08620896976,1.0,2.0,True,eligible,1.0,48.686459886440055,34.510000680000005,"[{""expiry"": ""2024-07-19"", ""option_type"": ""CE"", ""premium_points"": 488.3, ""qty"": 1, ""quantity_per_lot"": 1, ""raw_open"": 487.3, ""side"": ""BUY"", ""strike"": 80700.0}, {""expiry"": ""2024-07-19"", ""option_type"": ""PE"", ""premium_points"": 473.0, ""qty"": -1, ""quantity_per_lot"": 1, ""raw_open"": 474.0, ""side"": ""SELL"", ""strike"": 80700.0}]",4.0,EVALUATED,80604.65,-110.65000000000583,34.510000680000005,-2247.5100006801163,True,,
development,2024-07-19,2024-07-15,Risk Reversal,low,0.06583448316048186,0.06349206349206349,80721.75,79936.14480747447,80473.78678923805,81309.32183842806,81826.87562869606,"{""c65"": 81300.0, ""p35"": 80500.0}",152.3,127.02991013604876,125.05646445367003,0.686,2345.4287904938255,3959.693433136544,3959.693433136544,2000.0,79193.86866273088,1.0,2.0,True,eligible,1.0,39.46891364757335,32.22909812,"[{""expiry"": ""2024-07-19"", ""option_type"": ""CE"", ""premium_points"": 234.7, ""qty"": 1, ""quantity_per_lot"": 1, ""raw_open"": 233.7, ""side"": ""BUY"", ""strike"": 81300.0}, {""expiry"": ""2024-07-19"", ""option_type"": ""PE"", ""premium_points"": 387.0, ""qty"": -1, ""quantity_per_lot"": 1, ""raw_open"": 388.0, ""side"": ""SELL"", ""strike"": 80500.0}]",9.0,EVALUATED,80604.65,152.3,32.22909812,3013.77090188,True,,
development,2024-07-19,2024-07-15,Batman,low,0.06583448316048186,0.06349206349206349,80721.75,79936.14480747447,80473.78678923805,81309.32183842806,81826.87562869606,"{""c65"": 81300.0, ""c80"": 81800.0, ""p20"": 79900.0, ""p35"": 80500.0}",-1.0,-6.621885455180518,-10.453873972267782,0.5116,1805.6275861593426,3081.297111858275,3081.297111858275,2000.0,61625.9422371655,0.0,6.0,False,negative_net_ev,1.0,76.63977034174549,61.528387040000005,"[{""expiry"": ""2024-07-19"", ""option_type"": ""PE"", ""premium_points"": 389.0, ""qty"": 1, ""quantity_per_lot"": 1, ""raw_open"": 388.0, ""side"": ""BUY"", ""strike"": 80500.0}, {""expiry"": ""2024-07-19"", ""option_type"": ""PE"", ""premium_points"": 199.0, ""qty"": -2, ""quantity_per_lot"": 2, ""raw_open"": 200.0, ""side"": ""SELL"", ""strike"": 79900.0}, {""expiry"": ""2024-07-19"", ""option_type"": ""CE"", ""premium_points"": 234.7, ""qty"": 1, ""quantity_per_lot"": 1, ""raw_open"": 233.7, ""side"": ""BUY"", ""strike"": 81300.0}, {""expiry"": ""2024-07-19"", ""option_type"": ""CE"", ""premium_points"": 112.35, ""qty"": -2, ""quantity_per_lot"": 2, ""raw_open"": 113.35, ""side"": ""SELL"", ""strike"": 81800.0}]",0.0,STANDALONE_EVALUATED,80604.65,-1.0,61.528387040000005,-81.52838704000001,True,Batman_standalone,
development,2024-07-26,2024-07-23,Buy Call,low,0.07827392329041062,0.13095238095238096,80598.28,79824.99265465414,80343.12951472828,81205.61581240612,81699.16580619244,"{""atm"": 80600.0}",-789.2,-234.85272133891286,-236.20682549323928,0.288,790.5541041543264,790.5541041543264,790.5541041543264,2000.0,15811.082083086529,0.0,1.0,False,negative_net_ev,1.0,27.082083086527177,13.22340112,"[{""expiry"": ""2024-07-26"", ""option_type"": ""CE"", ""premium_points"": 789.2, ""qty"": 1, ""quantity_per_lot"": 1, ""raw_open"": 788.2, ""side"": ""BUY"", ""strike"": 80600.0}]",2.0,EVALUATED,81332.72,-56.47999999999888,31.54140112000003,-1161.1414011199777,True,,
development,2024-07-26,2024-07-23,Long Synthetic Future,low,0.07827392329041062,0.13095238095238096,80598.28,79824.99265465414,80343.12951472828,81205.61581240612,81699.16580619244,"{""atm"": 80600.0}",-7.150000000000091,142.3586284405853,139.5854105172589,0.556,2762.8460582352513,4479.832781954404,4479.832781954404,2000.0,89596.65563908807,1.0,2.0,True,eligible,1.0,55.46435846652717,41.605676499999994,"[{""expiry"": ""2024-07-26"", ""option_type"": ""CE"", ""premium_points"": 789.2, ""qty"": 1, ""quantity_per_lot"": 1, ""raw_open"": 788.2, ""side"": ""BUY"", ""strike"": 80600.0}, {""expiry"": ""2024-07-26"", ""option_type"": ""PE"", ""premium_points"": 782.05, ""qty"": -1, ""quantity_per_lot"": 1, ""raw_open"": 783.05, ""side"": ""SELL"", ""strike"": 80600.0}]",4.0,EVALUATED,81332.72,725.5700000000011,59.92367650000003,14451.476323500021,True,,
development,2024-07-26,2024-07-23,Risk Reversal,low,0.07827392329041062,0.13095238095238096,80598.28,79824.99265465414,80343.12951472828,81205.61581240612,81699.16580619244,"{""c65"": 81200.0, ""p35"": 80300.0}",108.89999999999998,102.2252170397573,99.9676037597295,0.7008,2346.280453591952,4063.267177311105,4063.267177311105,2000.0,81265.34354622211,1.0,2.0,True,eligible,1.0,45.1522656005561,38.105188760000004,"[{""expiry"": ""2024-07-26"", ""option_type"": ""CE"", ""premium_points"": 530.1, ""qty"": 1, ""quantity_per_lot"": 1, ""raw_open"": 529.1, ""side"": ""BUY"", ""strike"": 81200.0}, {""expiry"": ""2024-07-26"", ""option_type"": ""PE"", ""premium_points"": 639.0, ""qty"": -1, ""quantity_per_lot"": 1, ""raw_open"": 640.0, ""side"": ""SELL"", ""strike"": 80300.0}]",9.0,EVALUATED,81332.72,241.62000000000114,41.42318876000003,4790.976811240023,True,,
development,2024-07-26,2024-07-23,Batman,low,0.07827392329041062,0.13095238095238096,80598.28,79824.99265465414,80343.12951472828,81205.61581240612,81699.16580619244,"{""c65"": 81200.0, ""c80"": 81700.0, ""p20"": 79800.0, ""p35"": 80300.0}",469.79999999999995,431.66858884079556,426.75027851803964,0.8888,1394.1799160347282,2844.485307150266,2844.485307150266,2000.0,56889.70614300532,0.0,6.0,False,no_risk_sized_lot,1.0,98.36620645511826,84.1051832,"[{""expiry"": ""2024-07-26"", ""option_type"": ""PE"", ""premium_points"": 641.0, ""qty"": 1, ""quantity_per_lot"": 1, ""raw_open"": 640.0, ""side"": ""BUY"", ""strike"": 80300.0}, {""expiry"": ""2024-07-26"", ""option_type"": ""PE"", ""premium_points"": 458.4, ""qty"": -2, ""quantity_per_lot"": 2, ""raw_open"": 459.4, ""side"": ""SELL"", ""strike"": 79800.0}, {""expiry"": ""2024-07-26"", ""option_type"": ""CE"", ""premium_points"": 530.1, ""qty"": 1, ""quantity_per_lot"": 1, ""raw_open"": 529.1, ""side"": ""BUY"", ""strike"": 81200.0}, {""expiry"": ""2024-07-26"", ""option_type"": ""CE"", ""premium_points"": 362.05, ""qty"": -2, ""quantity_per_lot"": 2, ""raw_open"": 363.05, ""side"": ""SELL"", ""strike"": 81700.0}]",0.0,STANDALONE_EVALUATED,81332.72,602.5200000000011,87.42318320000003,11962.976816800023,True,Batman_standalone,
development,2024-08-02,2024-07-30,Buy Call,low,0.08696141519022146,0.20238095238095238,81324.08,80539.54292490963,81092.70301194004,81934.30764101468,82457.730408759,"{""atm"": 81300.0}",-468.5,108.79726033732565,107.44338943190395,0.4072,469.8538709054218,469.8538709054218,469.8538709054218,2000.0,9397.077418108436,1.0,1.0,True,eligible,1.0,27.077418108433143,12.644986600000001,"[{""expiry"": ""2024-08-02"", ""option_type"": ""CE"", ""premium_points"": 468.5, ""qty"": 1, ""quantity_per_lot"": 1, ""raw_open"": 467.5, ""side"": ""BUY"", ""strike"": 81300.0}]",2.0,EVALUATED,80981.95,-468.5,12.644986600000001,-9382.6449866,True,,
development,2024-08-02,2024-07-30,Long Synthetic Future,low,0.08696141519022146,0.20238095238095238,81324.08,80539.54292490963,81092.70301194004,81934.30764101468,82457.730408759,"{""atm"": 81300.0}",-57.64999999999998,127.21764601911627,124.83820016069468,0.5524,2728.9235045511386,4222.448712548115,4222.448712548115,2000.0,84448.97425096229,1.0,2.0,True,eligible,1.0,47.588917168433134,33.156485659999994,"[{""expiry"": ""2024-08-02"", ""option_type"": ""CE"", ""premium_points"": 468.5, ""qty"": 1, ""quantity_per_lot"": 1, ""raw_open"": 467.5, ""side"": ""BUY"", ""strike"": 81300.0}, {""expiry"": ""2024-08-02"", ""option_type"": ""PE"", ""premium_points"": 410.85, ""qty"": -1, ""quantity_per_lot"": 1, ""raw_open"": 411.85, ""side"": ""SELL"", ""strike"": 81300.0}]",4.0,EVALUATED,80981.95,-375.7000000000029,33.156485659999994,-7547.156485660058,True,,
development,2024-08-02,2024-07-30,Risk Reversal,low,0.08696141519022146,0.20238095238095238,81324.08,80539.54292490963,81092.70301194004,81934.30764101468,82457.730408759,"{""c65"": 81900.0, ""p35"": 81100.0}",97.05000000000001,79.32715151701218,77.4112678091956,0.676,2373.759942400534,3867.2851503975103,3867.2851503975103,2000.0,77345.7030079502,1.0,2.0,True,eligible,1.0,38.31767415633166,30.885045220000002,"[{""expiry"": ""2024-08-02"", ""option_type"": ""CE"", ""premium_points"": 227.2, ""qty"": 1, ""quantity_per_lot"": 1, ""raw_open"": 226.2, ""side"": ""BUY"", ""strike"": 81900.0}, {""expiry"": ""2024-08-02"", ""option_type"": ""PE"", ""premium_points"": 324.25, ""qty"": -1, ""quantity_per_lot"": 1, ""raw_open"": 325.25, ""side"": ""SELL"", ""strike"": 81100.0}]",9.0,EVALUATED,80981.95,-21.0000000000029,30.885045220000002,-450.885045220058,True,,
development,2024-08-02,2024-07-30,Batman,low,0.08696141519022146,0.20238095238095238,81324.08,80539.54292490963,81092.70301194004,81934.30764101468,82457.730408759,"{""c65"": 81900.0, ""c80"": 82500.0, ""p20"": 80500.0, ""p35"": 81100.0}",-59.04999999999998,-27.543226854570747,-31.242706421807654,0.4788,1738.3517720454029,3053.337748271475,3053.337748271475,2000.0,61066.7549654295,0.0,6.0,False,negative_net_ev,1.0,73.98959134473802,58.68126226,"[{""expiry"": ""2024-08-02"", ""option_type"": ""PE"", ""premium_points"": 326.25, ""qty"": 1, ""quantity_per_lot"": 1, ""raw_open"": 325.25, ""side"": ""BUY"", ""strike"": 81100.0}, {""expiry"": ""2024-08-02"", ""option_type"": ""PE"", ""premium_points"": 146.5, ""qty"": -2, ""quantity_per_lot"": 2, ""raw_open"": 147.5, ""side"": ""SELL"", ""strike"": 80500.0}, {""expiry"": ""2024-08-02"", ""option_type"": ""CE"", ""premium_points"": 227.2, ""qty"": 1, ""quantity_per_lot"": 1, ""raw_open"": 226.2, ""side"": ""BUY"", ""strike"": 81900.0}, {""expiry"": ""2024-08-02"", ""option_type"": ""CE"", ""premium_points"": 100.7, ""qty"": -2, ""quantity_per_lot"": 2, ""raw_open"": 101.7, ""side"": ""SELL"", ""strike"": 82500.0}]",0.0,STANDALONE_EVALUATED,80981.95,59.00000000000293,61.63251226000007,1118.3674877400586,True,Batman_standalone,
development,2024-08-09,2024-08-06,Batman,high,0.13769490401996076,0.8650793650793651,79640.96,78813.47320064534,79368.04603492693,80209.75638674211,80722.12148385892,"{""c65"": 80200.0, ""c80"": 80700.0, ""p20"": 78800.0, ""p35"": 79400.0}",171.39999999999998,176.2403896958693,171.94360943419113,0.846,1506.451633529734,2694.440924220192,2694.440924220192,2000.0,53888.81848440383,1.0,6.0,True,eligible,1.0,85.9356052335632,71.02541576,"[{""expiry"": ""2024-08-09"", ""option_type"": ""PE"", ""premium_points"": 490.3, ""qty"": 1, ""quantity_per_lot"": 1, ""raw_open"": 489.3, ""side"": ""BUY"", ""strike"": 79400.0}, {""expiry"": ""2024-08-09"", ""option_type"": ""PE"", ""premium_points"": 291.5, ""qty"": -2, ""quantity_per_lot"": 2, ""raw_open"": 292.5, ""side"": ""SELL"", ""strike"": 78800.0}, {""expiry"": ""2024-08-09"", ""option_type"": ""CE"", ""premium_points"": 387.3, ""qty"": 1, ""quantity_per_lot"": 1, ""raw_open"": 386.3, ""side"": ""BUY"", ""strike"": 80200.0}, {""expiry"": ""2024-08-09"", ""option_type"": ""CE"", ""premium_points"": 233.0, ""qty"": -2, ""quantity_per_lot"": 2, ""raw_open"": 234.0, ""side"": ""SELL"", ""strike"": 80700.0}]",2.0,EVALUATED,79705.91,171.39999999999998,71.02541576,3356.9745842399993,True,,
development,2024-08-09,2024-08-06,Long Synthetic Future,high,0.13769490401996076,0.8650793650793651,79640.96,78813.47320064534,79368.04603492693,80209.75638674211,80722.12148385892,"{""atm"": 79600.0}",-81.39999999999998,81.6231198840586,79.07956676995228,0.5444,2751.297511093133,4160.98520784999,4160.98520784999,2000.0,83219.7041569998,1.0,2.0,True,eligible,1.0,50.871062282126566,36.924186840000004,"[{""expiry"": ""2024-08-09"", ""option_type"": ""CE"", ""premium_points"": 654.15, ""qty"": 1, ""quantity_per_lot"": 1, ""raw_open"": 653.15, ""side"": ""BUY"", ""strike"": 79600.0}, {""expiry"": ""2024-08-09"", ""option_type"": ""PE"", ""premium_points"": 572.75, ""qty"": -1, ""quantity_per_lot"": 1, ""raw_open"": 573.75, ""side"": ""SELL"", ""strike"": 79600.0}]",3.0,EVALUATED,79705.91,24.510000000003515,39.57193684000009,450.6280631600702,True,,
development,2024-08-09,2024-08-06,Risk Reversal,high,0.13769490401996076,0.8650793650793651,79640.96,78813.47320064534,79368.04603492693,80209.75638674211,80722.12148385892,"{""c65"": 80200.0, ""p35"": 79400.0}",101.0,65.38265172241206,63.29954522024647,0.6718,2368.437064481193,3778.12476123805,3778.12476123805,2000.0,75562.49522476099,1.0,2.0,True,eligible,1.0,41.66213004331175,34.652252159999996,"[{""expiry"": ""2024-08-09"", ""option_type"": ""CE"", ""premium_points"": 387.3, ""qty"": 1, ""quantity_per_lot"": 1, ""raw_open"": 386.3, ""side"": ""BUY"", ""strike"": 80200.0}, {""expiry"": ""2024-08-09"", ""option_type"": ""PE"", ""premium_points"": 488.3, ""qty"": -1, ""quantity_per_lot"": 1, ""raw_open"": 489.3, ""side"": ""SELL"", ""strike"": 79400.0}]",5.0,EVALUATED,79705.91,101.0,34.652252159999996,1985.34774784,True,,
development,2024-08-09,2024-08-06,Sell Put,high,0.13769490401996076,0.8650793650793651,79640.96,78813.47320064534,79368.04603492693,80209.75638674211,80722.12148385892,"{""atm"": 79600.0}",572.75,177.89810219899616,176.70088410399612,0.7482,2095.8011760740274,3505.4888728308842,3505.4888728308842,2000.0,70109.77745661768,1.0,1.0,True,eligible,1.0,23.944361899999997,23.944361899999997,"[{""expiry"": ""2024-08-09"", ""option_type"": ""PE"", ""premium_points"": 572.75, ""qty"": -1, ""quantity_per_lot"": 1, ""raw_open"": 573.75, ""side"": ""SELL"", ""strike"": 79600.0}]",5.0,EVALUATED,79705.91,572.75,23.944361899999997,11431.0556381,True,,
development,2024-08-09,2024-08-06,Batman,high,0.13769490401996076,0.8650793650793651,79640.96,78813.47320064534,79368.04603492693,80209.75638674211,80722.12148385892,"{""c65"": 80200.0, ""c80"": 80700.0, ""p20"": 78800.0, ""p35"": 79400.0}",171.39999999999998,176.2403896958693,171.94360943419113,0.846,1506.451633529734,2694.440924220192,2694.440924220192,2000.0,53888.81848440383,1.0,6.0,True,eligible,1.0,85.9356052335632,71.02541576,"[{""expiry"": ""2024-08-09"", ""option_type"": ""PE"", ""premium_points"": 490.3, ""qty"": 1, ""quantity_per_lot"": 1, ""raw_open"": 489.3, ""side"": ""BUY"", ""strike"": 79400.0}, {""expiry"": ""2024-08-09"", ""option_type"": ""PE"", ""premium_points"": 291.5, ""qty"": -2, ""quantity_per_lot"": 2, ""raw_open"": 292.5, ""side"": ""SELL"", ""strike"": 78800.0}, {""expiry"": ""2024-08-09"", ""option_type"": ""CE"", ""premium_points"": 387.3, ""qty"": 1, ""quantity_per_lot"": 1, ""raw_open"": 386.3, ""side"": ""BUY"", ""strike"": 80200.0}, {""expiry"": ""2024-08-09"", ""option_type"": ""CE"", ""premium_points"": 233.0, ""qty"": -2, ""quantity_per_lot"": 2, ""raw_open"": 234.0, ""side"": ""SELL"", ""strike"": 80700.0}]",2.0,EVALUATED,79705.91,171.39999999999998,71.02541576,3356.9745842399993,True,Batman_standalone,
development,2024-08-16,2024-08-12,Batman,high,,,,,,,,,,,,,,,,,,,,,,,,,,,NO_TRADE,,,,,,,missing 09:30 bar CE 80500.0
development,2024-08-16,2024-08-12,Long Synthetic Future,high,0.1491269564119669,0.8650793650793651,79406.36,78649.5645717576,79181.05818731766,80018.08830906407,80541.80949606792,"{""atm"": 79400.0}",-129.80000000000007,51.21115864611066,48.69640486455122,0.525,2788.5113426893786,4210.61929340882,4210.61929340882,2000.0,84212.38586817641,1.0,2.0,True,eligible,1.0,50.29507563119046,36.04632904,"[{""expiry"": ""2024-08-16"", ""option_type"": ""CE"", ""premium_points"": 660.6, ""qty"": 1, ""quantity_per_lot"": 1, ""raw_open"": 659.6, ""side"": ""BUY"", ""strike"": 79400.0}, {""expiry"": ""2024-08-16"", ""option_type"": ""PE"", ""premium_points"": 530.8, ""qty"": -1, ""quantity_per_lot"": 1, ""raw_open"": 531.8, ""side"": ""SELL"", ""strike"": 79400.0}]",3.0,EVALUATED,80436.84,907.0399999999964,61.96732903999992,18078.83267095993,True,,
development,2024-08-16,2024-08-12,Risk Reversal,high,0.1491269564119669,0.8650793650793651,79406.36,78649.5645717576,79181.05818731766,80018.08830906407,80541.80949606792,"{""c65"": 80000.0, ""p35"": 79200.0}",103.39999999999998,82.68076184123758,80.62270205552389,0.6786,2354.854648693533,3776.962599412974,3776.962599412974,2000.0,75539.25198825948,1.0,2.0,True,eligible,1.0,41.161195714273596,33.89903916,"[{""expiry"": ""2024-08-16"", ""option_type"": ""CE"", ""premium_points"": 352.35, ""qty"": 1, ""quantity_per_lot"": 1, ""raw_open"": 351.35, ""side"": ""BUY"", ""strike"": 80000.0}, {""expiry"": ""2024-08-16"", ""option_type"": ""PE"", ""premium_points"": 455.75, ""qty"": -1, ""quantity_per_lot"": 1, ""raw_open"": 456.75, ""side"": ""SELL"", ""strike"": 79200.0}]",5.0,EVALUATED,80436.84,540.2399999999965,44.820039159999915,10759.97996083993,True,,
development,2024-08-16,2024-08-12,Sell Put,high,0.1491269564119669,0.8650793650793651,79406.36,78649.5645717576,79181.05818731766,80018.08830906407,80541.80949606792,"{""atm"": 79400.0}",530.8,141.86129499849267,140.70855145449258,0.7464,2126.549332451819,3548.65728317126,3548.65728317126,2000.0,70973.14566342521,1.0,1.0,True,eligible,1.0,23.05487088,23.05487088,"[{""expiry"": ""2024-08-16"", ""option_type"": ""PE"", ""premium_points"": 530.8, ""qty"": -1, ""quantity_per_lot"": 1, ""raw_open"": 531.8, ""side"": ""SELL"", ""strike"": 79400.0}]",5.0,EVALUATED,80436.84,530.8,23.05487088,10592.94512912,True,,
development,2024-08-16,2024-08-12,Batman,high,,,,,,,,,,,,,,,,,,,,,,,,,,,NO_TRADE,,,,,,Batman_standalone,missing 09:30 bar CE 80500.0
development,2024-08-23,2024-08-20,Batman,high,,,,,,,,,,,,,,,,,,,,,,,,,,,NO_TRADE,,,,,,,missing 09:30 bar CE 81700.0
development,2024-08-23,2024-08-20,Long Synthetic Future,high,0.15573904951526615,0.8849206349206349,80575.52,79763.70401550597,80298.10578105971,81188.38808348853,81720.85248409014,"{""atm"": 80600.0}",-1.6499999999999773,111.69304841498982,109.37109085024898,0.5474,2770.001767590493,4167.791859915256,4167.791859915256,2000.0,83355.83719830512,1.0,2.0,True,eligible,1.0,46.43915129481735,32.90593726,"[{""expiry"": ""2024-08-23"", ""option_type"": ""CE"", ""premium_points"": 406.0, ""qty"": 1, ""quantity_per_lot"": 1, ""raw_open"": 405.0, ""side"": ""BUY"", ""strike"": 80600.0}, {""expiry"": ""2024-08-23"", ""option_type"": ""PE"", ""premium_points"": 404.35, ""qty"": -1, ""quantity_per_lot"": 1, ""raw_open"": 405.35, ""side"": ""SELL"", ""strike"": 80600.0}]",3.0,EVALUATED,81086.21,484.5600000000064,45.06118726000016,9646.138812740128,True,,
development,2024-08-23,2024-08-20,Risk Reversal,high,0.15573904951526615,0.8849206349206349,80575.52,79763.70401550597,80298.10578105971,81188.38808348853,81720.85248409014,"{""c65"": 81200.0, ""p35"": 80300.0}",111.59999999999997,77.63900411239538,75.8064369827438,0.684,2356.2623771554045,3754.052469480167,3754.052469480167,2000.0,75081.04938960334,1.0,2.0,True,eligible,1.0,36.6513425930315,29.803922720000003,"[{""expiry"": ""2024-08-23"", ""option_type"": ""CE"", ""premium_points"": 166.8, ""qty"": 1, ""quantity_per_lot"": 1, ""raw_open"": 165.8, ""side"": ""BUY"", ""strike"": 81200.0}, {""expiry"": ""2024-08-23"", ""option_type"": ""PE"", ""premium_points"": 278.4, ""qty"": -1, ""quantity_per_lot"": 1, ""raw_open"": 279.4, ""side"": ""SELL"", ""strike"": 80300.0}]",5.0,EVALUATED,81086.21,111.59999999999997,29.803922720000003,2202.196077279999,True,,
development,2024-08-23,2024-08-20,Sell Put,high,0.15573904951526615,0.8849206349206349,80575.52,79763.70401550597,80298.10578105971,81188.38808348853,81720.85248409014,"{""atm"": 80600.0}",404.35,-23.635512977704177,-24.65419676070414,0.682,2362.698493808752,3760.4885861335147,3760.4885861335147,2000.0,75209.7717226703,0.0,1.0,False,negative_net_ev,1.0,20.37367566,20.37367566,"[{""expiry"": ""2024-08-23"", ""option_type"": ""PE"", ""premium_points"": 404.35, ""qty"": -1, ""quantity_per_lot"": 1, ""raw_open"": 405.35, ""side"": ""SELL"", ""strike"": 80600.0}]",5.0,EVALUATED,81086.21,404.35,20.37367566,8066.62632434,True,,
development,2024-08-23,2024-08-20,Batman,high,,,,,,,,,,,,,,,,,,,,,,,,,,,NO_TRADE,,,,,,Batman_standalone,missing 09:30 bar CE 81700.0
development,2024-08-30,2024-08-27,Batman,high,0.14740978032944582,0.8293650793650794,81691.45,80848.55602844968,81389.24086090818,82284.67120307361,82783.38745759784,"{""c65"": 82300.0, ""c80"": 82800.0, ""p20"": 80800.0, ""p35"": 81400.0}",-71.80000000000001,-72.63204734743854,-76.11247574805559,0.4366,1763.0566850382168,2805.669891857796,2805.669891857796,2000.0,56113.39783715592,0.0,6.0,False,negative_net_ev,1.0,69.60856801234115,54.910370879999995,"[{""expiry"": ""2024-08-30"", ""option_type"": ""PE"", ""premium_points"": 259.75, ""qty"": 1, ""quantity_per_lot"": 1, ""raw_open"": 258.75, ""side"": ""BUY"", ""strike"": 81400.0}, {""expiry"": ""2024-08-30"", ""option_type"": ""PE"", ""premium_points"": 110.5, ""qty"": -2, ""quantity_per_lot"": 2, ""raw_open"": 111.5, ""side"": ""SELL"", ""strike"": 80800.0}, {""expiry"": ""2024-08-30"", ""option_type"": ""CE"", ""premium_points"": 141.55, ""qty"": 1, ""quantity_per_lot"": 1, ""raw_open"": 140.55, ""side"": ""BUY"", ""strike"": 82300.0}, {""expiry"": ""2024-08-30"", ""option_type"": ""CE"", ""premium_points"": 54.25, ""qty"": -2, ""quantity_per_lot"": 2, ""raw_open"": 55.25, ""side"": ""SELL"", ""strike"": 82800.0}]",2.0,EVALUATED,82365.77,-6.029999999995937,56.554620880000094,-177.15462087991884,True,,
development,2024-08-30,2024-08-27,Long Synthetic Future,high,0.14740978032944582,0.8293650793650794,81691.45,80848.55602844968,81389.24086090818,82284.67120307361,82783.38745759784,"{""atm"": 81700.0}",5.050000000000011,112.7937713636905,110.49988935330661,0.548,2763.174638726402,4016.4997839419298,4016.4997839419298,2000.0,80329.99567883859,1.0,2.0,True,eligible,1.0,45.877640207677516,32.317522780000004,"[{""expiry"": ""2024-08-30"", ""option_type"": ""CE"", ""premium_points"": 374.25, ""qty"": 1, ""quantity_per_lot"": 1, ""raw_open"": 373.25, ""side"": ""BUY"", ""strike"": 81700.0}, {""expiry"": ""2024-08-30"", ""option_type"": ""PE"", ""premium_points"": 379.3, ""qty"": -1, ""quantity_per_lot"": 1, ""raw_open"": 380.3, ""side"": ""SELL"", ""strike"": 81700.0}]",3.0,EVALUATED,82365.77,670.820000000004,48.9617727800001,13367.438227220082,True,,
development,2024-08-30,2024-08-27,Risk Reversal,high,0.14740978032944582,0.8293650793650794,81691.45,80848.55602844968,81389.24086090818,82284.67120307361,82783.38745759784,"{""c65"": 82300.0, ""p35"": 81400.0}",116.19999999999999,76.79497315280464,74.98611999227562,0.6808,2351.5396098765464,3604.8647550920746,3604.8647550920746,2000.0,72097.29510184149,1.0,2.0,True,eligible,1.0,36.177063210580634,29.32052748,"[{""expiry"": ""2024-08-30"", ""option_type"": ""CE"", ""premium_points"": 141.55, ""qty"": 1, ""quantity_per_lot"": 1, ""raw_open"": 140.55, ""side"": ""BUY"", ""strike"": 82300.0}, {""expiry"": ""2024-08-30"", ""option_type"": ""PE"", ""premium_points"": 257.75, ""qty"": -1, ""quantity_per_lot"": 1, ""raw_open"": 258.75, ""side"": ""SELL"", ""strike"": 81400.0}]",5.0,EVALUATED,82365.77,181.97000000000406,30.9647774800001,3608.4352225200814,True,,
development,2024-08-30,2024-08-27,Sell Put,high,0.14740978032944582,0.8293650793650794,81691.45,80848.55602844968,81389.24086090818,82284.67120307361,82783.38745759784,"{""atm"": 81700.0}",379.3,-55.36092574340976,-56.35305201740974,0.6706,2387.6228829900174,3640.948028205546,3640.948028205546,2000.0,72818.96056411092,0.0,1.0,False,negative_net_ev,1.0,19.842525480000003,19.842525480000003,"[{""expiry"": ""2024-08-30"", ""option_type"": ""PE"", ""premium_points"": 379.3, ""qty"": -1, ""quantity_per_lot"": 1, ""raw_open"": 380.3, ""side"": ""SELL"", ""strike"": 81700.0}]",5.0,EVALUATED,82365.77,379.3,19.842525480000003,7566.15747452,True,,
development,2024-08-30,2024-08-27,Batman,high,0.14740978032944582,0.8293650793650794,81691.45,80848.55602844968,81389.24086090818,82284.67120307361,82783.38745759784,"{""c65"": 82300.0, ""c80"": 82800.0, ""p20"": 80800.0, ""p35"": 81400.0}",-71.80000000000001,-72.63204734743854,-76.11247574805559,0.4366,1763.0566850382168,2805.669891857796,2805.669891857796,2000.0,56113.39783715592,0.0,6.0,False,negative_net_ev,1.0,69.60856801234115,54.910370879999995,"[{""expiry"": ""2024-08-30"", ""option_type"": ""PE"", ""premium_points"": 259.75, ""qty"": 1, ""quantity_per_lot"": 1, ""raw_open"": 258.75, ""side"": ""BUY"", ""strike"": 81400.0}, {""expiry"": ""2024-08-30"", ""option_type"": ""PE"", ""premium_points"": 110.5, ""qty"": -2, ""quantity_per_lot"": 2, ""raw_open"": 111.5, ""side"": ""SELL"", ""strike"": 80800.0}, {""expiry"": ""2024-08-30"", ""option_type"": ""CE"", ""premium_points"": 141.55, ""qty"": 1, ""quantity_per_lot"": 1, ""raw_open"": 140.55, ""side"": ""BUY"", ""strike"": 82300.0}, {""expiry"": ""2024-08-30"", ""option_type"": ""CE"", ""premium_points"": 54.25, ""qty"": -2, ""quantity_per_lot"": 2, ""raw_open"": 55.25, ""side"": ""SELL"", ""strike"": 82800.0}]",2.0,EVALUATED,82365.77,-6.029999999995937,56.554620880000094,-177.15462087991884,True,Batman_standalone,
development,2024-09-06,2024-09-03,Batman,high,0.14192128386918434,0.7976190476190477,82515.57,81678.92702756866,82220.507563515,83129.90988625119,83665.49708180396,"{""c65"": 83100.0, ""c80"": 83700.0, ""p20"": 81700.0, ""p35"": 82200.0}",-81.10000000000001,-96.30787849088979,-99.7842581996281,0.4178,1840.2593125549806,3088.4996089457686,3088.4996089457686,2000.0,61769.992178915374,0.0,6.0,False,negative_net_ev,1.0,69.52759417476568,54.154102439999996,"[{""expiry"": ""2024-09-06"", ""option_type"": ""PE"", ""premium_points"": 233.35, ""qty"": 1, ""quantity_per_lot"": 1, ""raw_open"": 232.35, ""side"": ""BUY"", ""strike"": 82200.0}, {""expiry"": ""2024-09-06"", ""option_type"": ""PE"", ""premium_points"": 104.8, ""qty"": -2, ""quantity_per_lot"": 2, ""raw_open"": 105.8, ""side"": ""SELL"", ""strike"": 81700.0}, {""expiry"": ""2024-09-06"", ""option_type"": ""CE"", ""premium_points"": 143.65, ""qty"": 1, ""quantity_per_lot"": 1, ""raw_open"": 142.65, ""side"": ""BUY"", ""strike"": 83100.0}, {""expiry"": ""2024-09-06"", ""option_type"": ""CE"", ""premium_points"": 43.15, ""qty"": -2, ""quantity_per_lot"": 2, ""raw_open"": 44.15, ""side"": ""SELL"", ""strike"": 83700.0}]",2.0,EVALUATED,81183.93,-97.170000000007,79.55585244000017,-2022.95585244014,True,,
development,2024-09-06,2024-09-03,Long Synthetic Future,high,0.14192128386918434,0.7976190476190477,82515.57,81678.92702756866,82220.507563515,83129.90988625119,83665.49708180396,"{""atm"": 82500.0}",-31.44999999999999,112.36649492667178,110.05987563809187,0.552,2862.921024706611,4253.389953450048,4253.389953450048,2000.0,85067.79906900096,1.0,2.0,True,eligible,1.0,46.13238577159699,31.711543939999995,"[{""expiry"": ""2024-09-06"", ""option_type"": ""CE"", ""premium_points"": 381.55, ""qty"": 1, ""quantity_per_lot"": 1, ""raw_open"": 380.55, ""side"": ""BUY"", ""strike"": 82500.0}, {""expiry"": ""2024-09-06"", ""option_type"": ""PE"", ""premium_points"": 350.1, ""qty"": -1, ""quantity_per_lot"": 1, ""raw_open"": 351.1, ""side"": ""SELL"", ""strike"": 82500.0}]",3.0,EVALUATED,81183.93,-1347.520000000007,31.711543939999995,-26982.11154394014,True,,
development,2024-09-06,2024-09-03,Risk Reversal,high,0.14192128386918434,0.7976190476190477,82515.57,81678.92702756866,82220.507563515,83129.90988625119,83665.49708180396,"{""c65"": 83100.0, ""p35"": 82200.0}",87.69999999999999,70.25400149119464,68.4423409468935,0.6798,2443.2760659623336,3833.7449947057703,3833.7449947057703,2000.0,76674.8998941154,1.0,2.0,True,eligible,1.0,36.23321088602277,28.764539999999997,"[{""expiry"": ""2024-09-06"", ""option_type"": ""CE"", ""premium_points"": 143.65, ""qty"": 1, ""quantity_per_lot"": 1, ""raw_open"": 142.65, ""side"": ""BUY"", ""strike"": 83100.0}, {""expiry"": ""2024-09-06"", ""option_type"": ""PE"", ""premium_points"": 231.35, ""qty"": -1, ""quantity_per_lot"": 1, ""raw_open"": 232.35, ""side"": ""SELL"", ""strike"": 82200.0}]",5.0,EVALUATED,81183.93,-928.3700000000069,28.764539999999997,-18596.16454000014,True,,
development,2024-09-06,2024-09-03,Sell Put,high,0.14192128386918434,0.7976190476190477,82515.57,81678.92702756866,82220.507563515,83129.90988625119,83665.49708180396,"{""atm"": 82500.0}",350.1,-82.91717833720809,-83.87834735520808,0.6716,2480.025574436032,3870.494503179469,3870.494503179469,2000.0,77409.89006358938,0.0,1.0,False,negative_net_ev,1.0,19.22338036,19.22338036,"[{""expiry"": ""2024-09-06"", ""option_type"": ""PE"", ""premium_points"": 350.1, ""qty"": -1, ""quantity_per_lot"": 1, ""raw_open"": 351.1, ""side"": ""SELL"", ""strike"": 82500.0}]",5.0,EVALUATED,81183.93,-965.970000000007,19.22338036,-19338.62338036014,True,,
development,2024-09-06,2024-09-03,Batman,high,0.14192128386918434,0.7976190476190477,82515.57,81678.92702756866,82220.507563515,83129.90988625119,83665.49708180396,"{""c65"": 83100.0, ""c80"": 83700.0, ""p20"": 81700.0, ""p35"": 82200.0}",-81.10000000000001,-96.30787849088979,-99.7842581996281,0.4178,1840.2593125549806,3088.4996089457686,3088.4996089457686,2000.0,61769.992178915374,0.0,6.0,False,negative_net_ev,1.0,69.52759417476568,54.154102439999996,"[{""expiry"": ""2024-09-06"", ""option_type"": ""PE"", ""premium_points"": 233.35, ""qty"": 1, ""quantity_per_lot"": 1, ""raw_open"": 232.35, ""side"": ""BUY"", ""strike"": 82200.0}, {""expiry"": ""2024-09-06"", ""option_type"": ""PE"", ""premium_points"": 104.8, ""qty"": -2, ""quantity_per_lot"": 2, ""raw_open"": 105.8, ""side"": ""SELL"", ""strike"": 81700.0}, {""expiry"": ""2024-09-06"", ""option_type"": ""CE"", ""premium_points"": 143.65, ""qty"": 1, ""quantity_per_lot"": 1, ""raw_open"": 142.65, ""side"": ""BUY"", ""strike"": 83100.0}, {""expiry"": ""2024-09-06"", ""option_type"": ""CE"", ""premium_points"": 43.15, ""qty"": -2, ""quantity_per_lot"": 2, ""raw_open"": 44.15, ""side"": ""SELL"", ""strike"": 83700.0}]",2.0,EVALUATED,81183.93,-97.170000000007,79.55585244000017,-2022.95585244014,True,Batman_standalone,
development,2024-09-13,2024-09-10,Buy Call,low,0.09172085492136227,0.21825396825396826,81741.98,80905.82041186222,81445.28227567334,82339.77861111826,82871.70823339933,"{""atm"": 81700.0}",-353.0,224.07088297242578,222.72771082871031,0.4506,354.34317214371555,354.34317214371555,354.34317214371555,2000.0,7086.863442874311,1.0,1.0,True,eligible,1.0,26.863442874310643,12.436670799999998,"[{""expiry"": ""2024-09-13"", ""option_type"": ""CE"", ""premium_points"": 353.0, ""qty"": 1, ""quantity_per_lot"": 1, ""raw_open"": 352.0, ""side"": ""BUY"", ""strike"": 81700.0}]",2.0,EVALUATED,82890.94,837.9400000000023,42.21017080000006,16716.589829200046,True,,
development,2024-09-13,2024-09-10,Long Synthetic Future,low,0.09172085492136227,0.21825396825396826,81741.98,80905.82041186222,81445.28227567334,82339.77861111826,82871.70823339933,"{""atm"": 81700.0}",-21.05000000000001,141.11330307616544,138.8282041814499,0.5634,2778.7645791593304,4149.99264327521,4149.99264327521,2000.0,82999.8528655042,1.0,2.0,True,eligible,1.0,45.701977894310645,31.27520582,"[{""expiry"": ""2024-09-13"", ""option_type"": ""CE"", ""premium_points"": 353.0, ""qty"": 1, ""quantity_per_lot"": 1, ""raw_open"": 352.0, ""side"": ""BUY"", ""strike"": 81700.0}, {""expiry"": ""2024-09-13"", ""option_type"": ""PE"", ""premium_points"": 331.95, ""qty"": -1, ""quantity_per_lot"": 1, ""raw_open"": 332.95, ""side"": ""SELL"", ""strike"": 81700.0}]",4.0,EVALUATED,82890.94,1169.8900000000024,61.04870582000005,23336.751294180045,True,,
development,2024-09-13,2024-09-10,Risk Reversal,low,0.09172085492136227,0.21825396825396826,81741.98,80905.82041186222,81445.28227567334,82339.77861111826,82871.70823339933,"{""c65"": 82300.0, ""p35"": 81400.0}",72.9,69.72615182077107,67.94053955791964,0.684,2384.315092527465,3755.543156643346,3755.543156643346,2000.0,75110.86313286691,1.0,2.0,True,eligible,1.0,35.71224525702972,28.28622524,"[{""expiry"": ""2024-09-13"", ""option_type"": ""CE"", ""premium_points"": 136.5, ""qty"": 1, ""quantity_per_lot"": 1, ""raw_open"": 135.5, ""side"": ""BUY"", ""strike"": 82300.0}, {""expiry"": ""2024-09-13"", ""option_type"": ""PE"", ""premium_points"": 209.4, ""qty"": -1, ""quantity_per_lot"": 1, ""raw_open"": 210.4, ""side"": ""SELL"", ""strike"": 81400.0}]",9.0,EVALUATED,82890.94,663.8400000000023,43.05972524000006,13233.740274760046,True,,
development,2024-09-13,2024-09-10,Batman,low,0.09172085492136227,0.21825396825396826,81741.98,80905.82041186222,81445.28227567334,82339.77861111826,82871.70823339933,"{""c65"": 82300.0, ""c80"": 82900.0, ""p20"": 80900.0, ""p35"": 81400.0}",-69.80000000000001,-73.40608783319935,-76.83886682512635,0.4364,1779.5330151039557,2942.0646003160878,2942.0646003160878,2000.0,58841.29200632175,0.0,6.0,False,negative_net_ev,1.0,68.65557983854016,53.72419359999999,"[{""expiry"": ""2024-09-13"", ""option_type"": ""PE"", ""premium_points"": 211.4, ""qty"": 1, ""quantity_per_lot"": 1, ""raw_open"": 210.4, ""side"": ""BUY"", ""strike"": 81400.0}, {""expiry"": ""2024-09-13"", ""option_type"": ""PE"", ""premium_points"": 92.8, ""qty"": -2, ""quantity_per_lot"": 2, ""raw_open"": 93.8, ""side"": ""SELL"", ""strike"": 80900.0}, {""expiry"": ""2024-09-13"", ""option_type"": ""CE"", ""premium_points"": 136.5, ""qty"": 1, ""quantity_per_lot"": 1, ""raw_open"": 135.5, ""side"": ""BUY"", ""strike"": 82300.0}, {""expiry"": ""2024-09-13"", ""option_type"": ""CE"", ""premium_points"": 46.25, ""qty"": -2, ""quantity_per_lot"": 2, ""raw_open"": 47.25, ""side"": ""SELL"", ""strike"": 82900.0}]",0.0,STANDALONE_EVALUATED,82890.94,521.1400000000024,68.49769360000005,10354.302306400046,True,Batman_standalone,
development,2024-09-20,2024-09-17,Buy Call,low,0.08953795938538403,0.19047619047619047,82932.75,82060.23704330939,82603.83285219944,83494.09683355672,84012.93249005801,"{""atm"": 82900.0}",-459.9,96.59081192137857,95.26372462447688,0.394,461.2270872969016,461.2270872969016,461.2270872969016,2000.0,9224.541745938031,1.0,1.0,True,eligible,1.0,26.541745938034467,12.629475639999999,"[{""expiry"": ""2024-09-20"", ""option_type"": ""CE"", ""premium_points"": 459.9, ""qty"": 1, ""quantity_per_lot"": 1, ""raw_open"": 458.9, ""side"": ""BUY"", ""strike"": 82900.0}]",2.0,EVALUATED,84544.31,1184.4099999999976,53.737225639999934,23634.462774359952,True,,
development,2024-09-20,2024-09-17,Long Synthetic Future,low,0.08953795938538403,0.19047619047619047,82932.75,82060.23704330939,82603.83285219944,83494.09683355672,84012.93249005801,"{""atm"": 82900.0}",-86.69999999999999,34.783637806155824,32.47089133325401,0.5308,2983.333657084327,4497.052312703825,4497.052312703825,2000.0,89941.0462540765,1.0,2.0,True,eligible,1.0,46.25492945803447,32.342659160000004,"[{""expiry"": ""2024-09-20"", ""option_type"": ""CE"", ""premium_points"": 459.9, ""qty"": 1, ""quantity_per_lot"": 1, ""raw_open"": 458.9, ""side"": ""BUY"", ""strike"": 82900.0}, {""expiry"": ""2024-09-20"", ""option_type"": ""PE"", ""premium_points"": 373.2, ""qty"": -1, ""quantity_per_lot"": 1, ""raw_open"": 374.2, ""side"": ""SELL"", ""strike"": 82900.0}]",4.0,EVALUATED,84544.31,1557.6099999999976,73.45040915999994,31078.749590839954,True,,
development,2024-09-20,2024-09-17,Risk Reversal,low,0.08953795938538403,0.19047619047619047,82932.75,82060.23704330939,82603.83285219944,83494.09683355672,84012.93249005801,"{""c65"": 83500.0, ""p35"": 82600.0}",42.79999999999998,11.19912306006576,9.374952650785906,0.6676,2553.3450810207055,4067.063736640204,4067.063736640204,2000.0,81341.27473280407,1.0,2.0,True,eligible,1.0,36.48340818559658,29.351680039999998,"[{""expiry"": ""2024-09-20"", ""option_type"": ""CE"", ""premium_points"": 210.55, ""qty"": 1, ""quantity_per_lot"": 1, ""raw_open"": 209.55, ""side"": ""BUY"", ""strike"": 83500.0}, {""expiry"": ""2024-09-20"", ""option_type"": ""PE"", ""premium_points"": 253.35, ""qty"": -1, ""quantity_per_lot"": 1, ""raw_open"": 254.35, ""side"": ""SELL"", ""strike"": 82600.0}]",9.0,EVALUATED,84544.31,1087.1099999999976,55.45943003999994,21686.740569959955,True,,
development,2024-09-20,2024-09-17,Batman,low,0.08953795938538403,0.19047619047619047,82932.75,82060.23704330939,82603.83285219944,83494.09683355672,84012.93249005801,"{""c65"": 83500.0, ""c80"": 84000.0, ""p20"": 82100.0, ""p35"": 82600.0}",-23.19999999999999,-79.65676940507716,-83.28079986381171,0.4458,1946.8321307420395,3253.3772559895747,3253.3772559895747,2000.0,65067.545119791495,0.0,6.0,False,negative_net_ev,1.0,72.48060917469152,57.42713096,"[{""expiry"": ""2024-09-20"", ""option_type"": ""PE"", ""premium_points"": 255.35, ""qty"": 1, ""quantity_per_lot"": 1, ""raw_open"": 254.35, ""side"": ""BUY"", ""strike"": 82600.0}, {""expiry"": ""2024-09-20"", ""option_type"": ""PE"", ""premium_points"": 125.45, ""qty"": -2, ""quantity_per_lot"": 2, ""raw_open"": 126.45, ""side"": ""SELL"", ""strike"": 82100.0}, {""expiry"": ""2024-09-20"", ""option_type"": ""CE"", ""premium_points"": 210.55, ""qty"": 1, ""quantity_per_lot"": 1, ""raw_open"": 209.55, ""side"": ""BUY"", ""strike"": 83500.0}, {""expiry"": ""2024-09-20"", ""option_type"": ""CE"", ""premium_points"": 95.9, ""qty"": -2, ""quantity_per_lot"": 2, ""raw_open"": 96.9, ""side"": ""SELL"", ""strike"": 84000.0}]",0.0,STANDALONE_EVALUATED,84544.31,-67.50999999999766,83.53488095999994,-1433.7348809599532,True,Batman_standalone,
development,2024-09-27,2024-09-24,Buy Put,medium,0.10236575660628883,0.4126984126984127,84884.95,84062.631363803,84615.05090801344,85528.04882384889,86101.9591127025,"{""atm"": 84900.0}",-482.4,-44.0597628590061,-45.24119098743232,0.2874,483.58142812842624,483.58142812842624,483.58142812842624,2000.0,9671.628562568525,0.0,1.0,False,negative_net_ev,1.0,23.62856256852485,12.670056640000002,"[{""expiry"": ""2024-09-27"", ""option_type"": ""PE"", ""premium_points"": 482.4, ""qty"": 1, ""quantity_per_lot"": 1, ""raw_open"": 481.4, ""side"": ""BUY"", ""strike"": 84900.0}]",1.0,EVALUATED,85571.85,-482.4,12.670056640000002,-9660.67005664,True,,
development,2024-09-27,2024-09-24,Put Ratio Spread,medium,0.10236575660628883,0.4126984126984127,84884.95,84062.631363803,84615.05090801344,85528.04882384889,86101.9591127025,"{""atm"": 84900.0, ""p35"": 84600.0}",227.60000000000002,25.114076177312064,22.589920248885825,0.7964,2067.540506068358,3441.1215445107014,3441.1215445107014,2000.0,68822.43089021403,1.0,3.0,True,eligible,1.0,50.48311856852485,39.52461264,"[{""expiry"": ""2024-09-27"", ""option_type"": ""PE"", ""premium_points"": 482.4, ""qty"": 1, ""quantity_per_lot"": 1, ""raw_open"": 481.4, ""side"": ""BUY"", ""strike"": 84900.0}, {""expiry"": ""2024-09-27"", ""option_type"": ""PE"", ""premium_points"": 355.0, ""qty"": -2, ""quantity_per_lot"": 2, ""raw_open"": 356.0, ""side"": ""SELL"", ""strike"": 84600.0}]",4.0,EVALUATED,85571.85,227.60000000000002,39.52461264,4512.47538736,True,,
development,2024-09-27,2024-09-24,Short Straddle,medium,0.10236575660628883,0.4126984126984127,84884.95,84062.631363803,84615.05090801344,85528.04882384889,86101.9591127025,"{""atm"": 84900.0}",912.9,-110.89072755441666,-113.03856587641667,0.5432,2474.358931920133,3618.3540830100596,3618.3540830100596,2000.0,72367.08166020119,0.0,2.0,False,negative_net_ev,1.0,42.956766439999996,42.956766439999996,"[{""expiry"": ""2024-09-27"", ""option_type"": ""CE"", ""premium_points"": 432.5, ""qty"": -1, ""quantity_per_lot"": 1, ""raw_open"": 433.5, ""side"": ""SELL"", ""strike"": 84900.0}, {""expiry"": ""2024-09-27"", ""option_type"": ""PE"", ""premium_points"": 480.4, ""qty"": -1, ""quantity_per_lot"": 1, ""raw_open"": 481.4, ""side"": ""SELL"", ""strike"": 84900.0}]",4.0,EVALUATED,85571.85,241.04999999999416,42.956766439999996,4778.043233559883,True,,
development,2024-09-27,2024-09-24,Short Strangle,medium,0.10236575660628883,0.4126984126984127,84884.95,84062.631363803,84615.05090801344,85528.04882384889,86101.9591127025,"{""c65"": 85500.0, ""p35"": 84600.0}",548.8,-83.79304327541779,-85.55487005941784,0.5904,2393.6786242149774,3588.59021153586,3588.59021153586,2000.0,71771.8042307172,0.0,2.0,False,negative_net_ev,1.0,35.236535679999996,35.236535679999996,"[{""expiry"": ""2024-09-27"", ""option_type"": ""PE"", ""premium_points"": 355.0, ""qty"": -1, ""quantity_per_lot"": 1, ""raw_open"": 356.0, ""side"": ""SELL"", ""strike"": 84600.0}, {""expiry"": ""2024-09-27"", ""option_type"": ""CE"", ""premium_points"": 193.8, ""qty"": -1, ""quantity_per_lot"": 1, ""raw_open"": 194.8, ""side"": ""SELL"", ""strike"": 85500.0}]",3.0,EVALUATED,85571.85,476.94999999999413,35.236535679999996,9503.763464319883,True,,
development,2024-09-27,2024-09-24,Strip,medium,0.10236575660628883,0.4126984126984127,84884.95,84062.631363803,84615.05090801344,85528.04882384889,86101.9591127025,"{""atm"": 84900.0}",-1399.3,62.83096469541057,59.69711211554132,0.3876,1356.4489420196817,1394.269660775883,1394.269660775883,2000.0,27885.39321551766,1.0,3.0,True,eligible,1.0,62.67705159738527,26.12377748,"[{""expiry"": ""2024-09-27"", ""option_type"": ""CE"", ""premium_points"": 434.5, ""qty"": 1, ""quantity_per_lot"": 1, ""raw_open"": 433.5, ""side"": ""BUY"", ""strike"": 84900.0}, {""expiry"": ""2024-09-27"", ""option_type"": ""PE"", ""premium_points"": 482.4, ""qty"": 2, ""quantity_per_lot"": 2, ""raw_open"": 481.4, ""side"": ""BUY"", ""strike"": 84900.0}]",3.0,EVALUATED,85571.85,-727.4499999999941,42.920027480000144,-14591.920027479884,True,,
development,2024-09-27,2024-09-24,Batman,medium,0.10236575660628883,0.4126984126984127,84884.95,84062.631363803,84615.05090801344,85528.04882384889,86101.9591127025,"{""c65"": 85500.0, ""c80"": 86100.0, ""p20"": 84100.0, ""p35"": 84600.0}",24.69999999999999,-5.942184103444686,-9.755030861538966,0.7888,1842.9384586364447,3069.7333886145275,3069.7333886145275,2000.0,61394.66777229055,0.0,6.0,False,negative_net_ev,1.0,76.25693516188545,60.44210908,"[{""expiry"": ""2024-09-27"", ""option_type"": ""PE"", ""premium_points"": 357.0, ""qty"": 1, ""quantity_per_lot"": 1, ""raw_open"": 356.0, ""side"": ""BUY"", ""strike"": 84600.0}, {""expiry"": ""2024-09-27"", ""option_type"": ""PE"", ""premium_points"": 209.75, ""qty"": -2, ""quantity_per_lot"": 2, ""raw_open"": 210.75, ""side"": ""SELL"", ""strike"": 84100.0}, {""expiry"": ""2024-09-27"", ""option_type"": ""CE"", ""premium_points"": 195.8, ""qty"": 1, ""quantity_per_lot"": 1, ""raw_open"": 194.8, ""side"": ""BUY"", ""strike"": 85500.0}, {""expiry"": ""2024-09-27"", ""option_type"": ""CE"", ""premium_points"": 79.0, ""qty"": -2, ""quantity_per_lot"": 2, ""raw_open"": 80.0, ""side"": ""SELL"", ""strike"": 86100.0}]",0.0,STANDALONE_EVALUATED,85571.85,96.55000000000581,62.238359080000144,1868.761640920116,True,Batman_standalone,
development,2024-10-04,2024-09-30,Buy Put,medium,0.10585079488965284,0.4880952380952381,85184.88,84307.09722244013,84877.09592006805,85799.46352340688,86341.17751408092,"{""atm"": 85200.0}",-404.25,53.00854649469713,51.810518046578785,0.3224,405.44802844811835,405.44802844811835,405.44802844811835,2000.0,8108.960568962367,1.0,1.0,True,eligible,1.0,23.960568962367425,12.529105299999998,"[{""expiry"": ""2024-10-04"", ""option_type"": ""PE"", ""premium_points"": 404.25, ""qty"": 1, ""quantity_per_lot"": 1, ""raw_open"": 403.25, ""side"": ""BUY"", ""strike"": 85200.0}]",1.0,EVALUATED,81688.45,3107.300000000003,100.31785530000008,62045.682144700055,True,,
development,2024-10-04,2024-09-30,Put Ratio Spread,medium,0.10585079488965284,0.4880952380952381,85184.88,84307.09722244013,84877.09592006805,85799.46352340688,86341.17751408092,"{""atm"": 85200.0, ""p35"": 84900.0}",179.45000000000005,-33.53974049424027,-35.94659600835864,0.7722,2174.850779911952,3932.397808519335,3932.397808519335,2000.0,78647.9561703867,0.0,3.0,False,negative_net_ev,1.0,48.13711028236744,36.70564662000001,"[{""expiry"": ""2024-10-04"", ""option_type"": ""PE"", ""premium_points"": 404.25, ""qty"": 1, ""quantity_per_lot"": 1, ""raw_open"": 403.25, ""side"": ""BUY"", ""strike"": 85200.0}, {""expiry"": ""2024-10-04"", ""option_type"": ""PE"", ""premium_points"": 291.85, ""qty"": -2, ""quantity_per_lot"": 2, ""raw_open"": 292.85, ""side"": ""SELL"", ""strike"": 84900.0}]",4.0,EVALUATED,81688.45,-2732.100000000003,124.49439662000009,-54766.49439662006,True,,
development,2024-10-04,2024-09-30,Short Straddle,medium,0.10585079488965284,0.4880952380952381,85184.88,84307.09722244013,84877.09592006805,85799.46352340688,86341.17751408092,"{""atm"": 85200.0}",916.7,-102.58764302929471,-104.73951003529464,0.5494,2533.8446613917463,4012.6528305737593,4012.6528305737593,2000.0,80253.05661147519,0.0,2.0,False,negative_net_ev,1.0,43.037340119999996,43.037340119999996,"[{""expiry"": ""2024-10-04"", ""option_type"": ""CE"", ""premium_points"": 514.45, ""qty"": -1, ""quantity_per_lot"": 1, ""raw_open"": 515.45, ""side"": ""SELL"", ""strike"": 85200.0}, {""expiry"": ""2024-10-04"", ""option_type"": ""PE"", ""premium_points"": 402.25, ""qty"": -1, ""quantity_per_lot"": 1, ""raw_open"": 403.25, ""side"": ""SELL"", ""strike"": 85200.0}]",4.0,EVALUATED,81688.45,-2594.850000000003,43.037340119999996,-51940.037340120056,True,,
development,2024-10-04,2024-09-30,Short Strangle,medium,0.10585079488965284,0.4880952380952381,85184.88,84307.09722244013,84877.09592006805,85799.46352340688,86341.17751408092,"{""c65"": 85800.0, ""p35"": 84900.0}",532.0,-96.76775580247771,-98.51177156247772,0.583,2471.2253702982866,4010.453915001596,4010.453915001596,2000.0,80209.07830003192,0.0,2.0,False,negative_net_ev,1.0,34.8803152,34.8803152,"[{""expiry"": ""2024-10-04"", ""option_type"": ""PE"", ""premium_points"": 291.85, ""qty"": -1, ""quantity_per_lot"": 1, ""raw_open"": 292.85, ""side"": ""SELL"", ""strike"": 84900.0}, {""expiry"": ""2024-10-04"", ""option_type"": ""CE"", ""premium_points"": 240.15, ""qty"": -1, ""quantity_per_lot"": 1, ""raw_open"": 241.15, ""side"": ""SELL"", ""strike"": 85800.0}]",3.0,EVALUATED,81688.45,-2679.550000000003,34.8803152,-53625.880315200055,True,,
development,2024-10-04,2024-09-30,Strip,medium,0.10585079488965284,0.4880952380952381,85184.88,84307.09722244013,84877.09592006805,85799.46352340688,86341.17751408092,"{""atm"": 85200.0}",-1324.95,151.59618952399185,148.45102279608682,0.4196,1275.2231088880771,1318.2717676570264,1318.2717676570264,2000.0,26365.43535314053,1.0,3.0,True,eligible,1.0,62.9033345580998,25.989679820000003,"[{""expiry"": ""2024-10-04"", ""option_type"": ""CE"", ""premium_points"": 516.45, ""qty"": 1, ""quantity_per_lot"": 1, ""raw_open"": 515.45, ""side"": ""BUY"", ""strike"": 85200.0}, {""expiry"": ""2024-10-04"", ""option_type"": ""PE"", ""premium_points"": 404.25, ""qty"": 2, ""quantity_per_lot"": 2, ""raw_open"": 403.25, ""side"": ""BUY"", ""strike"": 85200.0}]",3.0,EVALUATED,81688.45,5698.150000000006,201.56717982000015,113761.43282018011,True,,
development,2024-10-04,2024-09-30,Batman,medium,0.10585079488965284,0.4880952380952381,85184.88,84307.09722244013,84877.09592006805,85799.46352340688,86341.17751408092,"{""c65"": 85800.0, ""c80"": 86300.0, ""p20"": 84300.0, ""p35"": 84900.0}",-15.700000000000045,-39.369580064812865,-43.11548789356598,0.48,1914.323535333774,3416.5157925270883,3416.5157925270883,2000.0,68330.31585054177,0.0,6.0,False,negative_net_ev,1.0,74.91815657506194,59.19896268,"[{""expiry"": ""2024-10-04"", ""option_type"": ""PE"", ""premium_points"": 293.85, ""qty"": 1, ""quantity_per_lot"": 1, ""raw_open"": 292.85, ""side"": ""BUY"", ""strike"": 84900.0}, {""expiry"": ""2024-10-04"", ""option_type"": ""PE"", ""premium_points"": 140.6, ""qty"": -2, ""quantity_per_lot"": 2, ""raw_open"": 141.6, ""side"": ""SELL"", ""strike"": 84300.0}, {""expiry"": ""2024-10-04"", ""option_type"": ""CE"", ""premium_points"": 242.15, ""qty"": 1, ""quantity_per_lot"": 1, ""raw_open"": 241.15, ""side"": ""BUY"", ""strike"": 85800.0}, {""expiry"": ""2024-10-04"", ""option_type"": ""CE"", ""premium_points"": 119.55, ""qty"": -2, ""quantity_per_lot"": 2, ""raw_open"": 120.55, ""side"": ""SELL"", ""strike"": 86300.0}]",0.0,STANDALONE_EVALUATED,81688.45,-2027.250000000003,139.48771268000007,-40684.48771268006,True,Batman_standalone,
development,2024-10-11,2024-10-08,Batman,high,0.14479872589623716,0.8015873015873016,81224.36,80364.3328867136,80905.05497937977,81764.86005799715,82325.50928464605,"{""c65"": 81800.0, ""c80"": 82300.0, ""p20"": 80400.0, ""p35"": 80900.0}",303.54999999999995,252.20605680674407,246.95206624363735,0.8514,1616.643547986819,2964.6095900027776,2964.6095900027776,2000.0,59292.19180005555,1.0,6.0,True,eligible,1.0,105.07981126213487,90.15230491999999,"[{""expiry"": ""2024-10-11"", ""option_type"": ""PE"", ""premium_points"": 511.85, ""qty"": 1, ""quantity_per_lot"": 1, ""raw_open"": 510.85, ""side"": ""BUY"", ""strike"": 80900.0}, {""expiry"": ""2024-10-11"", ""option_type"": ""PE"", ""premium_points"": 356.9, ""qty"": -2, ""quantity_per_lot"": 2, ""raw_open"": 357.9, ""side"": ""SELL"", ""strike"": 80400.0}, {""expiry"": ""2024-10-11"", ""option_type"": ""CE"", ""premium_points"": 448.1, ""qty"": 1, ""quantity_per_lot"": 1, ""raw_open"": 447.1, ""side"": ""BUY"", ""strike"": 81800.0}, {""expiry"": ""2024-10-11"", ""option_type"": ""CE"", ""premium_points"": 274.85, ""qty"": -2, ""quantity_per_lot"": 2, ""raw_open"": 275.85, ""side"": ""SELL"", ""strike"": 82300.0}]",2.0,EVALUATED,81381.36,303.54999999999995,90.15230491999999,5980.8476950799995,True,,
development,2024-10-11,2024-10-08,Long Synthetic Future,high,0.14479872589623716,0.8015873015873016,81224.36,80364.3328867136,80905.05497937977,81764.86005799715,82325.50928464605,"{""atm"": 81200.0}",-107.14999999999998,0.1360079983093121,-2.8955336917187755,0.5086,3018.239806998673,4591.993903461161,4591.993903461161,2000.0,91839.87806922321,0.0,2.0,False,negative_net_ev,1.0,60.63083380056136,47.014847079999996,"[{""expiry"": ""2024-10-11"", ""option_type"": ""CE"", ""premium_points"": 733.1, ""qty"": 1, ""quantity_per_lot"": 1, ""raw_open"": 732.1, ""side"": ""BUY"", ""strike"": 81200.0}, {""expiry"": ""2024-10-11"", ""option_type"": ""PE"", ""premium_points"": 625.95, ""qty"": -1, ""quantity_per_lot"": 1, ""raw_open"": 626.95, ""side"": ""SELL"", ""strike"": 81200.0}]",3.0,EVALUATED,81381.36,74.2100000000006,51.54884708000001,1432.651152920012,True,,
development,2024-10-11,2024-10-08,Risk Reversal,high,0.14479872589623716,0.8015873015873016,81224.36,80364.3328867136,80905.05497937977,81764.86005799715,82325.50928464605,"{""c65"": 81800.0, ""p35"": 80900.0}",61.75,23.193535803708414,20.772648729277748,0.6692,2548.729152383076,4122.483248845562,4122.483248845562,2000.0,82449.66497691124,1.0,2.0,True,eligible,1.0,48.41774148861379,41.43594412,"[{""expiry"": ""2024-10-11"", ""option_type"": ""CE"", ""premium_points"": 448.1, ""qty"": 1, ""quantity_per_lot"": 1, ""raw_open"": 447.1, ""side"": ""BUY"", ""strike"": 81800.0}, {""expiry"": ""2024-10-11"", ""option_type"": ""PE"", ""premium_points"": 509.85, ""qty"": -1, ""quantity_per_lot"": 1, ""raw_open"": 510.85, ""side"": ""SELL"", ""strike"": 80900.0}]",5.0,EVALUATED,81381.36,61.75,41.43594412,1193.56405588,True,,
development,2024-10-11,2024-10-08,Sell Put,high,0.14479872589623716,0.8015873015873016,81224.36,80364.3328867136,80905.05497937977,81764.86005799715,82325.50928464605,"{""atm"": 81200.0}",625.95,188.59653917585473,187.1397987298548,0.7452,2283.565005754645,3857.319102217133,3857.319102217133,2000.0,77146.38204434267,1.0,1.0,True,eligible,1.0,29.134808919999998,29.134808919999998,"[{""expiry"": ""2024-10-11"", ""option_type"": ""PE"", ""premium_points"": 625.95, ""qty"": -1, ""quantity_per_lot"": 1, ""raw_open"": 626.95, ""side"": ""SELL"", ""strike"": 81200.0}]",5.0,EVALUATED,81381.36,625.95,29.134808919999998,12489.86519108,True,,
development,2024-10-11,2024-10-08,Batman,high,0.14479872589623716,0.8015873015873016,81224.36,80364.3328867136,80905.05497937977,81764.86005799715,82325.50928464605,"{""c65"": 81800.0, ""c80"": 82300.0, ""p20"": 80400.0, ""p35"": 80900.0}",303.54999999999995,252.20605680674407,246.95206624363735,0.8514,1616.643547986819,2964.6095900027776,2964.6095900027776,2000.0,59292.19180005555,1.0,6.0,True,eligible,1.0,105.07981126213487,90.15230491999999,"[{""expiry"": ""2024-10-11"", ""option_type"": ""PE"", ""premium_points"": 511.85, ""qty"": 1, ""quantity_per_lot"": 1, ""raw_open"": 510.85, ""side"": ""BUY"", ""strike"": 80900.0}, {""expiry"": ""2024-10-11"", ""option_type"": ""PE"", ""premium_points"": 356.9, ""qty"": -2, ""quantity_per_lot"": 2, ""raw_open"": 357.9, ""side"": ""SELL"", ""strike"": 80400.0}, {""expiry"": ""2024-10-11"", ""option_type"": ""CE"", ""premium_points"": 448.1, ""qty"": 1, ""quantity_per_lot"": 1, ""raw_open"": 447.1, ""side"": ""BUY"", ""strike"": 81800.0}, {""expiry"": ""2024-10-11"", ""option_type"": ""CE"", ""premium_points"": 274.85, ""qty"": -2, ""quantity_per_lot"": 2, ""raw_open"": 275.85, ""side"": ""SELL"", ""strike"": 82300.0}]",2.0,EVALUATED,81381.36,303.54999999999995,90.15230491999999,5980.8476950799995,True,Batman_standalone,
development,2024-10-18,2024-10-15,Batman,high,0.13243998057799675,0.7420634920634921,82160.08,81291.9547696136,81837.31926670134,82733.197224007,83282.4315385564,"{""c65"": 82700.0, ""c80"": 83300.0, ""p20"": 81300.0, ""p35"": 81800.0}",-58.75,-65.54954027586582,-69.29608793985504,0.4452,1721.0010907677681,2827.62302422319,2827.62302422319,2000.0,56552.4604844638,0.0,6.0,False,negative_net_ev,1.0,74.93095327978445,59.80054052,"[{""expiry"": ""2024-10-18"", ""option_type"": ""PE"", ""premium_points"": 213.45, ""qty"": 1, ""quantity_per_lot"": 1, ""raw_open"": 212.45, ""side"": ""BUY"", ""strike"": 81800.0}, {""expiry"": ""2024-10-18"", ""option_type"": ""PE"", ""premium_points"": 104.1, ""qty"": -2, ""quantity_per_lot"": 2, ""raw_open"": 105.1, ""side"": ""SELL"", ""strike"": 81300.0}, {""expiry"": ""2024-10-18"", ""option_type"": ""CE"", ""premium_points"": 181.9, ""qty"": 1, ""quantity_per_lot"": 1, ""raw_open"": 180.9, ""side"": ""BUY"", ""strike"": 82700.0}, {""expiry"": ""2024-10-18"", ""option_type"": ""CE"", ""premium_points"": 64.2, ""qty"": -2, ""quantity_per_lot"": 2, ""raw_open"": 65.2, ""side"": ""SELL"", ""strike"": 83300.0}]",2.0,EVALUATED,81224.75,366.0,74.18179051999999,7245.81820948,True,,
development,2024-10-18,2024-10-15,Long Synthetic Future,high,0.13243998057799675,0.7420634920634921,82160.08,81291.9547696136,81837.31926670134,82733.197224007,83282.4315385564,"{""atm"": 82200.0}",-32.69999999999999,28.376040991430877,25.882334007657875,0.5136,2841.089272213592,4090.536631796453,4090.536631796453,2000.0,81810.73263592906,1.0,2.0,True,eligible,1.0,49.87413967545924,36.76541448,"[{""expiry"": ""2024-10-18"", ""option_type"": ""CE"", ""premium_points"": 391.0, ""qty"": 1, ""quantity_per_lot"": 1, ""raw_open"": 390.0, ""side"": ""BUY"", ""strike"": 82200.0}, {""expiry"": ""2024-10-18"", ""option_type"": ""PE"", ""premium_points"": 358.3, ""qty"": -1, ""quantity_per_lot"": 1, ""raw_open"": 359.3, ""side"": ""SELL"", ""strike"": 82200.0}]",3.0,EVALUATED,81224.75,-1007.95,36.76541448,-20195.76541448,True,,
development,2024-10-18,2024-10-15,Risk Reversal,high,0.13243998057799675,0.7420634920634921,82160.08,81291.9547696136,81837.31926670134,82733.197224007,83282.4315385564,"{""c65"": 82700.0, ""p35"": 81800.0}",29.549999999999983,32.15734332342084,30.229232536849064,0.6672,2378.273676016391,3627.7210355992515,3627.7210355992515,2000.0,72554.42071198503,1.0,2.0,True,eligible,1.0,38.56221573143499,30.96441756,"[{""expiry"": ""2024-10-18"", ""option_type"": ""CE"", ""premium_points"": 181.9, ""qty"": 1, ""quantity_per_lot"": 1, ""raw_open"": 180.9, ""side"": ""BUY"", ""strike"": 82700.0}, {""expiry"": ""2024-10-18"", ""option_type"": ""PE"", ""premium_points"": 211.45, ""qty"": -1, ""quantity_per_lot"": 1, ""raw_open"": 212.45, ""side"": ""SELL"", ""strike"": 81800.0}]",5.0,EVALUATED,81224.75,-545.7,30.96441756,-10944.96441756,True,,
development,2024-10-18,2024-10-15,Sell Put,high,0.13243998057799675,0.7420634920634921,82160.08,81291.9547696136,81837.31926670134,82733.197224007,83282.4315385564,"{""atm"": 82200.0}",358.3,-104.97296682693893,-106.05909767093895,0.6488,2448.681696073819,3698.1290556566796,3698.1290556566796,2000.0,73962.5811131336,0.0,1.0,False,negative_net_ev,1.0,21.72261688,21.72261688,"[{""expiry"": ""2024-10-18"", ""option_type"": ""PE"", ""premium_points"": 358.3, ""qty"": -1, ""quantity_per_lot"": 1, ""raw_open"": 359.3, ""side"": ""SELL"", ""strike"": 82200.0}]",5.0,EVALUATED,81224.75,-616.95,21.72261688,-12360.72261688,True,,
development,2024-10-18,2024-10-15,Batman,high,0.13243998057799675,0.7420634920634921,82160.08,81291.9547696136,81837.31926670134,82733.197224007,83282.4315385564,"{""c65"": 82700.0, ""c80"": 83300.0, ""p20"": 81300.0, ""p35"": 81800.0}",-58.75,-65.54954027586582,-69.29608793985504,0.4452,1721.0010907677681,2827.62302422319,2827.62302422319,2000.0,56552.4604844638,0.0,6.0,False,negative_net_ev,1.0,74.93095327978445,59.80054052,"[{""expiry"": ""2024-10-18"", ""option_type"": ""PE"", ""premium_points"": 213.45, ""qty"": 1, ""quantity_per_lot"": 1, ""raw_open"": 212.45, ""side"": ""BUY"", ""strike"": 81800.0}, {""expiry"": ""2024-10-18"", ""option_type"": ""PE"", ""premium_points"": 104.1, ""qty"": -2, ""quantity_per_lot"": 2, ""raw_open"": 105.1, ""side"": ""SELL"", ""strike"": 81300.0}, {""expiry"": ""2024-10-18"", ""option_type"": ""CE"", ""premium_points"": 181.9, ""qty"": 1, ""quantity_per_lot"": 1, ""raw_open"": 180.9, ""side"": ""BUY"", ""strike"": 82700.0}, {""expiry"": ""2024-10-18"", ""option_type"": ""CE"", ""premium_points"": 64.2, ""qty"": -2, ""quantity_per_lot"": 2, ""raw_open"": 65.2, ""side"": ""SELL"", ""strike"": 83300.0}]",2.0,EVALUATED,81224.75,366.0,74.18179051999999,7245.81820948,True,Batman_standalone,
development,2024-10-25,2024-10-22,Buy Put,medium,0.11703016821667454,0.6587301587301587,81305.97,80420.32675584313,80966.93304525624,81877.50306919565,82408.49124942394,"{""atm"": 81300.0}",-402.65,50.41983708587077,49.096528887513465,0.3266,403.9733081983573,403.9733081983573,403.9733081983573,2000.0,8079.466163967146,1.0,1.0,True,eligible,1.0,26.466163967146773,15.13941804,"[{""expiry"": ""2024-10-25"", ""option_type"": ""PE"", ""premium_points"": 402.65, ""qty"": 1, ""quantity_per_lot"": 1, ""raw_open"": 401.65, ""side"": ""BUY"", ""strike"": 81300.0}]",1.0,EVALUATED,79402.29,1495.0600000000063,62.58216804000016,29838.617831960128,True,,
development,2024-10-25,2024-10-22,Put Ratio Spread,medium,0.11703016821667454,0.6587301587301587,81305.97,80420.32675584313,80966.93304525624,81877.50306919565,82408.49124942394,"{""atm"": 81300.0, ""p35"": 81000.0}",146.05000000000007,-61.3425398452759,-64.01562195963322,0.7682,2126.3082639591953,3573.193751540393,3573.193751540393,2000.0,71463.87503080786,0.0,3.0,False,negative_net_ev,1.0,53.46164228714677,42.13489636,"[{""expiry"": ""2024-10-25"", ""option_type"": ""PE"", ""premium_points"": 402.65, ""qty"": 1, ""quantity_per_lot"": 1, ""raw_open"": 401.65, ""side"": ""BUY"", ""strike"": 81300.0}, {""expiry"": ""2024-10-25"", ""option_type"": ""PE"", ""premium_points"": 274.35, ""qty"": -2, ""quantity_per_lot"": 2, ""raw_open"": 275.35, ""side"": ""SELL"", ""strike"": 81000.0}]",4.0,EVALUATED,79402.29,-1151.6600000000062,89.57764636000016,-23122.777646360126,True,,
development,2024-10-25,2024-10-22,Short Straddle,medium,0.11703016821667454,0.6587301587301587,81305.97,80420.32675584313,80966.93304525624,81877.50306919565,82408.49124942394,"{""atm"": 81300.0}",820.15,-176.6962787684597,-179.01192407045974,0.5138,2544.0887907266338,3771.5097510493542,3771.5097510493542,2000.0,75430.19502098708,0.0,2.0,False,negative_net_ev,1.0,46.312906039999994,46.312906039999994,"[{""expiry"": ""2024-10-25"", ""option_type"": ""CE"", ""premium_points"": 419.5, ""qty"": -1, ""quantity_per_lot"": 1, ""raw_open"": 420.5, ""side"": ""SELL"", ""strike"": 81300.0}, {""expiry"": ""2024-10-25"", ""option_type"": ""PE"", ""premium_points"": 400.65, ""qty"": -1, ""quantity_per_lot"": 1, ""raw_open"": 401.65, ""side"": ""SELL"", ""strike"": 81300.0}]",4.0,EVALUATED,79402.29,-1077.5600000000063,46.312906039999994,-21597.512906040127,True,,
development,2024-10-25,2024-10-22,Short Strangle,medium,0.11703016821667454,0.6587301587301587,81305.97,80420.32675584313,80966.93304525624,81877.50306919565,82408.49124942394,"{""c65"": 81900.0, ""p35"": 81000.0}",460.6,-150.80545217993657,-152.62323578793655,0.5618,2458.7026522153633,3753.1776697420946,3753.1776697420946,2000.0,75063.55339484189,0.0,2.0,False,negative_net_ev,1.0,36.355672160000005,36.355672160000005,"[{""expiry"": ""2024-10-25"", ""option_type"": ""PE"", ""premium_points"": 274.35, ""qty"": -1, ""quantity_per_lot"": 1, ""raw_open"": 275.35, ""side"": ""SELL"", ""strike"": 81000.0}, {""expiry"": ""2024-10-25"", ""option_type"": ""CE"", ""premium_points"": 186.25, ""qty"": -1, ""quantity_per_lot"": 1, ""raw_open"": 187.25, ""side"": ""SELL"", ""strike"": 81900.0}]",3.0,EVALUATED,79402.29,-1137.1100000000065,36.355672160000005,-22778.555672160128,True,,
development,2024-10-25,2024-10-22,Strip,medium,0.11703016821667454,0.6587301587301587,81305.97,80420.32675584313,80966.93304525624,81877.50306919565,82408.49124942394,"{""atm"": 81300.0}",-1226.8,223.11611585433045,219.6149912855127,0.4368,1184.5044025695854,1221.3627085166354,1221.3627085166354,2000.0,24427.254170332708,1.0,3.0,True,eligible,1.0,70.02249137635826,33.774588480000006,"[{""expiry"": ""2024-10-25"", ""option_type"": ""CE"", ""premium_points"": 421.5, ""qty"": 1, ""quantity_per_lot"": 1, ""raw_open"": 420.5, ""side"": ""BUY"", ""strike"": 81300.0}, {""expiry"": ""2024-10-25"", ""option_type"": ""PE"", ""premium_points"": 402.65, ""qty"": 2, ""quantity_per_lot"": 2, ""raw_open"": 401.65, ""side"": ""BUY"", ""strike"": 81300.0}]",3.0,EVALUATED,79402.29,2568.6200000000126,128.66008848000033,51243.73991152026,True,,
development,2024-10-25,2024-10-22,Batman,medium,0.11703016821667454,0.6587301587301587,81305.97,80420.32675584313,80966.93304525624,81877.50306919565,82408.49124942394,"{""c65"": 81900.0, ""c80"": 82400.0, ""p20"": 80400.0, ""p35"": 81000.0}",-12.80000000000004,-31.937228376552653,-35.87974394377756,0.4826,1827.0930369121354,3078.612509351359,3078.612509351359,2000.0,61572.25018702718,0.0,6.0,False,negative_net_ev,1.0,78.85031134449841,63.56517504,"[{""expiry"": ""2024-10-25"", ""option_type"": ""PE"", ""premium_points"": 276.35, ""qty"": 1, ""quantity_per_lot"": 1, ""raw_open"": 275.35, ""side"": ""BUY"", ""strike"": 81000.0}, {""expiry"": ""2024-10-25"", ""option_type"": ""PE"", ""premium_points"": 134.2, ""qty"": -2, ""quantity_per_lot"": 2, ""raw_open"": 135.2, ""side"": ""SELL"", ""strike"": 80400.0}, {""expiry"": ""2024-10-25"", ""option_type"": ""CE"", ""premium_points"": 188.25, ""qty"": 1, ""quantity_per_lot"": 1, ""raw_open"": 187.25, ""side"": ""BUY"", ""strike"": 81900.0}, {""expiry"": ""2024-10-25"", ""option_type"": ""CE"", ""premium_points"": 91.7, ""qty"": -2, ""quantity_per_lot"": 2, ""raw_open"": 92.7, ""side"": ""SELL"", ""strike"": 82400.0}]",0.0,STANDALONE_EVALUATED,79402.29,-410.51000000000647,103.50792504000016,-8313.70792504013,True,Batman_standalone,
development,2024-11-08,2024-11-05,Buy Call,low,0.0936738465905811,0.19047619047619047,78696.42,77859.79176997724,78392.40272651355,79224.2394176546,79718.54719854124,"{""atm"": 78700.0}",-726.65,-220.06025292578065,-221.58481733162338,0.2832,728.1745644058427,728.1745644058427,728.1745644058427,2000.0,14563.491288116855,0.0,1.0,False,negative_net_ev,1.0,30.491288116855486,17.82654444,"[{""expiry"": ""2024-11-08"", ""option_type"": ""CE"", ""premium_points"": 726.65, ""qty"": 1, ""quantity_per_lot"": 1, ""raw_open"": 725.65, ""side"": ""BUY"", ""strike"": 78700.0}]",2.0,EVALUATED,79486.32,59.67000000000701,37.48454444000018,1155.91545556014,True,,
development,2024-11-08,2024-11-05,Long Synthetic Future,low,0.0936738465905811,0.19047619047619047,78696.42,77859.79176997724,78392.40272651355,79224.2394176546,79718.54719854124,"{""atm"": 78700.0}",-79.5,2.945444186924427,-0.06521588091833691,0.5114,2817.1340741838235,4297.61487243124,4297.61487243124,2000.0,85952.2974486248,0.0,2.0,False,negative_net_ev,1.0,60.213201356855485,47.54845768,"[{""expiry"": ""2024-11-08"", ""option_type"": ""CE"", ""premium_points"": 726.65, ""qty"": 1, ""quantity_per_lot"": 1, ""raw_open"": 725.65, ""side"": ""BUY"", ""strike"": 78700.0}, {""expiry"": ""2024-11-08"", ""option_type"": ""PE"", ""premium_points"": 647.15, ""qty"": -1, ""quantity_per_lot"": 1, ""raw_open"": 648.15, ""side"": ""SELL"", ""strike"": 78700.0}]",4.0,EVALUATED,79486.32,706.820000000007,67.20645768000017,14069.19354232014,True,,
development,2024-11-08,2024-11-05,Risk Reversal,low,0.0936738465905811,0.19047619047619047,78696.42,77859.79176997724,78392.40272651355,79224.2394176546,79718.54719854124,"{""c65"": 79200.0, ""p35"": 78400.0}",24.450000000000045,1.992065256670989,-0.4540345902403009,0.6554,2412.6195139628917,3893.1003122103093,3893.1003122103093,2000.0,77862.00624420619,0.0,2.0,False,negative_net_ev,1.0,48.92199693822625,41.919833319999995,"[{""expiry"": ""2024-11-08"", ""option_type"": ""CE"", ""premium_points"": 490.25, ""qty"": 1, ""quantity_per_lot"": 1, ""raw_open"": 489.25, ""side"": ""BUY"", ""strike"": 79200.0}, {""expiry"": ""2024-11-08"", ""option_type"": ""PE"", ""premium_points"": 514.7, ""qty"": -1, ""quantity_per_lot"": 1, ""raw_open"": 515.7, ""side"": ""SELL"", ""strike"": 78400.0}]",9.0,EVALUATED,79486.32,310.77000000000703,49.07783332000017,6166.32216668014,True,,
development,2024-11-08,2024-11-05,Batman,low,0.0936738465905811,0.19047619047619047,78696.42,77859.79176997724,78392.40272651355,79224.2394176546,79718.54719854124,"{""c65"": 79200.0, ""c80"": 79700.0, ""p20"": 77900.0, ""p35"": 78400.0}",304.15,271.6487308292249,266.3274260749732,0.8596,1467.5465107945993,2739.6166743179783,2739.6166743179783,2000.0,54792.33348635957,0.0,6.0,False,no_risk_sized_lot,1.0,106.42609508503573,91.86031947999999,"[{""expiry"": ""2024-11-08"", ""option_type"": ""PE"", ""premium_points"": 516.7, ""qty"": 1, ""quantity_per_lot"": 1, ""raw_open"": 515.7, ""side"": ""BUY"", ""strike"": 78400.0}, {""expiry"": ""2024-11-08"", ""option_type"": ""PE"", ""premium_points"": 349.0, ""qty"": -2, ""quantity_per_lot"": 2, ""raw_open"": 350.0, ""side"": ""SELL"", ""strike"": 77900.0}, {""expiry"": ""2024-11-08"", ""option_type"": ""CE"", ""premium_points"": 490.25, ""qty"": 1, ""quantity_per_lot"": 1, ""raw_open"": 489.25, ""side"": ""BUY"", ""strike"": 79200.0}, {""expiry"": ""2024-11-08"", ""option_type"": ""CE"", ""premium_points"": 306.55, ""qty"": -2, ""quantity_per_lot"": 2, ""raw_open"": 307.55, ""side"": ""SELL"", ""strike"": 79700.0}]",0.0,STANDALONE_EVALUATED,79486.32,590.470000000007,99.01831948000016,11710.38168052014,True,Batman_standalone,
development,2024-11-14,2024-11-11,Buy Put,medium,0.11053508325119604,0.5158730158730159,79304.49,78469.44922901355,79006.00567267761,79855.5928476777,80372.59121179894,"{""atm"": 79300.0}",-433.5,-11.472001948002498,-12.769300725567494,0.3062,434.7972987775651,434.7972987775651,434.7972987775651,2000.0,8695.945975551302,0.0,1.0,False,negative_net_ev,1.0,25.945975551299938,15.3952756,"[{""expiry"": ""2024-11-14"", ""option_type"": ""PE"", ""premium_points"": 433.5, ""qty"": 1, ""quantity_per_lot"": 1, ""raw_open"": 432.5, ""side"": ""BUY"", ""strike"": 79300.0}]",1.0,EVALUATED,77580.31,1286.1900000000023,58.38752560000006,25665.412474400047,True,,
development,2024-11-14,2024-11-11,Put Ratio Spread,medium,0.11053508325119604,0.5158730158730159,79304.49,78469.44922901355,79006.00567267761,79855.5928476777,80372.59121179894,"{""atm"": 79300.0, ""p35"": 79000.0}",181.20000000000005,-0.7659501196842102,-3.5044116932491933,0.7886,1950.9803415773579,3436.4139452586364,3436.4139452586364,2000.0,68728.27890517273,0.0,3.0,False,negative_net_ev,1.0,54.76923147129993,44.21853151999999,"[{""expiry"": ""2024-11-14"", ""option_type"": ""PE"", ""premium_points"": 433.5, ""qty"": 1, ""quantity_per_lot"": 1, ""raw_open"": 432.5, ""side"": ""BUY"", ""strike"": 79300.0}, {""expiry"": ""2024-11-14"", ""option_type"": ""PE"", ""premium_points"": 307.35, ""qty"": -2, ""quantity_per_lot"": 2, ""raw_open"": 308.35, ""side"": ""SELL"", ""strike"": 79000.0}]",4.0,EVALUATED,77580.31,-938.4900000000023,87.21078152000005,-18857.010781520046,True,,
development,2024-11-14,2024-11-11,Short Straddle,medium,0.11053508325119604,0.5158730158730159,79304.49,78469.44922901355,79006.00567267761,79855.5928476777,80372.59121179894,"{""atm"": 79300.0}",880.5,-74.0702665616542,-76.46947730165415,0.5636,2355.1265882198486,3558.3910253214226,3558.3910253214226,2000.0,71167.82050642846,0.0,2.0,False,negative_net_ev,1.0,47.9842148,47.9842148,"[{""expiry"": ""2024-11-14"", ""option_type"": ""CE"", ""premium_points"": 449.0, ""qty"": -1, ""quantity_per_lot"": 1, ""raw_open"": 450.0, ""side"": ""SELL"", ""strike"": 79300.0}, {""expiry"": ""2024-11-14"", ""option_type"": ""PE"", ""premium_points"": 431.5, ""qty"": -1, ""quantity_per_lot"": 1, ""raw_open"": 432.5, ""side"": ""SELL"", ""strike"": 79300.0}]",4.0,EVALUATED,77580.31,-839.1900000000023,47.9842148,-16831.784214800045,True,,
development,2024-11-14,2024-11-11,Short Strangle,medium,0.11053508325119604,0.5158730158730159,79304.49,78469.44922901355,79006.00567267761,79855.5928476777,80372.59121179894,"{""c65"": 79900.0, ""p35"": 79000.0}",514.8,-56.13364239157426,-58.02647565557433,0.6042,2274.5603837424355,3533.6129187558754,3533.6129187558754,2000.0,70672.25837511751,0.0,2.0,False,negative_net_ev,1.0,37.85666528,37.85666528,"[{""expiry"": ""2024-11-14"", ""option_type"": ""PE"", ""premium_points"": 307.35, ""qty"": -1, ""quantity_per_lot"": 1, ""raw_open"": 308.35, ""side"": ""SELL"", ""strike"": 79000.0}, {""expiry"": ""2024-11-14"", ""option_type"": ""CE"", ""premium_points"": 207.45, ""qty"": -1, ""quantity_per_lot"": 1, ""raw_open"": 208.45, ""side"": ""SELL"", ""strike"": 79900.0}]",3.0,EVALUATED,77580.31,-904.8900000000024,37.85666528,-18135.656665280047,True,,
development,2024-11-14,2024-11-11,Strip,medium,0.11053508325119604,0.5158730158730159,79304.49,78469.44922901355,79006.00567267761,79855.5928476777,80372.59121179894,"{""atm"": 79300.0}",-1318.0,58.59826461365169,55.15096854288459,0.3916,1274.46175274248,1313.4353788184258,1313.4353788184258,2000.0,26268.707576368513,1.0,3.0,True,eligible,1.0,68.9459214153413,34.5309648,"[{""expiry"": ""2024-11-14"", ""option_type"": ""CE"", ""premium_points"": 451.0, ""qty"": 1, ""quantity_per_lot"": 1, ""raw_open"": 450.0, ""side"": ""BUY"", ""strike"": 79300.0}, {""expiry"": ""2024-11-14"", ""option_type"": ""PE"", ""premium_points"": 433.5, ""qty"": 2, ""quantity_per_lot"": 2, ""raw_open"": 432.5, ""side"": ""BUY"", ""strike"": 79300.0}]",3.0,EVALUATED,77580.31,2121.3800000000047,120.51546480000013,42307.08453520009,True,,
development,2024-11-14,2024-11-11,Batman,medium,0.11053508325119604,0.5158730158730159,79304.49,78469.44922901355,79006.00567267761,79855.5928476777,80372.59121179894,"{""c65"": 79900.0, ""c80"": 80400.0, ""p20"": 78500.0, ""p35"": 79000.0}",12.899999999999977,-25.510882792264233,-29.535920185253712,0.79,1778.5925878714254,3037.6451228848655,3037.6451228848655,2000.0,60752.90245769731,0.0,6.0,False,negative_net_ev,1.0,80.50074785978936,66.2274068,"[{""expiry"": ""2024-11-14"", ""option_type"": ""PE"", ""premium_points"": 309.35, ""qty"": 1, ""quantity_per_lot"": 1, ""raw_open"": 308.35, ""side"": ""BUY"", ""strike"": 79000.0}, {""expiry"": ""2024-11-14"", ""option_type"": ""PE"", ""premium_points"": 165.75, ""qty"": -2, ""quantity_per_lot"": 2, ""raw_open"": 166.75, ""side"": ""SELL"", ""strike"": 78500.0}, {""expiry"": ""2024-11-14"", ""option_type"": ""CE"", ""premium_points"": 209.45, ""qty"": 1, ""quantity_per_lot"": 1, ""raw_open"": 208.45, ""side"": ""BUY"", ""strike"": 79900.0}, {""expiry"": ""2024-11-14"", ""option_type"": ""CE"", ""premium_points"": 100.1, ""qty"": -2, ""quantity_per_lot"": 2, ""raw_open"": 101.1, ""side"": ""SELL"", ""strike"": 80400.0}]",0.0,STANDALONE_EVALUATED,77580.31,-406.79000000000235,101.71965680000005,-8237.519656800047,True,Batman_standalone,
development,2024-11-22,2024-11-18,Buy Put,medium,0.11605951306356825,0.6190476190476191,77376.63,76564.58708333495,77106.90929973398,77926.08040498804,78400.7928007509,"{""atm"": 77400.0}",-533.2,-107.13827818956064,-108.48196271782366,0.274,534.543684528263,534.543684528263,534.543684528263,2000.0,10690.87369056526,0.0,1.0,False,negative_net_ev,1.0,26.873690565260986,16.22214752,"[{""expiry"": ""2024-11-22"", ""option_type"": ""PE"", ""premium_points"": 533.2, ""qty"": 1, ""quantity_per_lot"": 1, ""raw_open"": 532.2, ""side"": ""BUY"", ""strike"": 77400.0}]",1.0,EVALUATED,79117.11,-533.2,16.22214752,-10680.22214752,True,,
development,2024-11-22,2024-11-18,Put Ratio Spread,medium,0.11605951306356825,0.6190476190476191,77376.63,76564.58708333495,77106.90929973398,77926.08040498804,78400.7928007509,"{""atm"": 77400.0, ""p35"": 77100.0}",277.9,92.67730617987692,89.62050770361384,0.8082,1865.3444069739478,3250.7454142528204,3250.7454142528204,2000.0,65014.90828505641,1.0,3.0,True,eligible,1.0,61.13596952526098,50.484426479999996,"[{""expiry"": ""2024-11-22"", ""option_type"": ""PE"", ""premium_points"": 533.2, ""qty"": 1, ""quantity_per_lot"": 1, ""raw_open"": 532.2, ""side"": ""BUY"", ""strike"": 77400.0}, {""expiry"": ""2024-11-22"", ""option_type"": ""PE"", ""premium_points"": 405.55, ""qty"": -2, ""quantity_per_lot"": 2, ""raw_open"": 406.55, ""side"": ""SELL"", ""strike"": 77100.0}]",4.0,EVALUATED,79117.11,277.9,50.484426479999996,5507.51557352,True,,
development,2024-11-22,2024-11-18,Short Straddle,medium,0.11605951306356825,0.6190476190476191,77376.63,76564.58708333495,77106.90929973398,77926.08040498804,78400.7928007509,"{""atm"": 77400.0}",1051.5,129.13268021160573,126.49668919160575,0.6584,2077.1731036484407,3280.2463719014813,3280.2463719014813,2000.0,65604.92743802963,1.0,2.0,True,eligible,1.0,52.719820399999996,52.719820399999996,"[{""expiry"": ""2024-11-22"", ""option_type"": ""CE"", ""premium_points"": 520.3, ""qty"": -1, ""quantity_per_lot"": 1, ""raw_open"": 521.3, ""side"": ""SELL"", ""strike"": 77400.0}, {""expiry"": ""2024-11-22"", ""option_type"": ""PE"", ""premium_points"": 531.2, ""qty"": -1, ""quantity_per_lot"": 1, ""raw_open"": 532.2, ""side"": ""SELL"", ""strike"": 77400.0}]",4.0,EVALUATED,79117.11,-665.6100000000006,52.719820399999996,-13364.919820400011,True,,
development,2024-11-22,2024-11-18,Short Strangle,medium,0.11605951306356825,0.6190476190476191,77376.63,76564.58708333495,77106.90929973398,77926.08040498804,78400.7928007509,"{""c65"": 77900.0, ""p35"": 77100.0}",706.95,130.38273872654216,128.22383920054216,0.6844,2034.9897409787295,3268.940373270352,3268.940373270352,2000.0,65378.807465407044,1.0,2.0,True,eligible,1.0,43.17799052,43.17799052,"[{""expiry"": ""2024-11-22"", ""option_type"": ""PE"", ""premium_points"": 405.55, ""qty"": -1, ""quantity_per_lot"": 1, ""raw_open"": 406.55, ""side"": ""SELL"", ""strike"": 77100.0}, {""expiry"": ""2024-11-22"", ""option_type"": ""CE"", ""premium_points"": 301.4, ""qty"": -1, ""quantity_per_lot"": 1, ""raw_open"": 302.4, ""side"": ""SELL"", ""strike"": 77900.0}]",3.0,EVALUATED,79117.11,-510.16000000000054,43.17799052,-10246.377990520012,True,,
development,2024-11-22,2024-11-18,Strip,medium,0.11605951306356825,0.6190476190476191,77376.63,76564.58708333495,77106.90929973398,77926.08040498804,78400.7928007509,"{""atm"": 77400.0}",-1588.7,-240.27095840116638,-243.7952968191649,0.295,1546.476202043111,1582.0165186960733,1582.0165186960733,2000.0,31640.330373921464,0.0,3.0,False,negative_net_ev,1.0,70.48676835997084,36.776042319999995,"[{""expiry"": ""2024-11-22"", ""option_type"": ""CE"", ""premium_points"": 522.3, ""qty"": 1, ""quantity_per_lot"": 1, ""raw_open"": 521.3, ""side"": ""BUY"", ""strike"": 77400.0}, {""expiry"": ""2024-11-22"", ""option_type"": ""PE"", ""premium_points"": 533.2, ""qty"": 2, ""quantity_per_lot"": 2, ""raw_open"": 532.2, ""side"": ""BUY"", ""strike"": 77400.0}]",3.0,EVALUATED,79117.11,128.41000000000054,79.70379232000002,2488.4962076800107,True,,
development,2024-11-22,2024-11-18,Batman,medium,0.11605951306356825,0.6190476190476191,77376.63,76564.58708333495,77106.90929973398,77926.08040498804,78400.7928007509,"{""c65"": 77900.0, ""c80"": 78400.0, ""p20"": 76600.0, ""p35"": 77100.0}",117.35000000000002,88.31115636080575,83.78870009421397,0.8144,1626.9532977193214,2860.903930010943,2860.903930010943,2000.0,57218.07860021886,0.0,6.0,False,no_risk_sized_lot,1.0,90.44912533183646,76.03494380000001,"[{""expiry"": ""2024-11-22"", ""option_type"": ""PE"", ""premium_points"": 407.55, ""qty"": 1, ""quantity_per_lot"": 1, ""raw_open"": 406.55, ""side"": ""BUY"", ""strike"": 77100.0}, {""expiry"": ""2024-11-22"", ""option_type"": ""PE"", ""premium_points"": 249.85, ""qty"": -2, ""quantity_per_lot"": 2, ""raw_open"": 250.85, ""side"": ""SELL"", ""strike"": 76600.0}, {""expiry"": ""2024-11-22"", ""option_type"": ""CE"", ""premium_points"": 303.4, ""qty"": 1, ""quantity_per_lot"": 1, ""raw_open"": 302.4, ""side"": ""BUY"", ""strike"": 77900.0}, {""expiry"": ""2024-11-22"", ""option_type"": ""CE"", ""premium_points"": 164.3, ""qty"": -2, ""quantity_per_lot"": 2, ""raw_open"": 165.3, ""side"": ""SELL"", ""strike"": 78400.0}]",0.0,STANDALONE_EVALUATED,79117.11,-99.76000000000056,106.46269380000003,-2101.6626938000113,True,Batman_standalone,
development,2024-11-29,2024-11-26,Batman,high,0.1544924897093339,0.8650793650793651,80362.52,79518.23311052355,80041.90809311415,80937.17160324272,81493.41808251315,"{""c65"": 80900.0, ""c80"": 81500.0, ""p20"": 79500.0, ""p35"": 80000.0}",57.099999999999966,51.77194807961403,47.41546410086712,0.8144,1684.1235597348516,2875.2347640145717,2875.2347640145717,2000.0,57504.69528029143,1.0,6.0,True,eligible,1.0,87.12967957493868,72.18737944,"[{""expiry"": ""2024-11-29"", ""option_type"": ""PE"", ""premium_points"": 383.55, ""qty"": 1, ""quantity_per_lot"": 1, ""raw_open"": 382.55, ""side"": ""BUY"", ""strike"": 80000.0}, {""expiry"": ""2024-11-29"", ""option_type"": ""PE"", ""premium_points"": 231.0, ""qty"": -2, ""quantity_per_lot"": 2, ""raw_open"": 232.0, ""side"": ""SELL"", ""strike"": 79500.0}, {""expiry"": ""2024-11-29"", ""option_type"": ""CE"", ""premium_points"": 266.85, ""qty"": 1, ""quantity_per_lot"": 1, ""raw_open"": 265.85, ""side"": ""BUY"", ""strike"": 80900.0}, {""expiry"": ""2024-11-29"", ""option_type"": ""CE"", ""premium_points"": 122.75, ""qty"": -2, ""quantity_per_lot"": 2, ""raw_open"": 123.75, ""side"": ""SELL"", ""strike"": 81500.0}]",2.0,EVALUATED,79802.79,254.31000000000637,77.11762944000016,5009.082370560127,True,,
development,2024-11-29,2024-11-26,Long Synthetic Future,high,0.1544924897093339,0.8650793650793651,80362.52,79518.23311052355,80041.90809311415,80937.17160324272,81493.41808251315,"{""atm"": 80400.0}",90.55000000000001,173.54216548203152,170.73830052663874,0.5624,2714.5437077665983,4164.043722273176,4164.043722273176,2000.0,83280.87444546353,1.0,2.0,True,eligible,1.0,56.07729910785531,42.78592332,"[{""expiry"": ""2024-11-29"", ""option_type"": ""CE"", ""premium_points"": 463.45, ""qty"": 1, ""quantity_per_lot"": 1, ""raw_open"": 462.45, ""side"": ""BUY"", ""strike"": 80400.0}, {""expiry"": ""2024-11-29"", ""option_type"": ""PE"", ""premium_points"": 554.0, ""qty"": -1, ""quantity_per_lot"": 1, ""raw_open"": 555.0, ""side"": ""SELL"", ""strike"": 80400.0}]",3.0,EVALUATED,79802.79,-506.6600000000064,42.78592332,-10175.985923320128,True,,
development,2024-11-29,2024-11-26,Risk Reversal,high,0.1544924897093339,0.8650793650793651,80362.52,79518.23311052355,80041.90809311415,80937.17160324272,81493.41808251315,"{""c65"": 80900.0, ""p35"": 80000.0}",114.69999999999999,135.6413955268311,133.43576763925338,0.7008,2289.795470698783,3739.2954852053617,3739.2954852053617,2000.0,74785.90970410724,1.0,2.0,True,eligible,1.0,44.112557751554725,36.37964024,"[{""expiry"": ""2024-11-29"", ""option_type"": ""CE"", ""premium_points"": 266.85, ""qty"": 1, ""quantity_per_lot"": 1, ""raw_open"": 265.85, ""side"": ""BUY"", ""strike"": 80900.0}, {""expiry"": ""2024-11-29"", ""option_type"": ""PE"", ""premium_points"": 381.55, ""qty"": -1, ""quantity_per_lot"": 1, ""raw_open"": 382.55, ""side"": ""SELL"", ""strike"": 80000.0}]",5.0,EVALUATED,79802.79,-82.51000000000641,36.37964024,-1686.5796402401284,True,,
development,2024-11-29,2024-11-26,Sell Put,high,0.1544924897093339,0.8650793650793651,80362.52,79518.23311052355,80041.90809311415,80937.17160324272,81493.41808251315,"{""atm"": 80400.0}",554.0,105.33713396781923,103.9800212478192,0.7132,2249.646955531206,3699.146970037784,3699.146970037784,2000.0,73982.93940075568,1.0,1.0,True,eligible,1.0,27.1422544,27.1422544,"[{""expiry"": ""2024-11-29"", ""option_type"": ""PE"", ""premium_points"": 554.0, ""qty"": -1, ""quantity_per_lot"": 1, ""raw_open"": 555.0, ""side"": ""SELL"", ""strike"": 80400.0}]",5.0,EVALUATED,79802.79,-43.2100000000064,27.1422544,-891.342254400128,True,,
development,2024-11-29,2024-11-26,Batman,high,0.1544924897093339,0.8650793650793651,80362.52,79518.23311052355,80041.90809311415,80937.17160324272,81493.41808251315,"{""c65"": 80900.0, ""c80"": 81500.0, ""p20"": 79500.0, ""p35"": 80000.0}",57.099999999999966,51.77194807961403,47.41546410086712,0.8144,1684.1235597348516,2875.2347640145717,2875.2347640145717,2000.0,57504.69528029143,1.0,6.0,True,eligible,1.0,87.12967957493868,72.18737944,"[{""expiry"": ""2024-11-29"", ""option_type"": ""PE"", ""premium_points"": 383.55, ""qty"": 1, ""quantity_per_lot"": 1, ""raw_open"": 382.55, ""side"": ""BUY"", ""strike"": 80000.0}, {""expiry"": ""2024-11-29"", ""option_type"": ""PE"", ""premium_points"": 231.0, ""qty"": -2, ""quantity_per_lot"": 2, ""raw_open"": 232.0, ""side"": ""SELL"", ""strike"": 79500.0}, {""expiry"": ""2024-11-29"", ""option_type"": ""CE"", ""premium_points"": 266.85, ""qty"": 1, ""quantity_per_lot"": 1, ""raw_open"": 265.85, ""side"": ""BUY"", ""strike"": 80900.0}, {""expiry"": ""2024-11-29"", ""option_type"": ""CE"", ""premium_points"": 122.75, ""qty"": -2, ""quantity_per_lot"": 2, ""raw_open"": 123.75, ""side"": ""SELL"", ""strike"": 81500.0}]",2.0,EVALUATED,79802.79,254.31000000000637,77.11762944000016,5009.082370560127,True,Batman_standalone,
development,2024-12-06,2024-12-03,Batman,high,0.15982821729843882,0.9166666666666666,80298.92,79419.1470662015,79978.23809916794,80852.1134471757,81412.83717582394,"{""c65"": 80900.0, ""c80"": 81400.0, ""p20"": 79400.0, ""p35"": 80000.0}",167.25,157.84529921492603,152.956443571404,0.8424,1624.909807171133,2981.9226115438187,2981.9226115438187,2000.0,59638.45223087637,1.0,6.0,True,eligible,1.0,97.77711287044053,82.7357626,"[{""expiry"": ""2024-12-06"", ""option_type"": ""PE"", ""premium_points"": 477.75, ""qty"": 1, ""quantity_per_lot"": 1, ""raw_open"": 476.75, ""side"": ""BUY"", ""strike"": 80000.0}, {""expiry"": ""2024-12-06"", ""option_type"": ""PE"", ""premium_points"": 296.05, ""qty"": -2, ""quantity_per_lot"": 2, ""raw_open"": 297.05, ""side"": ""SELL"", ""strike"": 79400.0}, {""expiry"": ""2024-12-06"", ""option_type"": ""CE"", ""premium_points"": 381.0, ""qty"": 1, ""quantity_per_lot"": 1, ""raw_open"": 380.0, ""side"": ""BUY"", ""strike"": 80900.0}, {""expiry"": ""2024-12-06"", ""option_type"": ""CE"", ""premium_points"": 216.95, ""qty"": -2, ""quantity_per_lot"": 2, ""raw_open"": 217.95, ""side"": ""SELL"", ""strike"": 81400.0}]",2.0,EVALUATED,81709.12,358.13000000000466,102.96376259999988,7059.636237400093,True,,
development,2024-12-06,2024-12-03,Long Synthetic Future,high,0.15982821729843882,0.9166666666666666,80298.92,79419.1470662015,79978.23809916794,80852.1134471757,81412.83717582394,"{""atm"": 80300.0}",-68.85000000000002,23.4296266107484,20.477066917450575,0.5222,2948.3858075205144,4524.392169892168,4524.392169892168,2000.0,90487.84339784336,1.0,2.0,True,eligible,1.0,59.051193865956975,45.56720412,"[{""expiry"": ""2024-12-06"", ""option_type"": ""CE"", ""premium_points"": 663.4, ""qty"": 1, ""quantity_per_lot"": 1, ""raw_open"": 662.4, ""side"": ""BUY"", ""strike"": 80300.0}, {""expiry"": ""2024-12-06"", ""option_type"": ""PE"", ""premium_points"": 594.55, ""qty"": -1, ""quantity_per_lot"": 1, ""raw_open"": 595.55, ""side"": ""SELL"", ""strike"": 80300.0}]",3.0,EVALUATED,81709.12,1340.2699999999954,80.79520411999988,26724.604795879906,True,,
development,2024-12-06,2024-12-03,Risk Reversal,high,0.15982821729843882,0.9166666666666666,80298.92,79419.1470662015,79978.23809916794,80852.1134471757,81412.83717582394,"{""c65"": 80900.0, ""p35"": 80000.0}",94.75,43.969097084536145,41.62804680209728,0.6728,2484.1742981096563,4060.1806604813087,4060.1806604813087,2000.0,81203.61320962617,1.0,2.0,True,eligible,1.0,46.821005648776975,39.9350918,"[{""expiry"": ""2024-12-06"", ""option_type"": ""CE"", ""premium_points"": 381.0, ""qty"": 1, ""quantity_per_lot"": 1, ""raw_open"": 380.0, ""side"": ""BUY"", ""strike"": 80900.0}, {""expiry"": ""2024-12-06"", ""option_type"": ""PE"", ""premium_points"": 475.75, ""qty"": -1, ""quantity_per_lot"": 1, ""raw_open"": 476.75, ""side"": ""SELL"", ""strike"": 80000.0}]",5.0,EVALUATED,81709.12,903.8699999999953,60.16309179999989,18017.236908199906,True,,
development,2024-12-06,2024-12-03,Sell Put,high,0.15982821729843882,0.9166666666666666,80298.92,79419.1470662015,79978.23809916794,80852.1134471757,81412.83717582394,"{""atm"": 80300.0}",594.55,147.47003677246957,146.05677527846947,0.729,2283.4465093212166,3859.4528716928685,3859.4528716928685,2000.0,77189.05743385736,1.0,1.0,True,eligible,1.0,28.26522988,28.26522988,"[{""expiry"": ""2024-12-06"", ""option_type"": ""PE"", ""premium_points"": 594.55, ""qty"": -1, ""quantity_per_lot"": 1, ""raw_open"": 595.55, ""side"": ""SELL"", ""strike"": 80300.0}]",5.0,EVALUATED,81709.12,594.55,28.26522988,11862.73477012,True,,
development,2024-12-06,2024-12-03,Batman,high,0.15982821729843882,0.9166666666666666,80298.92,79419.1470662015,79978.23809916794,80852.1134471757,81412.83717582394,"{""c65"": 80900.0, ""c80"": 81400.0, ""p20"": 79400.0, ""p35"": 80000.0}",167.25,157.84529921492603,152.956443571404,0.8424,1624.909807171133,2981.9226115438187,2981.9226115438187,2000.0,59638.45223087637,1.0,6.0,True,eligible,1.0,97.77711287044053,82.7357626,"[{""expiry"": ""2024-12-06"", ""option_type"": ""PE"", ""premium_points"": 477.75, ""qty"": 1, ""quantity_per_lot"": 1, ""raw_open"": 476.75, ""side"": ""BUY"", ""strike"": 80000.0}, {""expiry"": ""2024-12-06"", ""option_type"": ""PE"", ""premium_points"": 296.05, ""qty"": -2, ""quantity_per_lot"": 2, ""raw_open"": 297.05, ""side"": ""SELL"", ""strike"": 79400.0}, {""expiry"": ""2024-12-06"", ""option_type"": ""CE"", ""premium_points"": 381.0, ""qty"": 1, ""quantity_per_lot"": 1, ""raw_open"": 380.0, ""side"": ""BUY"", ""strike"": 80900.0}, {""expiry"": ""2024-12-06"", ""option_type"": ""CE"", ""premium_points"": 216.95, ""qty"": -2, ""quantity_per_lot"": 2, ""raw_open"": 217.95, ""side"": ""SELL"", ""strike"": 81400.0}]",2.0,EVALUATED,81709.12,358.13000000000466,102.96376259999988,7059.636237400093,True,Batman_standalone,
development,2024-12-13,2024-12-10,Batman,high,0.1453019037897224,0.75,81424.3,80575.213314151,81115.43493564586,81980.56786512426,82504.39952969059,"{""c65"": 82000.0, ""c80"": 82500.0, ""p20"": 80600.0, ""p35"": 81100.0}",89.30000000000001,35.47000473226009,31.02772955827724,0.8056,1893.160794614249,3351.54491761913,3351.54491761913,2000.0,67030.8983523826,1.0,6.0,True,eligible,1.0,88.84550347965683,73.91761512,"[{""expiry"": ""2024-12-13"", ""option_type"": ""PE"", ""premium_points"": 357.75, ""qty"": 1, ""quantity_per_lot"": 1, ""raw_open"": 356.75, ""side"": ""BUY"", ""strike"": 81100.0}, {""expiry"": ""2024-12-13"", ""option_type"": ""PE"", ""premium_points"": 201.6, ""qty"": -2, ""quantity_per_lot"": 2, ""raw_open"": 202.6, ""side"": ""SELL"", ""strike"": 80600.0}, {""expiry"": ""2024-12-13"", ""option_type"": ""CE"", ""premium_points"": 315.95, ""qty"": 1, ""quantity_per_lot"": 1, ""raw_open"": 314.95, ""side"": ""BUY"", ""strike"": 82000.0}, {""expiry"": ""2024-12-13"", ""option_type"": ""CE"", ""premium_points"": 179.9, ""qty"": -2, ""quantity_per_lot"": 2, ""raw_open"": 180.9, ""side"": ""SELL"", ""strike"": 82500.0}]",2.0,EVALUATED,82133.12,222.41999999999535,77.24561511999988,4371.154384879907,True,,
development,2024-12-13,2024-12-10,Long Synthetic Future,high,0.1453019037897224,0.75,81424.3,80575.213314151,81115.43493564586,81980.56786512426,82504.39952969059,"{""atm"": 81400.0}",-86.44999999999999,27.049471896174783,24.28253083420887,0.5196,3039.3161863125733,4723.1942626965165,4723.1942626965165,2000.0,94463.88525393033,1.0,2.0,True,eligible,1.0,55.33882123931747,41.61602876,"[{""expiry"": ""2024-12-13"", ""option_type"": ""CE"", ""premium_points"": 567.15, ""qty"": 1, ""quantity_per_lot"": 1, ""raw_open"": 566.15, ""side"": ""BUY"", ""strike"": 81400.0}, {""expiry"": ""2024-12-13"", ""option_type"": ""PE"", ""premium_points"": 480.7, ""qty"": -1, ""quantity_per_lot"": 1, ""raw_open"": 481.7, ""side"": ""SELL"", ""strike"": 81400.0}]",3.0,EVALUATED,82133.12,646.6699999999953,59.94402875999988,12873.455971239908,True,,
development,2024-12-13,2024-12-10,Risk Reversal,high,0.1453019037897224,0.75,81424.3,80575.213314151,81115.43493564586,81980.56786512426,82504.39952969059,"{""c65"": 82000.0, ""p35"": 81100.0}",39.80000000000001,4.521764111612507,2.3669977440513184,0.667,2612.4540116181684,4296.332088002113,4296.332088002113,2000.0,85926.64176004226,1.0,2.0,True,eligible,1.0,43.09532735122358,36.072361120000004,"[{""expiry"": ""2024-12-13"", ""option_type"": ""CE"", ""premium_points"": 315.95, ""qty"": 1, ""quantity_per_lot"": 1, ""raw_open"": 314.95, ""side"": ""BUY"", ""strike"": 82000.0}, {""expiry"": ""2024-12-13"", ""option_type"": ""PE"", ""premium_points"": 355.75, ""qty"": -1, ""quantity_per_lot"": 1, ""raw_open"": 356.75, ""side"": ""SELL"", ""strike"": 81100.0}]",5.0,EVALUATED,82133.12,172.91999999999535,39.400361119999886,3418.999638879907,True,,
development,2024-12-13,2024-12-10,Sell Put,high,0.1453019037897224,0.75,81424.3,80575.213314151,81115.43493564586,81980.56786512426,82504.39952969059,"{""atm"": 81400.0}",480.7,45.28777272347578,44.03215704747581,0.7116,2470.6548609266074,4154.532937310552,4154.532937310552,2000.0,83090.65874621105,1.0,1.0,True,eligible,1.0,25.11231352,25.11231352,"[{""expiry"": ""2024-12-13"", ""option_type"": ""PE"", ""premium_points"": 480.7, ""qty"": -1, ""quantity_per_lot"": 1, ""raw_open"": 481.7, ""side"": ""SELL"", ""strike"": 81400.0}]",5.0,EVALUATED,82133.12,480.7,25.11231352,9588.88768648,True,,
development,2024-12-13,2024-12-10,Batman,high,0.1453019037897224,0.75,81424.3,80575.213314151,81115.43493564586,81980.56786512426,82504.39952969059,"{""c65"": 82000.0, ""c80"": 82500.0, ""p20"": 80600.0, ""p35"": 81100.0}",89.30000000000001,35.47000473226009,31.02772955827724,0.8056,1893.160794614249,3351.54491761913,3351.54491761913,2000.0,67030.8983523826,1.0,6.0,True,eligible,1.0,88.84550347965683,73.91761512,"[{""expiry"": ""2024-12-13"", ""option_type"": ""PE"", ""premium_points"": 357.75, ""qty"": 1, ""quantity_per_lot"": 1, ""raw_open"": 356.75, ""side"": ""BUY"", ""strike"": 81100.0}, {""expiry"": ""2024-12-13"", ""option_type"": ""PE"", ""premium_points"": 201.6, ""qty"": -2, ""quantity_per_lot"": 2, ""raw_open"": 202.6, ""side"": ""SELL"", ""strike"": 80600.0}, {""expiry"": ""2024-12-13"", ""option_type"": ""CE"", ""premium_points"": 315.95, ""qty"": 1, ""quantity_per_lot"": 1, ""raw_open"": 314.95, ""side"": ""BUY"", ""strike"": 82000.0}, {""expiry"": ""2024-12-13"", ""option_type"": ""CE"", ""premium_points"": 179.9, ""qty"": -2, ""quantity_per_lot"": 2, ""raw_open"": 180.9, ""side"": ""SELL"", ""strike"": 82500.0}]",2.0,EVALUATED,82133.12,222.41999999999535,77.24561511999988,4371.154384879907,True,Batman_standalone,
development,2024-12-20,2024-12-17,Batman,high,0.13395368672876617,0.6904761904761905,81505.33,80677.0172141511,81217.57461631313,82128.06399552624,82628.5755797163,"{""c65"": 82100.0, ""c80"": 82600.0, ""p20"": 80700.0, ""p35"": 81200.0}",208.2,165.75092027603125,160.86863804096348,0.8328,1602.1142246884529,2718.8433631016924,2718.8433631016924,2000.0,54376.86726203385,1.0,6.0,True,eligible,1.0,97.64564470135643,82.87836816000001,"[{""expiry"": ""2024-12-20"", ""option_type"": ""PE"", ""premium_points"": 422.2, ""qty"": 1, ""quantity_per_lot"": 1, ""raw_open"": 421.2, ""side"": ""BUY"", ""strike"": 81200.0}, {""expiry"": ""2024-12-20"", ""option_type"": ""PE"", ""premium_points"": 262.7, ""qty"": -2, ""quantity_per_lot"": 2, ""raw_open"": 263.7, ""side"": ""SELL"", ""strike"": 80700.0}, {""expiry"": ""2024-12-20"", ""option_type"": ""CE"", ""premium_points"": 409.0, ""qty"": 1, ""quantity_per_lot"": 1, ""raw_open"": 408.0, ""side"": ""BUY"", ""strike"": 82100.0}, {""expiry"": ""2024-12-20"", ""option_type"": ""CE"", ""premium_points"": 257.0, ""qty"": -2, ""quantity_per_lot"": 2, ""raw_open"": 258.0, ""side"": ""SELL"", ""strike"": 82600.0}]",2.0,EVALUATED,78041.59,-1950.2100000000034,161.8386181600001,-39166.03861816007,True,,
development,2024-12-20,2024-12-17,Long Synthetic Future,high,0.13395368672876617,0.6904761904761905,81505.33,80677.0172141511,81217.57461631313,82128.06399552624,82628.5755797163,"{""atm"": 81500.0}",-131.19999999999993,14.197871616632497,11.275240847387886,0.5074,2853.4069838754644,4175.812521331377,4175.812521331377,2000.0,83516.25042662754,1.0,2.0,True,eligible,1.0,58.45261538489138,44.35332576,"[{""expiry"": ""2024-12-20"", ""option_type"": ""CE"", ""premium_points"": 677.65, ""qty"": 1, ""quantity_per_lot"": 1, ""raw_open"": 676.65, ""side"": ""BUY"", ""strike"": 81500.0}, {""expiry"": ""2024-12-20"", ""option_type"": ""PE"", ""premium_points"": 546.45, ""qty"": -1, ""quantity_per_lot"": 1, ""raw_open"": 547.45, ""side"": ""SELL"", ""strike"": 81500.0}]",3.0,EVALUATED,78041.59,-3589.6100000000033,44.35332576,-71836.55332576008,True,,
development,2024-12-20,2024-12-17,Risk Reversal,high,0.13395368672876617,0.6904761904761905,81505.33,80677.0172141511,81217.57461631313,82128.06399552624,82628.5755797163,"{""c65"": 82100.0, ""p35"": 81200.0}",11.199999999999989,0.802669892025381,-1.4914603461910185,0.6566,2410.3784833444365,3732.784020800349,3732.784020800349,2000.0,74655.68041600697,0.0,2.0,False,negative_net_ev,1.0,45.882604764328526,38.62893312,"[{""expiry"": ""2024-12-20"", ""option_type"": ""CE"", ""premium_points"": 409.0, ""qty"": 1, ""quantity_per_lot"": 1, ""raw_open"": 408.0, ""side"": ""BUY"", ""strike"": 82100.0}, {""expiry"": ""2024-12-20"", ""option_type"": ""PE"", ""premium_points"": 420.2, ""qty"": -1, ""quantity_per_lot"": 1, ""raw_open"": 421.2, ""side"": ""SELL"", ""strike"": 81200.0}]",5.0,EVALUATED,78041.59,-3147.2100000000037,38.62893312,-62982.82893312007,True,,
development,2024-12-20,2024-12-17,Sell Put,high,0.13395368672876617,0.6904761904761905,81505.33,80677.0172141511,81217.57461631313,82128.06399552624,82628.5755797163,"{""atm"": 81500.0}",546.45,127.87628662097696,126.52962823497704,0.7282,2174.1810114922196,3496.586548948133,3496.586548948133,2000.0,69931.73097896266,1.0,1.0,True,eligible,1.0,26.933167720000004,26.933167720000004,"[{""expiry"": ""2024-12-20"", ""option_type"": ""PE"", ""premium_points"": 546.45, ""qty"": -1, ""quantity_per_lot"": 1, ""raw_open"": 547.45, ""side"": ""SELL"", ""strike"": 81500.0}]",5.0,EVALUATED,78041.59,-2911.9600000000037,26.933167720000004,-58266.13316772007,True,,
development,2024-12-20,2024-12-17,Batman,high,0.13395368672876617,0.6904761904761905,81505.33,80677.0172141511,81217.57461631313,82128.06399552624,82628.5755797163,"{""c65"": 82100.0, ""c80"": 82600.0, ""p20"": 80700.0, ""p35"": 81200.0}",208.2,165.75092027603125,160.86863804096348,0.8328,1602.1142246884529,2718.8433631016924,2718.8433631016924,2000.0,54376.86726203385,1.0,6.0,True,eligible,1.0,97.64564470135643,82.87836816000001,"[{""expiry"": ""2024-12-20"", ""option_type"": ""PE"", ""premium_points"": 422.2, ""qty"": 1, ""quantity_per_lot"": 1, ""raw_open"": 421.2, ""side"": ""BUY"", ""strike"": 81200.0}, {""expiry"": ""2024-12-20"", ""option_type"": ""PE"", ""premium_points"": 262.7, ""qty"": -2, ""quantity_per_lot"": 2, ""raw_open"": 263.7, ""side"": ""SELL"", ""strike"": 80700.0}, {""expiry"": ""2024-12-20"", ""option_type"": ""CE"", ""premium_points"": 409.0, ""qty"": 1, ""quantity_per_lot"": 1, ""raw_open"": 408.0, ""side"": ""BUY"", ""strike"": 82100.0}, {""expiry"": ""2024-12-20"", ""option_type"": ""CE"", ""premium_points"": 257.0, ""qty"": -2, ""quantity_per_lot"": 2, ""raw_open"": 258.0, ""side"": ""SELL"", ""strike"": 82600.0}]",2.0,EVALUATED,78041.59,-1950.2100000000034,161.8386181600001,-39166.03861816007,True,Batman_standalone,
development,2024-12-27,2024-12-23,Batman,high,0.13539323593139985,0.6785714285714286,78551.15,77751.62523268686,78268.2158964128,79106.17028432047,79585.09186144269,"{""c65"": 79100.0, ""c80"": 79600.0, ""p20"": 77800.0, ""p35"": 78300.0}",238.15000000000003,208.64453857402023,203.67605740713725,0.8396,1470.9142089127424,2631.5266026811414,2631.5266026811414,2000.0,52630.532053622825,1.0,6.0,True,eligible,1.0,99.36962333765801,84.76041708,"[{""expiry"": ""2024-12-27"", ""option_type"": ""PE"", ""premium_points"": 442.05, ""qty"": 1, ""quantity_per_lot"": 1, ""raw_open"": 441.05, ""side"": ""BUY"", ""strike"": 78300.0}, {""expiry"": ""2024-12-27"", ""option_type"": ""PE"", ""premium_points"": 282.45, ""qty"": -2, ""quantity_per_lot"": 2, ""raw_open"": 283.45, ""side"": ""SELL"", ""strike"": 77800.0}, {""expiry"": ""2024-12-27"", ""option_type"": ""CE"", ""premium_points"": 418.4, ""qty"": 1, ""quantity_per_lot"": 1, ""raw_open"": 417.4, ""side"": ""BUY"", ""strike"": 79100.0}, {""expiry"": ""2024-12-27"", ""option_type"": ""CE"", ""premium_points"": 266.85, ""qty"": -2, ""quantity_per_lot"": 2, ""raw_open"": 267.85, ""side"": ""SELL"", ""strike"": 79600.0}]",2.0,EVALUATED,78699.07,238.15000000000003,84.76041708,4678.239582920001,True,,
development,2024-12-27,2024-12-23,Long Synthetic Future,high,0.13539323593139985,0.6785714285714286,78551.15,77751.62523268686,78268.2158964128,79106.17028432047,79585.09186144269,"{""atm"": 78600.0}",-71.14999999999998,-13.876663145368035,-16.72321908426896,0.4986,2756.529900414766,4082.2490587479965,4082.2490587479965,2000.0,81644.98117495993,0.0,2.0,False,negative_net_ev,1.0,56.93111877801799,44.61282564,"[{""expiry"": ""2024-12-27"", ""option_type"": ""CE"", ""premium_points"": 638.65, ""qty"": 1, ""quantity_per_lot"": 1, ""raw_open"": 637.65, ""side"": ""BUY"", ""strike"": 78600.0}, {""expiry"": ""2024-12-27"", ""option_type"": ""PE"", ""premium_points"": 567.5, ""qty"": -1, ""quantity_per_lot"": 1, ""raw_open"": 568.5, ""side"": ""SELL"", ""strike"": 78600.0}]",3.0,EVALUATED,78699.07,27.920000000007008,47.08957564000017,511.31042436013996,True,,
development,2024-12-27,2024-12-23,Risk Reversal,high,0.13539323593139985,0.6785714285714286,78551.15,77751.62523268686,78268.2158964128,79106.17028432047,79585.09186144269,"{""c65"": 79100.0, ""p35"": 78300.0}",21.650000000000034,-14.578618379512584,-16.88403619546682,0.6456,2363.1887622918184,3688.907920625049,3688.907920625049,2000.0,73778.15841250098,0.0,2.0,False,negative_net_ev,1.0,46.1083563190851,39.25661092,"[{""expiry"": ""2024-12-27"", ""option_type"": ""CE"", ""premium_points"": 418.4, ""qty"": 1, ""quantity_per_lot"": 1, ""raw_open"": 417.4, ""side"": ""BUY"", ""strike"": 79100.0}, {""expiry"": ""2024-12-27"", ""option_type"": ""PE"", ""premium_points"": 440.05, ""qty"": -1, ""quantity_per_lot"": 1, ""raw_open"": 441.05, ""side"": ""SELL"", ""strike"": 78300.0}]",5.0,EVALUATED,78699.07,21.650000000000034,39.25661092,393.74338908000067,True,,
development,2024-12-27,2024-12-23,Sell Put,high,0.13539323593139985,0.6785714285714286,78551.15,77751.62523268686,78268.2158964128,79106.17028432047,79585.09186144269,"{""atm"": 78600.0}",567.5,132.04161133391227,130.66580543391225,0.7208,2116.4091503758646,3442.1283087090956,3442.1283087090956,2000.0,68842.5661741819,1.0,1.0,True,eligible,1.0,27.516118,27.516118,"[{""expiry"": ""2024-12-27"", ""option_type"": ""PE"", ""premium_points"": 567.5, ""qty"": -1, ""quantity_per_lot"": 1, ""raw_open"": 568.5, ""side"": ""SELL"", ""strike"": 78600.0}]",5.0,EVALUATED,78699.07,567.5,27.516118,11322.483882,True,,
development,2024-12-27,2024-12-23,Batman,high,0.13539323593139985,0.6785714285714286,78551.15,77751.62523268686,78268.2158964128,79106.17028432047,79585.09186144269,"{""c65"": 79100.0, ""c80"": 79600.0, ""p20"": 77800.0, ""p35"": 78300.0}",238.15000000000003,208.64453857402023,203.67605740713725,0.8396,1470.9142089127424,2631.5266026811414,2631.5266026811414,2000.0,52630.532053622825,1.0,6.0,True,eligible,1.0,99.36962333765801,84.76041708,"[{""expiry"": ""2024-12-27"", ""option_type"": ""PE"", ""premium_points"": 442.05, ""qty"": 1, ""quantity_per_lot"": 1, ""raw_open"": 441.05, ""side"": ""BUY"", ""strike"": 78300.0}, {""expiry"": ""2024-12-27"", ""option_type"": ""PE"", ""premium_points"": 282.45, ""qty"": -2, ""quantity_per_lot"": 2, ""raw_open"": 283.45, ""side"": ""SELL"", ""strike"": 77800.0}, {""expiry"": ""2024-12-27"", ""option_type"": ""CE"", ""premium_points"": 418.4, ""qty"": 1, ""quantity_per_lot"": 1, ""raw_open"": 417.4, ""side"": ""BUY"", ""strike"": 79100.0}, {""expiry"": ""2024-12-27"", ""option_type"": ""CE"", ""premium_points"": 266.85, ""qty"": -2, ""quantity_per_lot"": 2, ""raw_open"": 267.85, ""side"": ""SELL"", ""strike"": 79600.0}]",2.0,EVALUATED,78699.07,238.15000000000003,84.76041708,4678.239582920001,True,Batman_standalone,
