index,strategy,exit,entry_date,expiry,split,pnl_inr,mc_ev,regime
NIFTY,Adaptive,expiry_settlement,2021-05-31,2021-06-03,development,14737.500000000027,51.831792311422745,low
NIFTY,Adaptive,15:00,2021-05-31,2021-06-03,development,-27217.5,51.831792311422745,low
NIFTY,Adaptive,15:10,2021-05-31,2021-06-03,development,-28859.999999999996,51.831792311422745,low
NIFTY,Adaptive,expiry_settlement,2021-06-07,2021-06-10,development,-4230.0,55.48159958574733,low
NIFTY,Adaptive,15:00,2021-06-07,2021-06-10,development,-9768.75,55.48159958574733,low
NIFTY,Adaptive,15:10,2021-06-07,2021-06-10,development,-10713.750000000002,55.48159958574733,low
NIFTY,Adaptive,expiry_settlement,2021-06-14,2021-06-17,development,-4803.750000000027,55.14452451906604,low
NIFTY,Adaptive,15:00,2021-06-14,2021-06-17,development,-9633.75,55.14452451906604,low
NIFTY,Adaptive,15:10,2021-06-14,2021-06-17,development,-11070.0,55.14452451906604,low
NIFTY,Adaptive,expiry_settlement,2021-06-21,2021-06-24,development,16590.000000000055,41.84343134246936,low
NIFTY,Adaptive,15:00,2021-06-21,2021-06-24,development,-13245.0,41.84343134246936,low
NIFTY,Adaptive,15:10,2021-06-21,2021-06-24,development,-12105.0,41.84343134246936,low
NIFTY,Adaptive,expiry_settlement,2021-06-28,2021-07-01,development,-5928.75,68.48293928279391,low
NIFTY,Adaptive,15:00,2021-06-28,2021-07-01,development,-6090.0,68.48293928279391,low
NIFTY,Adaptive,15:10,2021-06-28,2021-07-01,development,-6086.249999999999,68.48293928279391,low
NIFTY,Adaptive,expiry_settlement,2021-07-05,2021-07-08,development,-5362.5,79.2797641463251,low
NIFTY,Adaptive,15:00,2021-07-05,2021-07-08,development,-5531.25,79.2797641463251,low
NIFTY,Adaptive,15:10,2021-07-05,2021-07-08,development,-5520.0,79.2797641463251,low
NIFTY,Adaptive,expiry_settlement,2021-07-12,2021-07-15,development,6386.250000000055,65.23742285635333,low
NIFTY,Adaptive,15:00,2021-07-12,2021-07-15,development,-19695.0,65.23742285635333,low
NIFTY,Adaptive,15:10,2021-07-12,2021-07-15,development,-20190.0,65.23742285635333,low
NIFTY,Adaptive,expiry_settlement,2021-07-16,2021-07-22,development,-6712.5,58.987629985764585,low
NIFTY,Adaptive,15:00,2021-07-16,2021-07-22,development,-6873.75,58.987629985764585,low
NIFTY,Adaptive,15:10,2021-07-16,2021-07-22,development,-6866.25,58.987629985764585,low
NIFTY,Adaptive,expiry_settlement,2021-07-26,2021-07-29,development,-6078.75,81.59846342578513,low
NIFTY,Adaptive,15:00,2021-07-26,2021-07-29,development,-6254.999999999999,81.59846342578513,low
NIFTY,Adaptive,15:10,2021-07-26,2021-07-29,development,-6240.0,81.59846342578513,low
NIFTY,Adaptive,expiry_settlement,2021-08-02,2021-08-05,development,27765.00000000003,80.50947498016136,low
NIFTY,Adaptive,15:00,2021-08-02,2021-08-05,development,-41205.0,80.50947498016136,low
NIFTY,Adaptive,15:10,2021-08-02,2021-08-05,development,-40556.25,80.50947498016136,low
NIFTY,Adaptive,expiry_settlement,2021-08-09,2021-08-12,development,-352.50000000002683,73.81732788066694,low
NIFTY,Adaptive,15:00,2021-08-09,2021-08-12,development,-9712.5,73.81732788066694,low
NIFTY,Adaptive,15:10,2021-08-09,2021-08-12,development,-10229.999999999998,73.81732788066694,low
NIFTY,Adaptive,expiry_settlement,2021-08-13,2021-08-18,development,3693.7499999998913,77.50383095597567,low
NIFTY,Adaptive,15:00,2021-08-13,2021-08-18,development,-14613.75,77.50383095597567,low
NIFTY,Adaptive,15:10,2021-08-13,2021-08-18,development,-15363.75,77.50383095597567,low
NIFTY,Adaptive,expiry_settlement,2021-08-23,2021-08-26,development,337.5000000001087,70.41148940433771,low
NIFTY,Adaptive,15:00,2021-08-23,2021-08-26,development,-11167.5,70.41148940433771,low
NIFTY,Adaptive,15:10,2021-08-23,2021-08-26,development,-12585.0,70.41148940433771,low
NIFTY,Adaptive,expiry_settlement,2021-08-30,2021-09-02,development,26047.50000000011,80.64377514781124,low
NIFTY,Adaptive,15:00,2021-08-30,2021-09-02,development,-39585.0,80.64377514781124,low
NIFTY,Adaptive,15:10,2021-08-30,2021-09-02,development,-39153.75,80.64377514781124,low
NIFTY,Adaptive,expiry_settlement,2021-09-06,2021-09-09,development,-7590.0,76.57046031894505,low
NIFTY,Adaptive,15:00,2021-09-06,2021-09-09,development,-7777.5,76.57046031894505,low
NIFTY,Adaptive,15:10,2021-09-06,2021-09-09,development,-7773.75,76.57046031894505,low
NIFTY,Adaptive,expiry_settlement,2021-09-13,2021-09-16,development,17100.0,65.15875573013318,low
NIFTY,Adaptive,15:00,2021-09-13,2021-09-16,development,-32970.0,65.15875573013318,low
NIFTY,Adaptive,15:10,2021-09-13,2021-09-16,development,-32850.0,65.15875573013318,low
NIFTY,Adaptive,expiry_settlement,2021-09-20,2021-09-23,development,16717.500000000055,65.72469170280355,low
NIFTY,Adaptive,15:00,2021-09-20,2021-09-23,development,-30153.75,65.72469170280355,low
NIFTY,Adaptive,15:10,2021-09-20,2021-09-23,development,-32107.5,65.72469170280355,low
NIFTY,Adaptive,expiry_settlement,2021-09-27,2021-09-30,development,-8932.5,54.43134912495372,low
NIFTY,Adaptive,15:00,2021-09-27,2021-09-30,development,-9101.25,54.43134912495372,low
NIFTY,Adaptive,15:10,2021-09-27,2021-09-30,development,-9093.75,54.43134912495372,low
NIFTY,Adaptive,expiry_settlement,2021-10-04,2021-10-07,development,5684.999999999891,62.65926538517787,low
NIFTY,Adaptive,15:00,2021-10-04,2021-10-07,development,-25005.0,62.65926538517787,low
NIFTY,Adaptive,15:10,2021-10-04,2021-10-07,development,-23632.5,62.65926538517787,low
NIFTY,Adaptive,expiry_settlement,2021-10-11,2021-10-14,development,25091.249999999945,62.06614182603801,low
NIFTY,Adaptive,15:00,2021-10-11,2021-10-14,development,-39791.25,62.06614182603801,low
NIFTY,Adaptive,15:10,2021-10-11,2021-10-14,development,-40586.25,62.06614182603801,low
NIFTY,Adaptive,expiry_settlement,2021-10-18,2021-10-21,development,22458.75000000022,84.9501142142376,medium
NIFTY,Adaptive,15:00,2021-10-18,2021-10-21,development,-73440.0,84.9501142142376,medium
NIFTY,Adaptive,15:10,2021-10-18,2021-10-21,development,-79271.24999999999,84.9501142142376,medium
NIFTY,Adaptive,expiry_settlement,2021-10-25,2021-10-28,development,-10758.75,14.43119627573156,low
NIFTY,Adaptive,15:00,2021-10-25,2021-10-28,development,-10972.499999999998,14.43119627573156,low
NIFTY,Adaptive,15:10,2021-10-25,2021-10-28,development,-10934.999999999998,14.43119627573156,low
NIFTY,Adaptive,expiry_settlement,2021-11-08,2021-11-11,development,-27086.25000000011,40.28336563693865,medium
NIFTY,Adaptive,15:00,2021-11-08,2021-11-11,development,-32385.0,40.28336563693865,medium
NIFTY,Adaptive,15:10,2021-11-08,2021-11-11,development,-30945.0,40.28336563693865,medium
NIFTY,Adaptive,expiry_settlement,2021-11-15,2021-11-18,development,35163.75000000011,112.74952142469785,medium
NIFTY,Adaptive,15:00,2021-11-15,2021-11-18,development,-72937.5,112.74952142469785,medium
NIFTY,Adaptive,15:10,2021-11-15,2021-11-18,development,-78776.25000000001,112.74952142469785,medium
NIFTY,Adaptive,expiry_settlement,2021-11-22,2021-11-25,development,-12840.0,29.963263001466153,medium
NIFTY,Adaptive,15:00,2021-11-22,2021-11-25,development,-45172.5,29.963263001466153,medium
NIFTY,Adaptive,15:10,2021-11-22,2021-11-25,development,-50857.5,29.963263001466153,medium
NIFTY,Batman,expiry_settlement,2021-11-29,2021-12-02,development,3644.999999999891,30.80867340927819,high
NIFTY,Batman,15:00,2021-11-29,2021-12-02,development,-187.49999999999787,30.80867340927819,high
NIFTY,Batman,15:10,2021-11-29,2021-12-02,development,1226.2499999999975,30.80867340927819,high
NIFTY,Adaptive,expiry_settlement,2021-11-29,2021-12-02,development,11722.5,38.08609288687926,high
NIFTY,Adaptive,15:00,2021-11-29,2021-12-02,development,11587.5,38.08609288687926,high
NIFTY,Adaptive,15:10,2021-11-29,2021-12-02,development,11583.750000000002,38.08609288687926,high
NIFTY,Adaptive,expiry_settlement,2021-12-06,2021-12-09,development,15509.99999999989,20.266264931599373,high
NIFTY,Adaptive,15:00,2021-12-06,2021-12-09,development,-8092.500000000002,20.266264931599373,high
NIFTY,Adaptive,15:10,2021-12-06,2021-12-09,development,-9682.500000000002,20.266264931599373,high
NIFTY,Adaptive,expiry_settlement,2021-12-13,2021-12-16,development,-29583.74999999989,27.735911436844535,high
NIFTY,Adaptive,15:00,2021-12-13,2021-12-16,development,30802.500000000004,27.735911436844535,high
NIFTY,Adaptive,15:10,2021-12-13,2021-12-16,development,31957.5,27.735911436844535,high
NIFTY,Batman,expiry_settlement,2021-12-20,2021-12-23,development,1260.0000000001096,1.2934694549816814,high
NIFTY,Batman,15:00,2021-12-20,2021-12-23,development,3352.499999999999,1.2934694549816814,high
NIFTY,Batman,15:10,2021-12-20,2021-12-23,development,4901.249999999997,1.2934694549816814,high
NIFTY,Adaptive,expiry_settlement,2021-12-20,2021-12-23,development,10121.25,30.348807440580178,high
NIFTY,Adaptive,15:00,2021-12-20,2021-12-23,development,9982.5,30.348807440580178,high
NIFTY,Adaptive,15:10,2021-12-20,2021-12-23,development,9978.749999999998,30.348807440580178,high
NIFTY,Adaptive,expiry_settlement,2021-12-27,2021-12-30,development,19275.000000000055,32.67688171469524,high
NIFTY,Adaptive,15:00,2021-12-27,2021-12-30,development,-19207.5,32.67688171469524,high
NIFTY,Adaptive,15:10,2021-12-27,2021-12-30,development,-18870.0,32.67688171469524,high
NIFTY,Adaptive,expiry_settlement,2022-01-03,2022-01-06,development,-1634.99999999989,97.34589593103986,medium
NIFTY,Adaptive,15:00,2022-01-03,2022-01-06,development,-47444.99999999999,97.34589593103986,medium
NIFTY,Adaptive,15:10,2022-01-03,2022-01-06,development,-46942.5,97.34589593103986,medium
NIFTY,Adaptive,expiry_settlement,2022-01-10,2022-01-13,development,-2306.250000000051,39.40775488866874,medium
NIFTY,Adaptive,15:00,2022-01-10,2022-01-13,development,-53729.99999999999,39.40775488866874,medium
NIFTY,Adaptive,15:10,2022-01-10,2022-01-13,development,-56137.5,39.40775488866874,medium
NIFTY,Adaptive,expiry_settlement,2022-01-17,2022-01-20,development,48296.25,72.65318026014475,medium
NIFTY,Adaptive,15:00,2022-01-17,2022-01-20,development,-105708.75,72.65318026014475,medium
NIFTY,Adaptive,15:10,2022-01-17,2022-01-20,development,-101186.25,72.65318026014475,medium
NIFTY,Batman,expiry_settlement,2022-01-21,2022-01-27,development,-3554.9999999998918,20.13031740797394,medium
NIFTY,Batman,15:00,2022-01-21,2022-01-27,development,10200.0,20.13031740797394,medium
NIFTY,Batman,15:10,2022-01-21,2022-01-27,development,9521.25,20.13031740797394,medium
NIFTY,Adaptive,expiry_settlement,2022-01-21,2022-01-27,development,-7413.749999999891,58.636090964085945,medium
NIFTY,Adaptive,15:00,2022-01-21,2022-01-27,development,59962.5,58.636090964085945,medium
NIFTY,Adaptive,15:10,2022-01-21,2022-01-27,development,58031.25,58.636090964085945,medium
NIFTY,Batman,expiry_settlement,2022-01-31,2022-02-03,development,16147.500000000056,106.60363947880063,medium
NIFTY,Batman,15:00,2022-01-31,2022-02-03,development,5647.500000000002,106.60363947880063,medium
NIFTY,Batman,15:10,2022-01-31,2022-02-03,development,4811.250000000003,106.60363947880063,medium
NIFTY,Adaptive,expiry_settlement,2022-01-31,2022-02-03,development,15442.499999999947,171.57281160910333,medium
NIFTY,Adaptive,15:00,2022-01-31,2022-02-03,development,57243.75,171.57281160910333,medium
NIFTY,Adaptive,15:10,2022-01-31,2022-02-03,development,56006.25,171.57281160910333,medium
NIFTY,Adaptive,expiry_settlement,2022-02-07,2022-02-10,development,-18791.250000000113,6.590729617963595,medium
NIFTY,Adaptive,15:00,2022-02-07,2022-02-10,development,-43286.25000000001,6.590729617963595,medium
NIFTY,Adaptive,15:10,2022-02-07,2022-02-10,development,-44058.75,6.590729617963595,medium
NIFTY,Batman,expiry_settlement,2022-02-14,2022-02-17,development,14812.50000000011,46.35602780891864,high
NIFTY,Batman,15:00,2022-02-14,2022-02-17,development,-5175.0,46.35602780891864,high
NIFTY,Batman,15:10,2022-02-14,2022-02-17,development,-5786.249999999999,46.35602780891864,high
NIFTY,Adaptive,expiry_settlement,2022-02-14,2022-02-17,development,15345.0,75.52304738875782,high
NIFTY,Adaptive,15:00,2022-02-14,2022-02-17,development,15209.999999999998,75.52304738875782,high
NIFTY,Adaptive,15:10,2022-02-14,2022-02-17,development,15198.75,75.52304738875782,high
NIFTY,Batman,expiry_settlement,2022-02-21,2022-02-24,development,-33967.49999999995,19.371447452948946,high
NIFTY,Batman,15:00,2022-02-21,2022-02-24,development,33997.5,19.371447452948946,high
NIFTY,Batman,15:10,2022-02-21,2022-02-24,development,38625.00000000001,19.371447452948946,high
NIFTY,Adaptive,expiry_settlement,2022-02-21,2022-02-24,development,-51348.74999999995,40.29482611742156,high
NIFTY,Adaptive,15:00,2022-02-21,2022-02-24,development,70020.0,40.29482611742156,high
NIFTY,Adaptive,15:10,2022-02-21,2022-02-24,development,74066.25,40.29482611742156,high
NIFTY,Batman,expiry_settlement,2022-02-25,2022-03-03,development,14602.500000000055,147.31613399940565,high
NIFTY,Batman,15:00,2022-02-25,2022-03-03,development,11913.75,147.31613399940565,high
NIFTY,Batman,15:10,2022-02-25,2022-03-03,development,10627.5,147.31613399940565,high
NIFTY,Adaptive,expiry_settlement,2022-02-25,2022-03-03,development,14602.500000000055,147.31613399940565,high
NIFTY,Adaptive,15:00,2022-02-25,2022-03-03,development,11913.75,147.31613399940565,high
NIFTY,Adaptive,15:10,2022-02-25,2022-03-03,development,10627.5,147.31613399940565,high
NIFTY,Batman,expiry_settlement,2022-03-07,2022-03-10,development,-18311.25000000011,113.07437038004133,high
NIFTY,Batman,15:00,2022-03-07,2022-03-10,development,36963.75,113.07437038004133,high
NIFTY,Batman,15:10,2022-03-07,2022-03-10,development,40800.0,113.07437038004133,high
NIFTY,Adaptive,expiry_settlement,2022-03-07,2022-03-10,development,-18311.25000000011,113.07437038004133,high
NIFTY,Adaptive,15:00,2022-03-07,2022-03-10,development,36963.75,113.07437038004133,high
NIFTY,Adaptive,15:10,2022-03-07,2022-03-10,development,40800.0,113.07437038004133,high
NIFTY,Batman,expiry_settlement,2022-03-14,2022-03-17,development,-6539.999999999945,76.74979186265129,high
NIFTY,Batman,15:00,2022-03-14,2022-03-17,development,22950.0,76.74979186265129,high
NIFTY,Batman,15:10,2022-03-14,2022-03-17,development,20100.0,76.74979186265129,high
NIFTY,Adaptive,expiry_settlement,2022-03-14,2022-03-17,development,15596.25,86.9268472108056,high
NIFTY,Adaptive,15:00,2022-03-14,2022-03-17,development,15465.0,86.9268472108056,high
NIFTY,Adaptive,15:10,2022-03-14,2022-03-17,development,15457.5,86.9268472108056,high
NIFTY,Batman,expiry_settlement,2022-03-21,2022-03-24,development,5520.0,20.34974495743608,high
NIFTY,Batman,15:00,2022-03-21,2022-03-24,development,603.7499999999998,20.34974495743608,high
NIFTY,Batman,15:10,2022-03-21,2022-03-24,development,975.0,20.34974495743608,high
NIFTY,Adaptive,expiry_settlement,2022-03-21,2022-03-24,development,4312.5,47.28776741042501,high
NIFTY,Adaptive,15:00,2022-03-21,2022-03-24,development,22755.0,47.28776741042501,high
NIFTY,Adaptive,15:10,2022-03-21,2022-03-24,development,22785.0,47.28776741042501,high
NIFTY,Adaptive,expiry_settlement,2022-03-28,2022-03-31,development,11703.75,21.176633958575984,high
NIFTY,Adaptive,15:00,2022-03-28,2022-03-31,development,11561.25,21.176633958575984,high
NIFTY,Adaptive,15:10,2022-03-28,2022-03-31,development,11561.25,21.176633958575984,high
NIFTY,Adaptive,expiry_settlement,2022-04-04,2022-04-07,development,-19425.000000000055,27.313808476253914,high
NIFTY,Adaptive,15:00,2022-04-04,2022-04-07,development,18120.0,27.313808476253914,high
NIFTY,Adaptive,15:10,2022-04-04,2022-04-07,development,19151.249999999996,27.313808476253914,high
NIFTY,Adaptive,expiry_settlement,2022-04-08,2022-04-13,development,1552.50000000011,2.7131453943866255,medium
NIFTY,Adaptive,15:00,2022-04-08,2022-04-13,development,11216.25,2.7131453943866255,medium
NIFTY,Adaptive,15:10,2022-04-08,2022-04-13,development,12003.75,2.7131453943866255,medium
NIFTY,Adaptive,expiry_settlement,2022-04-18,2022-04-21,development,-20782.500000000113,22.407178164889483,medium
NIFTY,Adaptive,15:00,2022-04-18,2022-04-21,development,-43121.25,22.407178164889483,medium
NIFTY,Adaptive,15:10,2022-04-18,2022-04-21,development,-41808.75,22.407178164889483,medium
NIFTY,Adaptive,expiry_settlement,2022-04-25,2022-04-28,development,4710.000000000001,3.189865574069561,medium
NIFTY,Adaptive,15:00,2022-04-25,2022-04-28,development,4278.750000000001,3.189865574069561,medium
NIFTY,Adaptive,15:10,2022-04-25,2022-04-28,development,4263.750000000001,3.189865574069561,medium
NIFTY,Adaptive,expiry_settlement,2022-04-29,2022-05-05,development,-39944.99999999989,11.870665414006206,high
NIFTY,Adaptive,15:00,2022-04-29,2022-05-05,development,41493.75,11.870665414006206,high
NIFTY,Adaptive,15:10,2022-04-29,2022-05-05,development,45138.75,11.870665414006206,high
NIFTY,Batman,expiry_settlement,2022-05-09,2022-05-12,development,3097.4999999999986,8.012977701025752,high
NIFTY,Batman,15:00,2022-05-09,2022-05-12,development,-37.500000000001336,8.012977701025752,high
NIFTY,Batman,15:10,2022-05-09,2022-05-12,development,2422.4999999999973,8.012977701025752,high
NIFTY,Adaptive,expiry_settlement,2022-05-09,2022-05-12,development,-13650.0,31.68214059835351,high
NIFTY,Adaptive,15:00,2022-05-09,2022-05-12,development,36727.5,31.68214059835351,high
NIFTY,Adaptive,15:10,2022-05-09,2022-05-12,development,38891.25,31.68214059835351,high
NIFTY,Batman,expiry_settlement,2022-05-16,2022-05-19,development,3907.4999999999986,14.132119549435375,high
NIFTY,Batman,15:00,2022-05-16,2022-05-19,development,1826.2499999999984,14.132119549435375,high
NIFTY,Batman,15:10,2022-05-16,2022-05-19,development,2504.999999999998,14.132119549435375,high
NIFTY,Adaptive,expiry_settlement,2022-05-16,2022-05-19,development,5804.999999999973,33.281678459571154,high
NIFTY,Adaptive,15:00,2022-05-16,2022-05-19,development,19980.0,33.281678459571154,high
NIFTY,Adaptive,15:10,2022-05-16,2022-05-19,development,19998.75,33.281678459571154,high
NIFTY,Batman,expiry_settlement,2022-05-23,2022-05-26,development,5925.000000000026,25.116019130483323,high
NIFTY,Batman,15:00,2022-05-23,2022-05-26,development,592.4999999999993,25.116019130483323,high
NIFTY,Batman,15:10,2022-05-23,2022-05-26,development,-1263.7500000000007,25.116019130483323,high
NIFTY,Adaptive,expiry_settlement,2022-05-23,2022-05-26,development,7218.749999999973,57.02502014562751,high
NIFTY,Adaptive,15:00,2022-05-23,2022-05-26,development,18765.0,57.02502014562751,high
NIFTY,Adaptive,15:10,2022-05-23,2022-05-26,development,20797.5,57.02502014562751,high
NIFTY,Adaptive,expiry_settlement,2022-05-30,2022-06-02,development,3330.0000000000005,39.8643905919047,high
NIFTY,Adaptive,15:00,2022-05-30,2022-06-02,development,-1627.4999999999998,39.8643905919047,high
NIFTY,Adaptive,15:10,2022-05-30,2022-06-02,development,-176.24999999999957,39.8643905919047,high
NIFTY,Adaptive,expiry_settlement,2022-06-06,2022-06-09,development,-285.00000000010743,16.081416211571977,high
NIFTY,Adaptive,15:00,2022-06-06,2022-06-09,development,-2703.749999999998,16.081416211571977,high
NIFTY,Adaptive,15:10,2022-06-06,2022-06-09,development,-4436.249999999998,16.081416211571977,high
NIFTY,Adaptive,expiry_settlement,2022-06-13,2022-06-16,development,-21382.49999999997,24.03803650685693,high
NIFTY,Adaptive,15:00,2022-06-13,2022-06-16,development,42990.0,24.03803650685693,high
NIFTY,Adaptive,15:10,2022-06-13,2022-06-16,development,43567.50000000001,24.03803650685693,high
NIFTY,Batman,expiry_settlement,2022-06-20,2022-06-23,development,13113.750000000027,16.650818385549734,medium
NIFTY,Batman,15:00,2022-06-20,2022-06-23,development,-6705.000000000002,16.650818385549734,medium
NIFTY,Batman,15:10,2022-06-20,2022-06-23,development,-8748.75,16.650818385549734,medium
NIFTY,Adaptive,expiry_settlement,2022-06-20,2022-06-23,development,2257.5000000000273,66.60885858151119,medium
NIFTY,Adaptive,15:00,2022-06-20,2022-06-23,development,49890.0,66.60885858151119,medium
NIFTY,Adaptive,15:10,2022-06-20,2022-06-23,development,47490.0,66.60885858151119,medium
NIFTY,Adaptive,expiry_settlement,2022-06-27,2022-06-30,development,-10080.0,14.12485642505223,high
NIFTY,Adaptive,15:00,2022-06-27,2022-06-30,development,6011.249999999999,14.12485642505223,high
NIFTY,Adaptive,15:10,2022-06-27,2022-06-30,development,6956.25,14.12485642505223,high
NIFTY,Adaptive,expiry_settlement,2022-07-04,2022-07-07,development,4214.999999999999,5.004209053097631,medium
NIFTY,Adaptive,15:00,2022-07-04,2022-07-07,development,3768.749999999999,5.004209053097631,medium
NIFTY,Adaptive,15:10,2022-07-04,2022-07-07,development,3772.499999999999,5.004209053097631,medium
NIFTY,Adaptive,expiry_settlement,2022-07-11,2022-07-14,development,3086.250000000058,35.242116751431915,medium
NIFTY,Adaptive,15:00,2022-07-11,2022-07-14,development,-67027.5,35.242116751431915,medium
NIFTY,Adaptive,15:10,2022-07-11,2022-07-14,development,-61844.99999999999,35.242116751431915,medium
NIFTY,Adaptive,expiry_settlement,2022-07-18,2022-07-21,development,24866.25,44.116674564352955,low
NIFTY,Adaptive,15:00,2022-07-18,2022-07-21,development,-40398.75,44.116674564352955,low
NIFTY,Adaptive,15:10,2022-07-18,2022-07-21,development,-43053.75000000001,44.116674564352955,low
NIFTY,Adaptive,expiry_settlement,2022-07-25,2022-07-28,development,9371.24999999989,46.62223297668649,low
NIFTY,Adaptive,15:00,2022-07-25,2022-07-28,development,-21941.25,46.62223297668649,low
NIFTY,Adaptive,15:10,2022-07-25,2022-07-28,development,-25458.750000000004,46.62223297668649,low
NIFTY,Adaptive,expiry_settlement,2022-08-01,2022-08-04,development,3783.749999999999,50.86841372657188,low
NIFTY,Adaptive,15:00,2022-08-01,2022-08-04,development,-21877.500000000004,50.86841372657188,low
NIFTY,Adaptive,15:10,2022-08-01,2022-08-04,development,-24843.75,50.86841372657188,low
NIFTY,Adaptive,expiry_settlement,2022-08-05,2022-08-11,development,14973.75,25.795453647678045,low
NIFTY,Adaptive,15:00,2022-08-05,2022-08-11,development,-17280.0,25.795453647678045,low
NIFTY,Adaptive,15:10,2022-08-05,2022-08-11,development,-17583.75,25.795453647678045,low
NIFTY,Adaptive,expiry_settlement,2022-08-12,2022-08-18,development,17088.75,56.93565100754135,low
NIFTY,Adaptive,15:00,2022-08-12,2022-08-18,development,-36198.75,56.93565100754135,low
NIFTY,Adaptive,15:10,2022-08-12,2022-08-18,development,-36652.5,56.93565100754135,low
NIFTY,Adaptive,expiry_settlement,2022-08-22,2022-08-25,development,-9990.0,47.41516293183267,low
NIFTY,Adaptive,15:00,2022-08-22,2022-08-25,development,-10773.749999999998,47.41516293183267,low
NIFTY,Adaptive,15:10,2022-08-22,2022-08-25,development,-10259.999999999998,47.41516293183267,low
NIFTY,Adaptive,expiry_settlement,2022-08-26,2022-09-01,development,-11265.0,32.63676530812221,low
NIFTY,Adaptive,15:00,2022-08-26,2022-09-01,development,-11475.0,32.63676530812221,low
NIFTY,Adaptive,15:10,2022-08-26,2022-09-01,development,-11441.249999999998,32.63676530812221,low
NIFTY,Adaptive,expiry_settlement,2022-09-05,2022-09-08,development,-17178.75,28.091981649074516,medium
NIFTY,Adaptive,15:00,2022-09-05,2022-09-08,development,-47257.5,28.091981649074516,medium
NIFTY,Adaptive,15:10,2022-09-05,2022-09-08,development,-47748.75000000001,28.091981649074516,medium
NIFTY,Adaptive,expiry_settlement,2022-09-12,2022-09-15,development,-23587.50000000022,83.94388731252062,medium
NIFTY,Adaptive,15:00,2022-09-12,2022-09-15,development,-30558.75,83.94388731252062,medium
NIFTY,Adaptive,15:10,2022-09-12,2022-09-15,development,-29478.75,83.94388731252062,medium
NIFTY,Adaptive,expiry_settlement,2022-09-19,2022-09-22,development,16286.249999999998,17.787487504647405,medium
NIFTY,Adaptive,15:00,2022-09-19,2022-09-22,development,16874.999999999996,17.787487504647405,medium
NIFTY,Adaptive,15:10,2022-09-19,2022-09-22,development,16038.749999999998,17.787487504647405,medium
NIFTY,Adaptive,expiry_settlement,2022-09-26,2022-09-29,development,-5025.000000000109,20.629392392690505,medium
NIFTY,Adaptive,15:00,2022-09-26,2022-09-29,development,35280.0,20.629392392690505,medium
NIFTY,Adaptive,15:10,2022-09-26,2022-09-29,development,38771.25,20.629392392690505,medium
NIFTY,Batman,expiry_settlement,2022-09-30,2022-10-06,development,-2482.499999999944,18.462000636473892,low
NIFTY,Batman,15:00,2022-09-30,2022-10-06,development,10672.500000000004,18.462000636473892,low
NIFTY,Batman,15:10,2022-09-30,2022-10-06,development,9071.250000000002,18.462000636473892,low
NIFTY,Adaptive,expiry_settlement,2022-09-30,2022-10-06,development,41103.74999999994,21.03533049257255,low
NIFTY,Adaptive,15:00,2022-09-30,2022-10-06,development,-40620.0,21.03533049257255,low
NIFTY,Adaptive,15:10,2022-09-30,2022-10-06,development,-39157.5,21.03533049257255,low
NIFTY,Adaptive,expiry_settlement,2022-10-10,2022-10-13,development,-15959.999999999784,54.41170868809109,medium
NIFTY,Adaptive,15:00,2022-10-10,2022-10-13,development,-38977.5,54.41170868809109,medium
NIFTY,Adaptive,15:10,2022-10-10,2022-10-13,development,-41928.75000000001,54.41170868809109,medium
NIFTY,Adaptive,expiry_settlement,2022-10-17,2022-10-20,development,32606.25000000005,38.911615556249735,high
NIFTY,Adaptive,15:00,2022-10-17,2022-10-20,development,-34376.25,38.911615556249735,high
NIFTY,Adaptive,15:10,2022-10-17,2022-10-20,development,-36153.75,38.911615556249735,high
NIFTY,Adaptive,expiry_settlement,2022-10-21,2022-10-27,development,-21217.499999999945,75.55731568497394,medium
NIFTY,Adaptive,15:00,2022-10-21,2022-10-27,development,-31098.750000000004,75.55731568497394,medium
NIFTY,Adaptive,15:10,2022-10-21,2022-10-27,development,-33768.75,75.55731568497394,medium
NIFTY,Adaptive,expiry_settlement,2022-10-31,2022-11-03,development,-723.749999999945,67.96126980506526,low
NIFTY,Adaptive,15:00,2022-10-31,2022-11-03,development,-15933.75,67.96126980506526,low
NIFTY,Adaptive,15:10,2022-10-31,2022-11-03,development,-17306.25,67.96126980506526,low
NIFTY,Adaptive,expiry_settlement,2022-11-04,2022-11-10,development,-9255.0,46.606896427935645,low
NIFTY,Adaptive,15:00,2022-11-04,2022-11-10,development,-9435.0,46.606896427935645,low
NIFTY,Adaptive,15:10,2022-11-04,2022-11-10,development,-9412.5,46.606896427935645,low
NIFTY,Adaptive,expiry_settlement,2022-11-14,2022-11-17,development,-7121.25,69.08017117664839,low
NIFTY,Adaptive,15:00,2022-11-14,2022-11-17,development,-7687.5,69.08017117664839,low
NIFTY,Adaptive,15:10,2022-11-14,2022-11-17,development,-7290.0,69.08017117664839,low
NIFTY,Adaptive,expiry_settlement,2022-11-21,2022-11-24,development,16049.99999999989,67.29310580602939,low
NIFTY,Adaptive,15:00,2022-11-21,2022-11-24,development,-28203.749999999996,67.29310580602939,low
NIFTY,Adaptive,15:10,2022-11-21,2022-11-24,development,-32459.999999999996,67.29310580602939,low
NIFTY,Adaptive,expiry_settlement,2022-11-28,2022-12-01,development,15363.75,87.29202536187886,low
NIFTY,Adaptive,15:00,2022-11-28,2022-12-01,development,-34087.5,87.29202536187886,low
NIFTY,Adaptive,15:10,2022-11-28,2022-12-01,development,-30982.5,87.29202536187886,low
NIFTY,Adaptive,expiry_settlement,2022-12-05,2022-12-08,development,-8898.75,66.41676171291007,low
NIFTY,Adaptive,15:00,2022-12-05,2022-12-08,development,-9217.5,66.41676171291007,low
NIFTY,Adaptive,15:10,2022-12-05,2022-12-08,development,-9078.75,66.41676171291007,low
NIFTY,Adaptive,expiry_settlement,2022-12-12,2022-12-15,development,-4057.499999999891,57.69216337399248,low
NIFTY,Adaptive,15:00,2022-12-12,2022-12-15,development,-16020.0,57.69216337399248,low
NIFTY,Adaptive,15:10,2022-12-12,2022-12-15,development,-15468.75,57.69216337399248,low
NIFTY,Adaptive,expiry_settlement,2022-12-19,2022-12-22,development,-7353.75,71.25207011297411,low
NIFTY,Adaptive,15:00,2022-12-19,2022-12-22,development,-7552.5,71.25207011297411,low
NIFTY,Adaptive,15:10,2022-12-19,2022-12-22,development,-7522.5,71.25207011297411,low
NIFTY,Adaptive,expiry_settlement,2022-12-26,2022-12-29,development,11583.75,41.50541239473485,low
NIFTY,Adaptive,15:00,2022-12-26,2022-12-29,development,-28770.0,41.50541239473485,low
NIFTY,Adaptive,15:10,2022-12-26,2022-12-29,development,-31908.75,41.50541239473485,low
NIFTY,Adaptive,expiry_settlement,2023-01-02,2023-01-05,validation,-8073.75,70.39737577599736,low
NIFTY,Adaptive,15:00,2023-01-02,2023-01-05,validation,-8265.0,70.39737577599736,low
NIFTY,Adaptive,15:10,2023-01-02,2023-01-05,validation,-8242.5,70.39737577599736,low
NIFTY,Adaptive,expiry_settlement,2023-01-09,2023-01-12,validation,-8006.25,57.523077663490454,low
NIFTY,Adaptive,15:00,2023-01-09,2023-01-12,validation,-8190.0,57.523077663490454,low
NIFTY,Adaptive,15:10,2023-01-09,2023-01-12,validation,-8171.25,57.523077663490454,low
NIFTY,Adaptive,expiry_settlement,2023-01-16,2023-01-19,validation,101.24999999989086,67.07473446042516,low
NIFTY,Adaptive,15:00,2023-01-16,2023-01-19,validation,-15453.75,67.07473446042516,low
NIFTY,Adaptive,15:10,2023-01-16,2023-01-19,validation,-17100.0,67.07473446042516,low
NIFTY,Adaptive,expiry_settlement,2023-01-20,2023-01-25,validation,-7785.0,61.95356383409329,low
NIFTY,Adaptive,15:00,2023-01-20,2023-01-25,validation,-7961.249999999999,61.95356383409329,low
NIFTY,Adaptive,15:10,2023-01-20,2023-01-25,validation,-7953.75,61.95356383409329,low
NIFTY,Batman,expiry_settlement,2023-01-30,2023-02-02,validation,3569.9999999999986,18.75029216205774,low
NIFTY,Batman,15:00,2023-01-30,2023-02-02,validation,1496.2499999999986,18.75029216205774,low
NIFTY,Batman,15:10,2023-01-30,2023-02-02,validation,2639.9999999999986,18.75029216205774,low
NIFTY,Adaptive,expiry_settlement,2023-02-06,2023-02-09,validation,2340.0000000000546,59.95352307236083,low
NIFTY,Adaptive,15:00,2023-02-06,2023-02-09,validation,-18948.75,59.95352307236083,low
NIFTY,Adaptive,15:10,2023-02-06,2023-02-09,validation,-19443.75,59.95352307236083,low
NIFTY,Adaptive,expiry_settlement,2023-02-13,2023-02-16,validation,7571.249999999891,87.09924949609197,low
NIFTY,Adaptive,15:00,2023-02-13,2023-02-16,validation,-23767.5,87.09924949609197,low
NIFTY,Adaptive,15:10,2023-02-13,2023-02-16,validation,-21825.0,87.09924949609197,low
NIFTY,Adaptive,expiry_settlement,2023-02-20,2023-02-23,validation,-6390.0,90.2029861501456,low
NIFTY,Adaptive,15:00,2023-02-20,2023-02-23,validation,-6555.0,90.2029861501456,low
NIFTY,Adaptive,15:10,2023-02-20,2023-02-23,validation,-6547.5,90.2029861501456,low
NIFTY,Adaptive,expiry_settlement,2023-02-27,2023-03-02,validation,-7830.0,58.29621797372519,low
NIFTY,Adaptive,15:00,2023-02-27,2023-03-02,validation,-8002.5,58.29621797372519,low
NIFTY,Adaptive,15:10,2023-02-27,2023-03-02,validation,-7991.250000000001,58.29621797372519,low
NIFTY,Adaptive,expiry_settlement,2023-03-03,2023-03-09,validation,2523.749999999891,68.99245697590717,low
NIFTY,Adaptive,15:00,2023-03-03,2023-03-09,validation,-20268.75,68.99245697590717,low
NIFTY,Adaptive,15:10,2023-03-03,2023-03-09,validation,-19736.25,68.99245697590717,low
NIFTY,Adaptive,expiry_settlement,2023-03-13,2023-03-16,validation,-7275.0,69.30407643425835,low
NIFTY,Adaptive,15:00,2023-03-13,2023-03-16,validation,-7436.25,69.30407643425835,low
NIFTY,Adaptive,15:10,2023-03-13,2023-03-16,validation,-7436.25,69.30407643425835,low
NIFTY,Adaptive,expiry_settlement,2023-03-20,2023-03-23,validation,-18356.24999999989,56.261366576122164,medium
NIFTY,Adaptive,15:00,2023-03-20,2023-03-23,validation,-39041.25,56.261366576122164,medium
NIFTY,Adaptive,15:10,2023-03-20,2023-03-23,validation,-37807.5,56.261366576122164,medium
NIFTY,Adaptive,expiry_settlement,2023-03-24,2023-03-29,validation,-19709.999999999945,66.13340281721646,medium
NIFTY,Adaptive,15:00,2023-03-24,2023-03-29,validation,-29235.0,66.13340281721646,medium
NIFTY,Adaptive,15:10,2023-03-24,2023-03-29,validation,-31575.0,66.13340281721646,medium
NIFTY,Adaptive,expiry_settlement,2023-03-31,2023-04-06,validation,2943.750000000111,96.97366282500248,medium
NIFTY,Adaptive,15:00,2023-03-31,2023-04-06,validation,-50347.5,96.97366282500248,medium
NIFTY,Adaptive,15:10,2023-03-31,2023-04-06,validation,-50085.0,96.97366282500248,medium
NIFTY,Adaptive,expiry_settlement,2023-04-10,2023-04-13,validation,-5388.75,152.72738848188024,medium
NIFTY,Adaptive,15:00,2023-04-10,2023-04-13,validation,-31965.0,152.72738848188024,medium
NIFTY,Adaptive,15:10,2023-04-10,2023-04-13,validation,-32283.750000000004,152.72738848188024,medium
NIFTY,Adaptive,expiry_settlement,2023-04-17,2023-04-20,validation,-7237.5,61.953041349166504,low
NIFTY,Adaptive,15:00,2023-04-17,2023-04-20,validation,-7526.25,61.953041349166504,low
NIFTY,Adaptive,15:10,2023-04-17,2023-04-20,validation,-7406.25,61.953041349166504,low
NIFTY,Adaptive,expiry_settlement,2023-04-24,2023-04-27,validation,13514.999999999945,79.48099956119503,low
NIFTY,Adaptive,15:00,2023-04-24,2023-04-27,validation,-24427.5,79.48099956119503,low
NIFTY,Adaptive,15:10,2023-04-24,2023-04-27,validation,-25698.75,79.48099956119503,low
NIFTY,Adaptive,expiry_settlement,2023-04-28,2023-05-04,validation,18858.749999999945,45.684270007469635,low
NIFTY,Adaptive,15:00,2023-04-28,2023-05-04,validation,-32932.5,45.684270007469635,low
NIFTY,Adaptive,15:10,2023-04-28,2023-05-04,validation,-34965.0,45.684270007469635,low
NIFTY,Adaptive,expiry_settlement,2023-05-08,2023-05-11,validation,1653.7499999999998,71.11491434261136,low
NIFTY,Adaptive,15:00,2023-05-08,2023-05-11,validation,-12967.5,71.11491434261136,low
NIFTY,Adaptive,15:10,2023-05-08,2023-05-11,validation,-12495.000000000002,71.11491434261136,low
NIFTY,Adaptive,expiry_settlement,2023-05-15,2023-05-18,validation,-6048.75,82.33407524755587,low
NIFTY,Adaptive,15:00,2023-05-15,2023-05-18,validation,-6221.25,82.33407524755587,low
NIFTY,Adaptive,15:10,2023-05-15,2023-05-18,validation,-6206.25,82.33407524755587,low
NIFTY,Adaptive,expiry_settlement,2023-05-22,2023-05-25,validation,-1616.249999999891,60.907736340848004,low
NIFTY,Adaptive,15:00,2023-05-22,2023-05-25,validation,-11328.75,60.907736340848004,low
NIFTY,Adaptive,15:10,2023-05-22,2023-05-25,validation,-12187.5,60.907736340848004,low
NIFTY,Adaptive,expiry_settlement,2023-05-29,2023-06-01,validation,-5583.75,74.43150721433193,low
NIFTY,Adaptive,15:00,2023-05-29,2023-06-01,validation,-5760.0,74.43150721433193,low
NIFTY,Adaptive,15:10,2023-05-29,2023-06-01,validation,-5748.75,74.43150721433193,low
NIFTY,Adaptive,expiry_settlement,2023-06-05,2023-06-08,validation,-4695.000000000055,62.06322155265645,low
NIFTY,Adaptive,15:00,2023-06-05,2023-06-08,validation,-10638.750000000002,62.06322155265645,low
NIFTY,Adaptive,15:10,2023-06-05,2023-06-08,validation,-9956.25,62.06322155265645,low
NIFTY,Adaptive,expiry_settlement,2023-06-12,2023-06-15,validation,14.999999999890434,64.30843962204709,low
NIFTY,Adaptive,15:00,2023-06-12,2023-06-15,validation,-12618.75,64.30843962204709,low
NIFTY,Adaptive,15:10,2023-06-12,2023-06-15,validation,-13860.0,64.30843962204709,low
NIFTY,Adaptive,expiry_settlement,2023-06-19,2023-06-22,validation,-5808.75,78.09024690603648,low
NIFTY,Adaptive,15:00,2023-06-19,2023-06-22,validation,-6026.250000000001,78.09024690603648,low
NIFTY,Adaptive,15:10,2023-06-19,2023-06-22,validation,-5973.75,78.09024690603648,low
NIFTY,Adaptive,expiry_settlement,2023-06-23,2023-06-28,validation,12941.24999999989,40.54601464252209,low
NIFTY,Adaptive,15:00,2023-06-23,2023-06-28,validation,-28957.5,40.54601464252209,low
NIFTY,Adaptive,15:10,2023-06-23,2023-06-28,validation,-26932.5,40.54601464252209,low
NIFTY,Adaptive,expiry_settlement,2023-07-03,2023-07-06,validation,9449.999999999945,78.02697401923095,low
NIFTY,Adaptive,15:00,2023-07-03,2023-07-06,validation,-19961.25,78.02697401923095,low
NIFTY,Adaptive,15:10,2023-07-03,2023-07-06,validation,-20362.5,78.02697401923095,low
NIFTY,Adaptive,expiry_settlement,2023-07-10,2023-07-13,validation,-4998.75,69.4736106296007,low
NIFTY,Adaptive,15:00,2023-07-10,2023-07-13,validation,-6817.5,69.4736106296007,low
NIFTY,Adaptive,15:10,2023-07-10,2023-07-13,validation,-6603.750000000001,69.4736106296007,low
NIFTY,Adaptive,expiry_settlement,2023-07-17,2023-07-20,validation,24502.50000000011,60.88006958338512,low
NIFTY,Adaptive,15:00,2023-07-17,2023-07-20,validation,-39071.25,60.88006958338512,low
NIFTY,Adaptive,15:10,2023-07-17,2023-07-20,validation,-40537.5,60.88006958338512,low
NIFTY,Adaptive,expiry_settlement,2023-07-24,2023-07-27,validation,-9078.75,46.23720141408699,low
NIFTY,Adaptive,15:00,2023-07-24,2023-07-27,validation,-9288.75,46.23720141408699,low
NIFTY,Adaptive,15:10,2023-07-24,2023-07-27,validation,-9262.5,46.23720141408699,low
NIFTY,Adaptive,expiry_settlement,2023-07-31,2023-08-03,validation,-6907.5,57.17745175725189,low
NIFTY,Adaptive,15:00,2023-07-31,2023-08-03,validation,-7076.25,57.17745175725189,low
NIFTY,Adaptive,15:10,2023-07-31,2023-08-03,validation,-7064.999999999999,57.17745175725189,low
NIFTY,Adaptive,expiry_settlement,2023-08-07,2023-08-10,validation,-6393.75,69.71606275755164,low
NIFTY,Adaptive,15:00,2023-08-07,2023-08-10,validation,-6903.75,69.71606275755164,low
NIFTY,Adaptive,15:10,2023-08-07,2023-08-10,validation,-6765.0,69.71606275755164,low
NIFTY,Adaptive,expiry_settlement,2023-08-11,2023-08-17,validation,-1282.5000000000018,77.42874157403594,medium
NIFTY,Adaptive,15:00,2023-08-11,2023-08-17,validation,-38733.75,77.42874157403594,medium
NIFTY,Adaptive,15:10,2023-08-11,2023-08-17,validation,-40496.25,77.42874157403594,medium
NIFTY,Adaptive,expiry_settlement,2023-08-21,2023-08-24,validation,-3161.249999999945,84.3668454281858,low
NIFTY,Adaptive,15:00,2023-08-21,2023-08-24,validation,-10338.75,84.3668454281858,low
NIFTY,Adaptive,15:10,2023-08-21,2023-08-24,validation,-9570.0,84.3668454281858,low
NIFTY,Adaptive,expiry_settlement,2023-08-28,2023-08-31,validation,-6903.750000000055,60.941686418415905,low
NIFTY,Adaptive,15:00,2023-08-28,2023-08-31,validation,-9075.0,60.941686418415905,low
NIFTY,Adaptive,15:10,2023-08-28,2023-08-31,validation,-7503.75,60.941686418415905,low
NIFTY,Adaptive,expiry_settlement,2023-09-04,2023-09-07,validation,11118.749999999945,77.11219499725624,low
NIFTY,Adaptive,15:00,2023-09-04,2023-09-07,validation,-24678.75,77.11219499725624,low
NIFTY,Adaptive,15:10,2023-09-04,2023-09-07,validation,-23227.5,77.11219499725624,low
NIFTY,Adaptive,expiry_settlement,2023-09-11,2023-09-14,validation,8842.49999999989,62.72335814611948,low
NIFTY,Adaptive,15:00,2023-09-11,2023-09-14,validation,-21206.25,62.72335814611948,low
NIFTY,Adaptive,15:10,2023-09-11,2023-09-14,validation,-21453.75,62.72335814611948,low
NIFTY,Adaptive,expiry_settlement,2023-09-15,2023-09-21,validation,-9202.5,37.536415040975754,low
NIFTY,Adaptive,15:00,2023-09-15,2023-09-21,validation,-9360.0,37.536415040975754,low
NIFTY,Adaptive,15:10,2023-09-15,2023-09-21,validation,-9356.25,37.536415040975754,low
NIFTY,Adaptive,expiry_settlement,2023-09-25,2023-09-28,validation,-7980.0,45.68520581893467,low
NIFTY,Adaptive,15:00,2023-09-25,2023-09-28,validation,-8175.0,45.68520581893467,low
NIFTY,Adaptive,15:10,2023-09-25,2023-09-28,validation,-8145.000000000001,45.68520581893467,low
NIFTY,Adaptive,expiry_settlement,2023-09-29,2023-10-05,validation,-21990.0,49.99181042450886,medium
NIFTY,Adaptive,15:00,2023-09-29,2023-10-05,validation,-24007.499999999996,49.99181042450886,medium
NIFTY,Adaptive,15:10,2023-09-29,2023-10-05,validation,-24097.5,49.99181042450886,medium
NIFTY,Adaptive,expiry_settlement,2023-10-09,2023-10-12,validation,1004.9999999999983,75.54963910086836,medium
NIFTY,Adaptive,15:00,2023-10-09,2023-10-12,validation,-44257.5,75.54963910086836,medium
NIFTY,Adaptive,15:10,2023-10-09,2023-10-12,validation,-44118.75,75.54963910086836,medium
NIFTY,Adaptive,expiry_settlement,2023-10-16,2023-10-19,validation,-7773.750000000109,90.81268670333863,medium
NIFTY,Adaptive,15:00,2023-10-16,2023-10-19,validation,-28233.75,90.81268670333863,medium
NIFTY,Adaptive,15:10,2023-10-16,2023-10-19,validation,-29452.500000000004,90.81268670333863,medium
NIFTY,Adaptive,expiry_settlement,2023-10-20,2023-10-26,validation,87258.75,25.90638263326704,medium
NIFTY,Adaptive,15:00,2023-10-20,2023-10-26,validation,-133818.75,25.90638263326704,medium
NIFTY,Adaptive,15:10,2023-10-20,2023-10-26,validation,-136830.0,25.90638263326704,medium
NIFTY,Adaptive,expiry_settlement,2023-10-30,2023-11-02,validation,8977.5,38.66413825278694,high
NIFTY,Adaptive,15:00,2023-10-30,2023-11-02,validation,-11542.499999999998,38.66413825278694,high
NIFTY,Adaptive,15:10,2023-10-30,2023-11-02,validation,-11246.25,38.66413825278694,high
NIFTY,Adaptive,expiry_settlement,2023-11-06,2023-11-09,validation,1608.7499999999459,11.175876897403,high
NIFTY,Adaptive,15:00,2023-11-06,2023-11-09,validation,-6086.249999999999,11.175876897403,high
NIFTY,Adaptive,15:10,2023-11-06,2023-11-09,validation,-5497.499999999999,11.175876897403,high
NIFTY,Adaptive,expiry_settlement,2023-11-20,2023-11-23,validation,3052.499999999999,12.67341510347326,high
NIFTY,Adaptive,15:00,2023-11-20,2023-11-23,validation,-5617.5,12.67341510347326,high
NIFTY,Adaptive,15:10,2023-11-20,2023-11-23,validation,-4886.25,12.67341510347326,high
NIFTY,Adaptive,expiry_settlement,2023-11-24,2023-11-30,validation,14268.75000000011,41.284754170587156,low
NIFTY,Adaptive,15:00,2023-11-24,2023-11-30,validation,-28038.75,41.284754170587156,low
NIFTY,Adaptive,15:10,2023-11-24,2023-11-30,validation,-28668.75,41.284754170587156,low
NIFTY,Adaptive,expiry_settlement,2023-12-04,2023-12-07,validation,17287.50000000011,38.2105729250571,low
NIFTY,Adaptive,15:00,2023-12-04,2023-12-07,validation,-35448.75,38.2105729250571,low
NIFTY,Adaptive,15:10,2023-12-04,2023-12-07,validation,-35385.0,38.2105729250571,low
NIFTY,Adaptive,expiry_settlement,2023-12-11,2023-12-14,validation,-8898.749999999947,78.09618923985998,medium
NIFTY,Adaptive,15:00,2023-12-11,2023-12-14,validation,-35370.0,78.09618923985998,medium
NIFTY,Adaptive,15:10,2023-12-11,2023-12-14,validation,-35700.0,78.09618923985998,medium
NIFTY,Adaptive,expiry_settlement,2023-12-18,2023-12-21,validation,3753.7500000001073,37.45287797533319,medium
NIFTY,Adaptive,15:00,2023-12-18,2023-12-21,validation,-56381.25,37.45287797533319,medium
NIFTY,Adaptive,15:10,2023-12-18,2023-12-21,validation,-58488.75,37.45287797533319,medium
NIFTY,Adaptive,expiry_settlement,2024-01-01,2024-01-04,validation,-5178.750000000109,6.961567733300387,high
NIFTY,Adaptive,15:00,2024-01-01,2024-01-04,validation,1544.9999999999995,6.961567733300387,high
NIFTY,Adaptive,15:10,2024-01-01,2024-01-04,validation,1477.4999999999998,6.961567733300387,high
NIFTY,Adaptive,expiry_settlement,2024-01-08,2024-01-11,validation,-14508.75000000011,91.70803936628302,medium
NIFTY,Adaptive,15:00,2024-01-08,2024-01-11,validation,-30483.750000000004,91.70803936628302,medium
NIFTY,Adaptive,15:10,2024-01-08,2024-01-11,validation,-31031.25,91.70803936628302,medium
NIFTY,Adaptive,expiry_settlement,2024-01-15,2024-01-18,validation,61016.25,27.39351090556914,medium
NIFTY,Adaptive,15:00,2024-01-15,2024-01-18,validation,-117251.25,27.39351090556914,medium
NIFTY,Adaptive,15:10,2024-01-15,2024-01-18,validation,-116130.0,27.39351090556914,medium
NIFTY,Adaptive,expiry_settlement,2024-01-20,2024-01-25,validation,-16702.50000000011,1.048165520294517,high
NIFTY,Adaptive,15:00,2024-01-20,2024-01-25,validation,41295.0,1.048165520294517,high
NIFTY,Adaptive,15:10,2024-01-20,2024-01-25,validation,37226.25,1.048165520294517,high
NIFTY,Batman,expiry_settlement,2024-01-29,2024-02-01,validation,4031.25,51.45650900638023,high
NIFTY,Batman,15:00,2024-01-29,2024-02-01,validation,1327.5000000000002,51.45650900638023,high
NIFTY,Batman,15:10,2024-01-29,2024-02-01,validation,2838.75,51.45650900638023,high
NIFTY,Adaptive,expiry_settlement,2024-01-29,2024-02-01,validation,4031.25,51.45650900638023,high
NIFTY,Adaptive,15:00,2024-01-29,2024-02-01,validation,1327.5000000000002,51.45650900638023,high
NIFTY,Adaptive,15:10,2024-01-29,2024-02-01,validation,2838.75,51.45650900638023,high
NIFTY,Batman,expiry_settlement,2024-02-05,2024-02-08,validation,10814.999999999945,8.773992051722145,high
NIFTY,Batman,15:00,2024-02-05,2024-02-08,validation,-12821.249999999996,8.773992051722145,high
NIFTY,Batman,15:10,2024-02-05,2024-02-08,validation,-10260.0,8.773992051722145,high
NIFTY,Adaptive,expiry_settlement,2024-02-05,2024-02-08,validation,-2332.4999999999463,32.52492724512375,high
NIFTY,Adaptive,15:00,2024-02-05,2024-02-08,validation,28934.999999999996,32.52492724512375,high
NIFTY,Adaptive,15:10,2024-02-05,2024-02-08,validation,25248.75,32.52492724512375,high
NIFTY,Adaptive,expiry_settlement,2024-02-12,2024-02-15,validation,6982.5,17.01744381705274,high
NIFTY,Adaptive,15:00,2024-02-12,2024-02-15,validation,-10031.25,17.01744381705274,high
NIFTY,Adaptive,15:10,2024-02-12,2024-02-15,validation,-9573.75,17.01744381705274,high
NIFTY,Adaptive,expiry_settlement,2024-02-19,2024-02-22,validation,11647.500000000056,45.472232757694,high
NIFTY,Adaptive,15:00,2024-02-19,2024-02-22,validation,-11553.749999999996,45.472232757694,high
NIFTY,Adaptive,15:10,2024-02-19,2024-02-22,validation,-12776.249999999998,45.472232757694,high
NIFTY,Adaptive,expiry_settlement,2024-02-26,2024-02-29,validation,-16222.500000000055,22.28507821816158,high
NIFTY,Adaptive,15:00,2024-02-26,2024-02-29,validation,19095.0,22.28507821816158,high
NIFTY,Adaptive,15:10,2024-02-26,2024-02-29,validation,19091.250000000004,22.28507821816158,high
NIFTY,Adaptive,expiry_settlement,2024-03-04,2024-03-07,validation,4128.750000000001,11.100554353919206,medium
NIFTY,Adaptive,15:00,2024-03-04,2024-03-07,validation,3686.250000000001,11.100554353919206,medium
NIFTY,Adaptive,15:10,2024-03-04,2024-03-07,validation,3682.5000000000005,11.100554353919206,medium
NIFTY,Adaptive,expiry_settlement,2024-03-11,2024-03-14,validation,23707.499999999785,0.24244070205266108,medium
NIFTY,Adaptive,15:00,2024-03-11,2024-03-14,validation,-84378.75,0.24244070205266108,medium
NIFTY,Adaptive,15:10,2024-03-11,2024-03-14,validation,-82447.5,0.24244070205266108,medium
NIFTY,Adaptive,expiry_settlement,2024-03-18,2024-03-21,validation,-2771.2499999999436,19.430208640037215,high
NIFTY,Adaptive,15:00,2024-03-18,2024-03-21,validation,3292.500000000002,19.430208640037215,high
NIFTY,Adaptive,15:10,2024-03-18,2024-03-21,validation,3183.7500000000014,19.430208640037215,high
NIFTY,Adaptive,expiry_settlement,2024-04-01,2024-04-04,validation,153.75000000010957,18.383967593040754,high
NIFTY,Adaptive,15:00,2024-04-01,2024-04-04,validation,-2351.2499999999995,18.383967593040754,high
NIFTY,Adaptive,15:10,2024-04-01,2024-04-04,validation,-1739.9999999999998,18.383967593040754,high
NIFTY,Adaptive,expiry_settlement,2024-04-05,2024-04-10,validation,5527.499999999999,5.627823889233618,medium
NIFTY,Adaptive,15:00,2024-04-05,2024-04-10,validation,5084.999999999999,5.627823889233618,medium
NIFTY,Adaptive,15:10,2024-04-05,2024-04-10,validation,5088.75,5.627823889233618,medium
NIFTY,Adaptive,expiry_settlement,2024-04-12,2024-04-18,validation,77722.50000000022,7.948103046759648,medium
NIFTY,Adaptive,15:00,2024-04-12,2024-04-18,validation,-129926.25000000001,7.948103046759648,medium
NIFTY,Adaptive,15:10,2024-04-12,2024-04-18,validation,-135101.25,7.948103046759648,medium
NIFTY,Adaptive,expiry_settlement,2024-04-22,2024-04-25,validation,25496.24999999989,55.25435739801717,high
NIFTY,Adaptive,15:00,2024-04-22,2024-04-25,validation,-26463.749999999996,55.25435739801717,high
NIFTY,Adaptive,15:10,2024-04-22,2024-04-25,validation,-24086.25,55.25435739801717,high
NIFTY,Adaptive,expiry_settlement,2024-04-26,2024-05-02,validation,5917.5,10.22898672333949,medium
NIFTY,Adaptive,15:00,2024-04-26,2024-05-02,validation,5475.0,10.22898672333949,medium
NIFTY,Adaptive,15:10,2024-04-26,2024-05-02,validation,5478.750000000001,10.22898672333949,medium
NIFTY,Adaptive,expiry_settlement,2024-05-06,2024-05-09,validation,-29182.5,1.2301230174898592,medium
NIFTY,Adaptive,15:00,2024-05-06,2024-05-09,validation,49106.25,1.2301230174898592,medium
NIFTY,Adaptive,15:10,2024-05-06,2024-05-09,validation,51108.74999999999,1.2301230174898592,medium
NIFTY,Batman,expiry_settlement,2024-05-13,2024-05-16,validation,-2024.9999999998902,17.53687365996869,high
NIFTY,Batman,15:00,2024-05-13,2024-05-16,validation,2475.000000000001,17.53687365996869,high
NIFTY,Batman,15:10,2024-05-13,2024-05-16,validation,4575.000000000004,17.53687365996869,high
NIFTY,Adaptive,expiry_settlement,2024-05-13,2024-05-16,validation,10612.5,37.15510112165349,high
NIFTY,Adaptive,15:00,2024-05-13,2024-05-16,validation,10500.0,37.15510112165349,high
NIFTY,Adaptive,15:10,2024-05-13,2024-05-16,validation,10481.25,37.15510112165349,high
NIFTY,Adaptive,expiry_settlement,2024-05-18,2024-05-23,validation,6225.0,16.433963343664498,medium
NIFTY,Adaptive,15:00,2024-05-18,2024-05-23,validation,5820.0,16.433963343664498,medium
NIFTY,Adaptive,15:10,2024-05-18,2024-05-23,validation,5782.5,16.433963343664498,medium
NIFTY,Batman,expiry_settlement,2024-05-27,2024-05-30,validation,-8302.49999999989,4.766391579347874,high
NIFTY,Batman,15:00,2024-05-27,2024-05-30,validation,12622.5,4.766391579347874,high
NIFTY,Batman,15:10,2024-05-27,2024-05-30,validation,7781.249999999998,4.766391579347874,high
NIFTY,Adaptive,expiry_settlement,2024-05-27,2024-05-30,validation,-28466.24999999989,13.605941084253148,high
NIFTY,Adaptive,15:00,2024-05-27,2024-05-30,validation,53235.0,13.605941084253148,high
NIFTY,Adaptive,15:10,2024-05-27,2024-05-30,validation,48262.5,13.605941084253148,high
NIFTY,Batman,expiry_settlement,2024-06-03,2024-06-06,validation,26853.750000000102,289.18075027427784,high
NIFTY,Batman,15:00,2024-06-03,2024-06-06,validation,23921.249999999996,289.18075027427784,high
NIFTY,Batman,15:10,2024-06-03,2024-06-06,validation,21416.249999999996,289.18075027427784,high
NIFTY,Adaptive,expiry_settlement,2024-06-03,2024-06-06,validation,26853.750000000102,289.18075027427784,high
NIFTY,Adaptive,15:00,2024-06-03,2024-06-06,validation,23921.249999999996,289.18075027427784,high
NIFTY,Adaptive,15:10,2024-06-03,2024-06-06,validation,21416.249999999996,289.18075027427784,high
NIFTY,Batman,expiry_settlement,2024-06-10,2024-06-13,validation,4979.999999999999,60.18542178580866,high
NIFTY,Batman,15:00,2024-06-10,2024-06-13,validation,4042.4999999999995,60.18542178580866,high
NIFTY,Batman,15:10,2024-06-10,2024-06-13,validation,4094.9999999999995,60.18542178580866,high
NIFTY,Adaptive,expiry_settlement,2024-06-10,2024-06-13,validation,14685.00000000011,82.64059657715345,high
NIFTY,Adaptive,15:00,2024-06-10,2024-06-13,validation,15243.75,82.64059657715345,high
NIFTY,Adaptive,15:10,2024-06-10,2024-06-13,validation,15056.25,82.64059657715345,high
NIFTY,Adaptive,expiry_settlement,2024-06-14,2024-06-20,validation,15855.0,35.83006014980454,high
NIFTY,Adaptive,15:00,2024-06-14,2024-06-20,validation,-16353.749999999998,35.83006014980454,high
NIFTY,Adaptive,15:10,2024-06-14,2024-06-20,validation,-16893.75,35.83006014980454,high
NIFTY,Adaptive,expiry_settlement,2024-06-24,2024-06-27,validation,48525.0,55.69274827368929,high
NIFTY,Adaptive,15:00,2024-06-24,2024-06-27,validation,-47396.24999999999,55.69274827368929,high
NIFTY,Adaptive,15:10,2024-06-24,2024-06-27,validation,-47448.75,55.69274827368929,high
NIFTY,Adaptive,expiry_settlement,2024-07-01,2024-07-04,validation,17872.50000000011,27.705144994215235,high
NIFTY,Adaptive,15:00,2024-07-01,2024-07-04,validation,-20212.5,27.705144994215235,high
NIFTY,Adaptive,15:10,2024-07-01,2024-07-04,validation,-19563.75,27.705144994215235,high
NIFTY,Adaptive,expiry_settlement,2024-07-08,2024-07-11,validation,-8534.999999999945,49.11011420526174,low
NIFTY,Adaptive,15:00,2024-07-08,2024-07-11,validation,-13072.5,49.11011420526174,low
NIFTY,Adaptive,15:10,2024-07-08,2024-07-11,validation,-10616.25,49.11011420526174,low
NIFTY,Adaptive,expiry_settlement,2024-07-12,2024-07-18,validation,16218.74999999989,23.822630869262944,low
NIFTY,Adaptive,15:00,2024-07-12,2024-07-18,validation,-37035.0,23.822630869262944,low
NIFTY,Adaptive,15:10,2024-07-12,2024-07-18,validation,-36517.5,23.822630869262944,low
NIFTY,Batman,expiry_settlement,2024-07-22,2024-07-25,validation,9540.0,116.61562685421794,low
NIFTY,Batman,15:00,2024-07-22,2024-07-25,validation,8167.499999999998,116.61562685421794,low
NIFTY,Batman,15:10,2024-07-22,2024-07-25,validation,8534.999999999998,116.61562685421794,low
NIFTY,Adaptive,expiry_settlement,2024-07-22,2024-07-25,validation,-5171.250000000108,38.609420616079056,low
NIFTY,Adaptive,15:00,2024-07-22,2024-07-25,validation,1402.5000000000014,38.609420616079056,low
NIFTY,Adaptive,15:10,2024-07-22,2024-07-25,validation,1275.0000000000011,38.609420616079056,low
NIFTY,Adaptive,expiry_settlement,2024-07-29,2024-08-01,validation,-2024.9999999998913,43.54725011942992,low
NIFTY,Adaptive,15:00,2024-07-29,2024-08-01,validation,-17448.75,43.54725011942992,low
NIFTY,Adaptive,15:10,2024-07-29,2024-08-01,validation,-18397.5,43.54725011942992,low
NIFTY,Batman,expiry_settlement,2024-08-05,2024-08-08,validation,3656.2500000000023,25.099519362824477,medium
NIFTY,Batman,15:00,2024-08-05,2024-08-08,validation,-307.49999999999795,25.099519362824477,medium
NIFTY,Batman,15:10,2024-08-05,2024-08-08,validation,-1128.749999999998,25.099519362824477,medium
NIFTY,Adaptive,expiry_settlement,2024-08-05,2024-08-08,validation,20077.5,58.51663304130271,medium
NIFTY,Adaptive,15:00,2024-08-05,2024-08-08,validation,29778.75,58.51663304130271,medium
NIFTY,Adaptive,15:10,2024-08-05,2024-08-08,validation,31181.25,58.51663304130271,medium
NIFTY,Batman,expiry_settlement,2024-08-09,2024-08-14,validation,12037.5,8.686636264528321,high
NIFTY,Batman,15:00,2024-08-09,2024-08-14,validation,-9967.499999999998,8.686636264528321,high
NIFTY,Batman,15:10,2024-08-09,2024-08-14,validation,-10466.25,8.686636264528321,high
NIFTY,Adaptive,expiry_settlement,2024-08-09,2024-08-14,validation,-7526.25,33.1345440840233,high
NIFTY,Adaptive,15:00,2024-08-09,2024-08-14,validation,30836.25,33.1345440840233,high
NIFTY,Adaptive,15:10,2024-08-09,2024-08-14,validation,30521.250000000004,33.1345440840233,high
NIFTY,Adaptive,expiry_settlement,2024-08-19,2024-08-22,validation,16379.999999999998,36.42951379590286,high
NIFTY,Adaptive,15:00,2024-08-19,2024-08-22,validation,-15438.750000000002,36.42951379590286,high
NIFTY,Adaptive,15:10,2024-08-19,2024-08-22,validation,-15243.75,36.42951379590286,high
NIFTY,Adaptive,expiry_settlement,2024-08-26,2024-08-29,validation,16743.750000000055,45.03975795026449,high
NIFTY,Adaptive,15:00,2024-08-26,2024-08-29,validation,-23208.75,45.03975795026449,high
NIFTY,Adaptive,15:10,2024-08-26,2024-08-29,validation,-22800.0,45.03975795026449,high
NIFTY,Adaptive,expiry_settlement,2024-09-02,2024-09-05,validation,-5666.250000000109,14.646900501061877,high
NIFTY,Adaptive,15:00,2024-09-02,2024-09-05,validation,9228.75,14.646900501061877,high
NIFTY,Adaptive,15:10,2024-09-02,2024-09-05,validation,9359.999999999998,14.646900501061877,high
NIFTY,Adaptive,expiry_settlement,2024-09-09,2024-09-12,validation,45817.50000000011,25.28056625067932,low
NIFTY,Adaptive,15:00,2024-09-09,2024-09-12,validation,-46710.00000000001,25.28056625067932,low
NIFTY,Adaptive,15:10,2024-09-09,2024-09-12,validation,-51813.75,25.28056625067932,low
NIFTY,Adaptive,expiry_settlement,2024-09-16,2024-09-19,validation,-7481.250000000055,53.4702025428354,low
NIFTY,Adaptive,15:00,2024-09-16,2024-09-19,validation,-10222.5,53.4702025428354,low
NIFTY,Adaptive,15:10,2024-09-16,2024-09-19,validation,-9468.75,53.4702025428354,low
NIFTY,Adaptive,expiry_settlement,2024-09-23,2024-09-26,validation,-8640.000000000055,4.259295017325866,medium
NIFTY,Adaptive,15:00,2024-09-23,2024-09-26,validation,-56677.5,4.259295017325866,medium
NIFTY,Adaptive,15:10,2024-09-23,2024-09-26,validation,-56752.5,4.259295017325866,medium
NIFTY,Adaptive,expiry_settlement,2024-09-27,2024-10-03,validation,116786.25000000022,14.913189008126182,medium
NIFTY,Adaptive,15:00,2024-09-27,2024-10-03,validation,-182921.25,14.913189008126182,medium
NIFTY,Adaptive,15:10,2024-09-27,2024-10-03,validation,-183011.25,14.913189008126182,medium
NIFTY,Batman,expiry_settlement,2024-10-07,2024-10-10,validation,2744.9999999999454,16.63556401619427,high
NIFTY,Batman,15:00,2024-10-07,2024-10-10,validation,1342.5,16.63556401619427,high
NIFTY,Batman,15:10,2024-10-07,2024-10-10,validation,1676.2499999999995,16.63556401619427,high
NIFTY,Adaptive,expiry_settlement,2024-10-07,2024-10-10,validation,4316.250000000055,17.758619411517735,high
NIFTY,Adaptive,15:00,2024-10-07,2024-10-10,validation,19350.0,17.758619411517735,high
NIFTY,Adaptive,15:10,2024-10-07,2024-10-10,validation,19057.5,17.758619411517735,high
NIFTY,Adaptive,expiry_settlement,2024-10-14,2024-10-17,validation,-22038.75000000011,34.961934656443596,high
NIFTY,Adaptive,15:00,2024-10-14,2024-10-17,validation,22560.0,34.961934656443596,high
NIFTY,Adaptive,15:10,2024-10-14,2024-10-17,validation,22391.25,34.961934656443596,high
NIFTY,Adaptive,expiry_settlement,2024-10-21,2024-10-24,validation,-36483.74999999989,47.34591835375329,high
NIFTY,Adaptive,15:00,2024-10-21,2024-10-24,validation,38433.75,47.34591835375329,high
NIFTY,Adaptive,15:10,2024-10-21,2024-10-24,validation,38126.25,47.34591835375329,high
NIFTY,Batman,expiry_settlement,2024-11-04,2024-11-07,validation,3401.2499999999995,53.29009556640778,low
NIFTY,Batman,15:00,2024-11-04,2024-11-07,validation,2486.2499999999995,53.29009556640778,low
NIFTY,Batman,15:10,2024-11-04,2024-11-07,validation,2504.9999999999995,53.29009556640778,low
NIFTY,Adaptive,expiry_settlement,2024-11-04,2024-11-07,validation,2223.7500000000005,8.091537411836287,low
NIFTY,Adaptive,15:00,2024-11-04,2024-11-07,validation,1878.7500000000002,8.091537411836287,low
NIFTY,Adaptive,15:10,2024-11-04,2024-11-07,validation,1912.5000000000005,8.091537411836287,low
NIFTY,Adaptive,expiry_settlement,2024-11-11,2024-11-14,validation,53741.24999999989,10.158059378293025,medium
NIFTY,Adaptive,15:00,2024-11-11,2024-11-14,validation,-117315.0,10.158059378293025,medium
NIFTY,Adaptive,15:10,2024-11-11,2024-11-14,validation,-117037.5,10.158059378293025,medium
NIFTY,Batman,expiry_settlement,2024-11-14,2024-11-21,validation,14677.50000000011,34.99494217054527,high
NIFTY,Batman,15:00,2024-11-14,2024-11-21,validation,-7751.250000000001,34.99494217054527,high
NIFTY,Batman,15:10,2024-11-14,2024-11-21,validation,-8295.0,34.99494217054527,high
NIFTY,Adaptive,expiry_settlement,2024-11-14,2024-11-21,validation,14677.50000000011,34.99494217054527,high
NIFTY,Adaptive,15:00,2024-11-14,2024-11-21,validation,-7751.250000000001,34.99494217054527,high
NIFTY,Adaptive,15:10,2024-11-14,2024-11-21,validation,-8295.0,34.99494217054527,high
NIFTY,Batman,expiry_settlement,2024-11-25,2024-11-28,validation,2883.750000000109,13.304389006103023,high
NIFTY,Batman,15:00,2024-11-25,2024-11-28,validation,1005.0000000000015,13.304389006103023,high
NIFTY,Batman,15:10,2024-11-25,2024-11-28,validation,1117.5,13.304389006103023,high
NIFTY,Adaptive,expiry_settlement,2024-11-25,2024-11-28,validation,-17238.74999999989,29.914676862819807,high
NIFTY,Adaptive,15:00,2024-11-25,2024-11-28,validation,41137.5,29.914676862819807,high
NIFTY,Adaptive,15:10,2024-11-25,2024-11-28,validation,41700.0,29.914676862819807,high
NIFTY,Adaptive,expiry_settlement,2024-12-02,2024-12-05,validation,10642.5,5.156009879628294,high
NIFTY,Adaptive,15:00,2024-12-02,2024-12-05,validation,10728.75,5.156009879628294,high
NIFTY,Adaptive,15:10,2024-12-02,2024-12-05,validation,10522.5,5.156009879628294,high
NIFTY,Batman,expiry_settlement,2024-12-09,2024-12-12,validation,4173.749999999946,9.686748896428158,high
NIFTY,Batman,15:00,2024-12-09,2024-12-12,validation,-4173.749999999999,9.686748896428158,high
NIFTY,Batman,15:10,2024-12-09,2024-12-12,validation,-4158.749999999998,9.686748896428158,high
NIFTY,Adaptive,expiry_settlement,2024-12-09,2024-12-12,validation,4605.000000000054,41.83030865171373,high
NIFTY,Adaptive,15:00,2024-12-09,2024-12-12,validation,19556.25,41.83030865171373,high
NIFTY,Adaptive,15:10,2024-12-09,2024-12-12,validation,19395.0,41.83030865171373,high
NIFTY,Adaptive,expiry_settlement,2024-12-16,2024-12-19,validation,-56842.49999999995,31.89561658265373,high
NIFTY,Adaptive,15:00,2024-12-16,2024-12-19,validation,55121.24999999999,31.89561658265373,high
NIFTY,Adaptive,15:10,2024-12-16,2024-12-19,validation,55068.75,31.89561658265373,high
NIFTY,Batman,expiry_settlement,2024-12-20,2024-12-26,validation,12749.999999999945,58.81943393843738,high
NIFTY,Batman,15:00,2024-12-20,2024-12-26,validation,-3108.7500000000014,58.81943393843738,high
NIFTY,Batman,15:10,2024-12-20,2024-12-26,validation,-3000.0,58.81943393843738,high
NIFTY,Adaptive,expiry_settlement,2024-12-20,2024-12-26,validation,12749.999999999945,58.81943393843738,high
NIFTY,Adaptive,15:00,2024-12-20,2024-12-26,validation,-3108.7500000000014,58.81943393843738,high
NIFTY,Adaptive,15:10,2024-12-20,2024-12-26,validation,-3000.0,58.81943393843738,high
NIFTY,Adaptive,expiry_settlement,2024-12-30,2025-01-02,holdout,4038.7500000001082,15.50343701002461,medium
NIFTY,Adaptive,15:00,2024-12-30,2025-01-02,holdout,-64402.5,15.50343701002461,medium
NIFTY,Adaptive,15:10,2024-12-30,2025-01-02,holdout,-62437.5,15.50343701002461,medium
NIFTY,Adaptive,expiry_settlement,2025-01-06,2025-01-09,holdout,-18933.75,21.591051877241892,medium
NIFTY,Adaptive,15:00,2025-01-06,2025-01-09,holdout,30416.249999999996,21.591051877241892,medium
NIFTY,Adaptive,15:10,2025-01-06,2025-01-09,holdout,29684.999999999996,21.591051877241892,medium
NIFTY,Batman,expiry_settlement,2025-01-13,2025-01-16,holdout,1728.750000000001,15.697757035972264,high
NIFTY,Batman,15:00,2025-01-13,2025-01-16,holdout,832.5000000000007,15.697757035972264,high
NIFTY,Batman,15:10,2025-01-13,2025-01-16,holdout,851.2500000000007,15.697757035972264,high
NIFTY,Adaptive,expiry_settlement,2025-01-13,2025-01-16,holdout,11598.75,34.485883153126714,high
NIFTY,Adaptive,15:00,2025-01-13,2025-01-16,holdout,11467.5,34.485883153126714,high
NIFTY,Adaptive,15:10,2025-01-13,2025-01-16,holdout,11452.500000000002,34.485883153126714,high
NIFTY,Batman,expiry_settlement,2025-01-20,2025-01-23,holdout,2130.0000000000005,21.387583100029453,medium
NIFTY,Batman,15:00,2025-01-20,2025-01-23,holdout,1241.2500000000002,21.387583100029453,medium
NIFTY,Batman,15:10,2025-01-20,2025-01-23,holdout,1248.7500000000005,21.387583100029453,medium
NIFTY,Adaptive,expiry_settlement,2025-01-20,2025-01-23,holdout,25383.75000000011,63.840666135143834,medium
NIFTY,Adaptive,15:00,2025-01-20,2025-01-23,holdout,26220.0,63.840666135143834,medium
NIFTY,Adaptive,15:10,2025-01-20,2025-01-23,holdout,26385.0,63.840666135143834,medium
NIFTY,Batman,expiry_settlement,2025-01-27,2025-01-30,holdout,13863.750000000002,28.254134319327715,medium
NIFTY,Batman,15:00,2025-01-27,2025-01-30,holdout,-5036.249999999998,28.254134319327715,medium
NIFTY,Batman,15:10,2025-01-27,2025-01-30,holdout,-8486.249999999996,28.254134319327715,medium
NIFTY,Adaptive,expiry_settlement,2025-01-27,2025-01-30,holdout,3082.500000000002,70.16110793951799,medium
NIFTY,Adaptive,15:00,2025-01-27,2025-01-30,holdout,43856.25,70.16110793951799,medium
NIFTY,Adaptive,15:10,2025-01-27,2025-01-30,holdout,47257.5,70.16110793951799,medium
NIFTY,Adaptive,expiry_settlement,2025-02-03,2025-02-06,holdout,3690.0000000000014,4.195572752811582,medium
NIFTY,Adaptive,15:00,2025-02-03,2025-02-06,holdout,3247.5000000000014,4.195572752811582,medium
NIFTY,Adaptive,15:10,2025-02-03,2025-02-06,holdout,3243.750000000001,4.195572752811582,medium
NIFTY,Adaptive,expiry_settlement,2025-02-10,2025-02-13,holdout,-13537.499999999889,18.675897022793873,medium
NIFTY,Adaptive,15:00,2025-02-10,2025-02-13,holdout,39615.0,18.675897022793873,medium
NIFTY,Adaptive,15:10,2025-02-10,2025-02-13,holdout,40983.75,18.675897022793873,medium
NIFTY,Batman,expiry_settlement,2025-02-17,2025-02-20,holdout,2628.7499999999986,32.45297974513107,medium
NIFTY,Batman,15:00,2025-02-17,2025-02-20,holdout,1694.9999999999984,32.45297974513107,medium
NIFTY,Batman,15:10,2025-02-17,2025-02-20,holdout,1739.9999999999986,32.45297974513107,medium
NIFTY,Adaptive,expiry_settlement,2025-02-17,2025-02-20,holdout,20797.49999999989,80.0222390649522,medium
NIFTY,Adaptive,15:00,2025-02-17,2025-02-20,holdout,29617.5,80.0222390649522,medium
NIFTY,Adaptive,15:10,2025-02-17,2025-02-20,holdout,30030.0,80.0222390649522,medium
NIFTY,Batman,expiry_settlement,2025-02-21,2025-02-27,holdout,-1852.5000000000557,10.534009152613166,medium
NIFTY,Batman,15:00,2025-02-21,2025-02-27,holdout,4867.499999999998,10.534009152613166,medium
NIFTY,Batman,15:10,2025-02-21,2025-02-27,holdout,4860.000000000001,10.534009152613166,medium
NIFTY,Adaptive,expiry_settlement,2025-02-21,2025-02-27,holdout,-3656.250000000051,45.26152589460446,medium
NIFTY,Adaptive,15:00,2025-02-21,2025-02-27,holdout,48776.25,45.26152589460446,medium
NIFTY,Adaptive,15:10,2025-02-21,2025-02-27,holdout,48753.75000000001,45.26152589460446,medium
NIFTY,Adaptive,expiry_settlement,2025-03-03,2025-03-06,holdout,-9656.250000000055,6.270250438030125,medium
NIFTY,Adaptive,15:00,2025-03-03,2025-03-06,holdout,49083.75,6.270250438030125,medium
NIFTY,Adaptive,15:10,2025-03-03,2025-03-06,holdout,49211.25,6.270250438030125,medium
NIFTY,Adaptive,expiry_settlement,2025-03-10,2025-03-13,holdout,3375.0000000000555,2.6230443632306937,medium
NIFTY,Adaptive,15:00,2025-03-10,2025-03-13,holdout,3457.4999999999995,2.6230443632306937,medium
NIFTY,Adaptive,15:10,2025-03-10,2025-03-13,holdout,3498.7500000000005,2.6230443632306937,medium
NIFTY,Adaptive,expiry_settlement,2025-03-17,2025-03-20,holdout,38100.00000000011,1.3940820430150707,low
NIFTY,Adaptive,15:00,2025-03-17,2025-03-20,holdout,-59478.75,1.3940820430150707,low
NIFTY,Adaptive,15:10,2025-03-17,2025-03-20,holdout,-58882.5,1.3940820430150707,low
NIFTY,Adaptive,expiry_settlement,2025-03-24,2025-03-27,holdout,2819.9999999999995,1.0903778616713822,medium
NIFTY,Adaptive,15:00,2025-03-24,2025-03-27,holdout,2385.0,1.0903778616713822,medium
NIFTY,Adaptive,15:10,2025-03-24,2025-03-27,holdout,2392.4999999999995,1.0903778616713822,medium
NIFTY,Batman,expiry_settlement,2025-03-28,2025-04-03,holdout,5137.49999999989,16.938232721952467,medium
NIFTY,Batman,15:00,2025-03-28,2025-04-03,holdout,-3213.7500000000005,16.938232721952467,medium
NIFTY,Batman,15:10,2025-03-28,2025-04-03,holdout,-3480.0000000000014,16.938232721952467,medium
NIFTY,Adaptive,expiry_settlement,2025-03-28,2025-04-03,holdout,479.9999999998917,44.04027273030652,medium
NIFTY,Adaptive,15:00,2025-03-28,2025-04-03,holdout,45288.75,44.04027273030652,medium
NIFTY,Adaptive,15:10,2025-03-28,2025-04-03,holdout,44940.0,44.04027273030652,medium
NIFTY,Batman,expiry_settlement,2025-04-04,2025-04-09,holdout,-21254.99999999989,21.92049872197974,medium
NIFTY,Batman,15:00,2025-04-04,2025-04-09,holdout,22837.5,21.92049872197974,medium
NIFTY,Batman,15:10,2025-04-04,2025-04-09,holdout,23021.249999999996,21.92049872197974,medium
NIFTY,Adaptive,expiry_settlement,2025-04-04,2025-04-09,holdout,-29924.99999999989,47.41831504041951,medium
NIFTY,Adaptive,15:00,2025-04-04,2025-04-09,holdout,74857.5,47.41831504041951,medium
NIFTY,Adaptive,15:10,2025-04-04,2025-04-09,holdout,75052.5,47.41831504041951,medium
NIFTY,Batman,expiry_settlement,2025-04-11,2025-04-17,holdout,-38167.50000000011,144.17773609397784,high
NIFTY,Adaptive,expiry_settlement,2025-04-11,2025-04-17,holdout,-38167.50000000011,144.17773609397784,high
NIFTY,Batman,expiry_settlement,2025-04-21,2025-04-24,holdout,9768.750000000055,33.53213638125028,high
NIFTY,Batman,15:00,2025-04-21,2025-04-24,holdout,-4732.5,33.53213638125028,high
NIFTY,Batman,15:10,2025-04-21,2025-04-24,holdout,-5475.000000000001,33.53213638125028,high
NIFTY,Adaptive,expiry_settlement,2025-04-21,2025-04-24,holdout,12948.75,56.77073957321381,high
NIFTY,Adaptive,15:00,2025-04-21,2025-04-24,holdout,12836.25,56.77073957321381,high
NIFTY,Adaptive,15:10,2025-04-21,2025-04-24,holdout,12813.75,56.77073957321381,high
NIFTY,Batman,expiry_settlement,2025-04-25,2025-04-30,holdout,3633.75,44.809803319347765,high
NIFTY,Batman,15:00,2025-04-25,2025-04-30,holdout,2748.7500000000005,44.809803319347765,high
NIFTY,Batman,15:10,2025-04-25,2025-04-30,holdout,2741.2500000000005,44.809803319347765,high
NIFTY,Adaptive,expiry_settlement,2025-04-25,2025-04-30,holdout,11805.0,50.46336988070823,high
NIFTY,Adaptive,15:00,2025-04-25,2025-04-30,holdout,11703.75,50.46336988070823,high
NIFTY,Adaptive,15:10,2025-04-25,2025-04-30,holdout,11673.75,50.46336988070823,high
NIFTY,Batman,expiry_settlement,2025-05-05,2025-05-08,holdout,6776.250000000054,11.311631100090038,high
NIFTY,Batman,15:00,2025-05-05,2025-05-08,holdout,-4365.0,11.311631100090038,high
NIFTY,Batman,15:10,2025-05-05,2025-05-08,holdout,-2392.500000000001,11.311631100090038,high
NIFTY,Adaptive,expiry_settlement,2025-05-05,2025-05-08,holdout,-12071.250000000055,34.96421689630347,high
NIFTY,Adaptive,15:00,2025-05-05,2025-05-08,holdout,13725.0,34.96421689630347,high
NIFTY,Adaptive,15:10,2025-05-05,2025-05-08,holdout,10950.0,34.96421689630347,high
NIFTY,Batman,expiry_settlement,2025-05-12,2025-05-15,holdout,-569.9999999998909,1.0680627442977317,high
NIFTY,Batman,15:00,2025-05-12,2025-05-15,holdout,963.7499999999975,1.0680627442977317,high
NIFTY,Batman,15:10,2025-05-12,2025-05-15,holdout,1912.5,1.0680627442977317,high
NIFTY,Adaptive,expiry_settlement,2025-05-12,2025-05-15,holdout,35246.24999999989,40.04716281739797,high
NIFTY,Adaptive,15:00,2025-05-12,2025-05-15,holdout,-34871.25,40.04716281739797,high
NIFTY,Adaptive,15:10,2025-05-12,2025-05-15,holdout,-36018.75,40.04716281739797,high
NIFTY,Batman,expiry_settlement,2025-05-19,2025-05-22,holdout,168.7500000000565,33.26487050647799,high
NIFTY,Batman,15:00,2025-05-19,2025-05-22,holdout,5340.0,33.26487050647799,high
NIFTY,Batman,15:10,2025-05-19,2025-05-22,holdout,5077.500000000001,33.26487050647799,high
NIFTY,Adaptive,expiry_settlement,2025-05-19,2025-05-22,holdout,-16848.749999999945,51.44144933706883,high
NIFTY,Adaptive,15:00,2025-05-19,2025-05-22,holdout,40998.75,51.44144933706883,high
NIFTY,Adaptive,15:10,2025-05-19,2025-05-22,holdout,41366.25,51.44144933706883,high
NIFTY,Batman,expiry_settlement,2025-05-26,2025-05-29,holdout,14490.00000000011,72.635923749915,high
NIFTY,Batman,15:00,2025-05-26,2025-05-29,holdout,-2891.25,72.635923749915,high
NIFTY,Batman,15:10,2025-05-26,2025-05-29,holdout,-4672.499999999999,72.635923749915,high
NIFTY,Adaptive,expiry_settlement,2025-05-26,2025-05-29,holdout,14490.00000000011,72.635923749915,high
NIFTY,Adaptive,15:00,2025-05-26,2025-05-29,holdout,-2891.25,72.635923749915,high
NIFTY,Adaptive,15:10,2025-05-26,2025-05-29,holdout,-4672.499999999999,72.635923749915,high
NIFTY,Batman,expiry_settlement,2025-06-02,2025-06-05,holdout,5392.500000000109,64.71086178478289,high
NIFTY,Batman,15:00,2025-06-02,2025-06-05,holdout,3791.25,64.71086178478289,high
NIFTY,Batman,15:10,2025-06-02,2025-06-05,holdout,4301.25,64.71086178478289,high
NIFTY,Adaptive,expiry_settlement,2025-06-02,2025-06-05,holdout,14523.75,89.08257135043216,high
NIFTY,Adaptive,15:00,2025-06-02,2025-06-05,holdout,14400.0,89.08257135043216,high
NIFTY,Adaptive,15:10,2025-06-02,2025-06-05,holdout,14381.25,89.08257135043216,high
NIFTY,Batman,expiry_settlement,2025-06-09,2025-06-12,holdout,9614.999999999944,12.851743040102434,high
NIFTY,Batman,15:00,2025-06-09,2025-06-12,holdout,-6536.25,12.851743040102434,high
NIFTY,Batman,15:10,2025-06-09,2025-06-12,holdout,-7278.750000000001,12.851743040102434,high
NIFTY,Adaptive,expiry_settlement,2025-06-09,2025-06-12,holdout,-15191.249999999945,44.96517904655226,high
NIFTY,Adaptive,15:00,2025-06-09,2025-06-12,holdout,15022.5,44.96517904655226,high
NIFTY,Adaptive,15:10,2025-06-09,2025-06-12,holdout,15547.499999999998,44.96517904655226,high
NIFTY,Batman,expiry_settlement,2025-06-16,2025-06-19,holdout,660.0000000000009,6.7593429109248335,low
NIFTY,Batman,15:00,2025-06-16,2025-06-19,holdout,-213.74999999999903,6.7593429109248335,low
NIFTY,Batman,15:10,2025-06-16,2025-06-19,holdout,-221.24999999999915,6.7593429109248335,low
NIFTY,Adaptive,expiry_settlement,2025-06-16,2025-06-19,holdout,2085.0,28.20125147620174,low
NIFTY,Adaptive,15:00,2025-06-16,2025-06-19,holdout,1803.7499999999998,28.20125147620174,low
NIFTY,Adaptive,15:10,2025-06-16,2025-06-19,holdout,1788.7499999999998,28.20125147620174,low
NIFTY,Batman,expiry_settlement,2025-06-23,2025-06-26,holdout,-14073.75,12.812290992120086,low
NIFTY,Batman,15:00,2025-06-23,2025-06-26,holdout,14452.499999999996,12.812290992120086,low
NIFTY,Batman,15:10,2025-06-23,2025-06-26,holdout,14951.249999999995,12.812290992120086,low
NIFTY,Adaptive,expiry_settlement,2025-06-23,2025-06-26,holdout,47568.75,34.73267432596744,low
NIFTY,Adaptive,15:00,2025-06-23,2025-06-26,holdout,-49856.25,34.73267432596744,low
NIFTY,Adaptive,15:10,2025-06-23,2025-06-26,holdout,-50208.75,34.73267432596744,low
NIFTY,Adaptive,expiry_settlement,2025-06-30,2025-07-03,holdout,-18667.500000000055,23.999461880973765,low
NIFTY,Adaptive,15:00,2025-06-30,2025-07-03,holdout,17388.75,23.999461880973765,low
NIFTY,Adaptive,15:10,2025-06-30,2025-07-03,holdout,17452.5,23.999461880973765,low
NIFTY,Adaptive,expiry_settlement,2025-07-07,2025-07-10,holdout,-7110.000000000001,47.96697202661814,low
NIFTY,Adaptive,15:00,2025-07-07,2025-07-10,holdout,5999.999999999999,47.96697202661814,low
NIFTY,Adaptive,15:10,2025-07-07,2025-07-10,holdout,5591.25,47.96697202661814,low
NIFTY,Adaptive,expiry_settlement,2025-07-14,2025-07-17,holdout,-5512.4999999999445,34.824989027899726,low
NIFTY,Adaptive,15:00,2025-07-14,2025-07-17,holdout,-15483.75,34.824989027899726,low
NIFTY,Adaptive,15:10,2025-07-14,2025-07-17,holdout,-15438.75,34.824989027899726,low
NIFTY,Adaptive,expiry_settlement,2025-07-21,2025-07-24,holdout,3153.749999999891,37.54824794493951,low
NIFTY,Adaptive,15:00,2025-07-21,2025-07-24,holdout,-20392.5,37.54824794493951,low
NIFTY,Adaptive,15:10,2025-07-21,2025-07-24,holdout,-21791.25,37.54824794493951,low
NIFTY,Adaptive,expiry_settlement,2025-07-28,2025-07-31,holdout,-8812.5,25.736564993556296,low
NIFTY,Adaptive,15:00,2025-07-28,2025-07-31,holdout,-12431.25,25.736564993556296,low
NIFTY,Adaptive,15:10,2025-07-28,2025-07-31,holdout,-9000.0,25.736564993556296,low
NIFTY,Adaptive,expiry_settlement,2025-08-04,2025-08-07,holdout,-6412.49999999989,15.978190199080165,low
NIFTY,Adaptive,15:00,2025-08-04,2025-08-07,holdout,5051.250000000001,15.978190199080165,low
NIFTY,Adaptive,15:10,2025-08-04,2025-08-07,holdout,2265.0000000000014,15.978190199080165,low
NIFTY,Adaptive,expiry_settlement,2025-08-11,2025-08-14,holdout,6922.499999999945,16.540043644171725,low
NIFTY,Adaptive,15:00,2025-08-11,2025-08-14,holdout,-29700.0,16.540043644171725,low
NIFTY,Adaptive,15:10,2025-08-11,2025-08-14,holdout,-28500.0,16.540043644171725,low
NIFTY,Adaptive,expiry_settlement,2025-08-22,2025-08-28,holdout,-9127.5,21.170302058376535,low
NIFTY,Adaptive,15:00,2025-08-22,2025-08-28,holdout,-9307.5,21.170302058376535,low
NIFTY,Adaptive,15:10,2025-08-22,2025-08-28,holdout,-9285.0,21.170302058376535,low
NIFTY,Batman,expiry_settlement,2025-08-28,2025-09-02,holdout,1304.9999999999993,0.25936987028426484,low
NIFTY,Batman,15:00,2025-08-28,2025-09-02,holdout,389.99999999999943,0.25936987028426484,low
NIFTY,Batman,15:10,2025-08-28,2025-09-02,holdout,419.9999999999993,0.25936987028426484,low
NIFTY,Adaptive,expiry_settlement,2025-09-04,2025-09-09,holdout,-8966.25,25.10799981033611,low
NIFTY,Adaptive,15:00,2025-09-04,2025-09-09,holdout,-9247.5,25.10799981033611,low
NIFTY,Adaptive,15:10,2025-09-04,2025-09-09,holdout,-9131.25,25.10799981033611,low
NIFTY,Adaptive,expiry_settlement,2025-09-11,2025-09-16,holdout,9164.99999999989,26.31842823053502,low
NIFTY,Adaptive,15:00,2025-09-11,2025-09-16,holdout,-24540.000000000004,26.31842823053502,low
NIFTY,Adaptive,15:10,2025-09-11,2025-09-16,holdout,-26595.0,26.31842823053502,low
NIFTY,Adaptive,expiry_settlement,2025-09-18,2025-09-23,holdout,-9768.75,33.41915502691018,low
NIFTY,Adaptive,15:00,2025-09-18,2025-09-23,holdout,-9933.75,33.41915502691018,low
NIFTY,Adaptive,15:10,2025-09-18,2025-09-23,holdout,-9922.5,33.41915502691018,low
NIFTY,Adaptive,expiry_settlement,2025-09-25,2025-09-30,holdout,-9566.25,29.266378486265697,low
NIFTY,Adaptive,15:00,2025-09-25,2025-09-30,holdout,-9742.499999999998,29.266378486265697,low
NIFTY,Adaptive,15:10,2025-09-25,2025-09-30,holdout,-9731.25,29.266378486265697,low
NIFTY,Adaptive,expiry_settlement,2025-10-01,2025-10-07,holdout,23984.999999999945,9.598082095674883,low
NIFTY,Adaptive,15:00,2025-10-01,2025-10-07,holdout,-46991.25,9.598082095674883,low
NIFTY,Adaptive,15:10,2025-10-01,2025-10-07,holdout,-45187.5,9.598082095674883,low
NIFTY,Adaptive,expiry_settlement,2025-10-08,2025-10-14,holdout,-8936.25,16.52242395620945,low
NIFTY,Adaptive,15:00,2025-10-08,2025-10-14,holdout,-9191.25,16.52242395620945,low
NIFTY,Adaptive,15:10,2025-10-08,2025-10-14,holdout,-9097.5,16.52242395620945,low
NIFTY,Adaptive,expiry_settlement,2025-10-30,2025-11-04,holdout,-10826.25,0.018091371285744028,low
NIFTY,Adaptive,15:00,2025-10-30,2025-11-04,holdout,-11013.75,0.018091371285744028,low
NIFTY,Adaptive,15:10,2025-10-30,2025-11-04,holdout,-10991.249999999998,0.018091371285744028,low
NIFTY,Adaptive,expiry_settlement,2025-11-06,2025-11-11,holdout,412.5,0.5477828082985529,low
NIFTY,Adaptive,15:00,2025-11-06,2025-11-11,holdout,123.75000000000003,0.5477828082985529,low
NIFTY,Adaptive,15:10,2025-11-06,2025-11-11,holdout,112.5,0.5477828082985529,low
NIFTY,Adaptive,expiry_settlement,2025-11-13,2025-11-18,holdout,483.7500000000002,0.30498178600472564,low
NIFTY,Adaptive,15:00,2025-11-13,2025-11-18,holdout,176.25000000000023,0.30498178600472564,low
NIFTY,Adaptive,15:10,2025-11-13,2025-11-18,holdout,183.75000000000023,0.30498178600472564,low
NIFTY,Adaptive,expiry_settlement,2025-11-20,2025-11-25,holdout,-8430.000000000055,12.26655324945568,low
NIFTY,Adaptive,15:00,2025-11-20,2025-11-25,holdout,7728.75,12.26655324945568,low
NIFTY,Adaptive,15:10,2025-11-20,2025-11-25,holdout,8587.5,12.26655324945568,low
NIFTY,Adaptive,expiry_settlement,2025-11-27,2025-12-02,holdout,-9727.5,17.949573319277427,low
NIFTY,Adaptive,15:00,2025-11-27,2025-12-02,holdout,-9900.0,17.949573319277427,low
NIFTY,Adaptive,15:10,2025-11-27,2025-12-02,holdout,-9888.750000000002,17.949573319277427,low
NIFTY,Adaptive,expiry_settlement,2025-12-04,2025-12-09,holdout,-9900.0,12.948486685119502,low
NIFTY,Adaptive,15:00,2025-12-04,2025-12-09,holdout,-10076.25,12.948486685119502,low
NIFTY,Adaptive,15:10,2025-12-04,2025-12-09,holdout,-10065.0,12.948486685119502,low
NIFTY,Adaptive,expiry_settlement,2025-12-11,2025-12-16,holdout,-6161.250000000109,6.796348907917181,low
NIFTY,Adaptive,15:00,2025-12-11,2025-12-16,holdout,-17692.5,6.796348907917181,low
NIFTY,Adaptive,15:10,2025-12-11,2025-12-16,holdout,-15877.5,6.796348907917181,low
NIFTY,Adaptive,expiry_settlement,2025-12-18,2025-12-23,holdout,19425.00000000011,16.018305282980627,low
NIFTY,Adaptive,15:00,2025-12-18,2025-12-23,holdout,-38148.75,16.018305282980627,low
NIFTY,Adaptive,15:10,2025-12-18,2025-12-23,holdout,-37065.0,16.018305282980627,low
NIFTY,Adaptive,expiry_settlement,2025-12-24,2025-12-30,holdout,-9708.75,30.30712765229001,low
NIFTY,Adaptive,15:00,2025-12-24,2025-12-30,holdout,-9873.75,30.30712765229001,low
NIFTY,Adaptive,15:10,2025-12-24,2025-12-30,holdout,-9866.25,30.30712765229001,low
NIFTY,Adaptive,expiry_settlement,2026-01-01,2026-01-06,holdout,-5801.25,50.42536446820772,low
NIFTY,Adaptive,15:00,2026-01-01,2026-01-06,holdout,-6009.25,50.42536446820772,low
NIFTY,Adaptive,15:10,2026-01-01,2026-01-06,holdout,-5944.25,50.42536446820772,low
NIFTY,Adaptive,expiry_settlement,2026-01-08,2026-01-13,holdout,-7371.0,38.60092447541724,low
NIFTY,Adaptive,15:00,2026-01-08,2026-01-13,holdout,-7514.000000000001,38.60092447541724,low
NIFTY,Adaptive,15:10,2026-01-08,2026-01-13,holdout,-7510.750000000001,38.60092447541724,low
NIFTY,Batman,expiry_settlement,2026-01-14,2026-01-20,holdout,-7679.749999999999,8.509249199201344,low
NIFTY,Batman,15:00,2026-01-14,2026-01-20,holdout,1101.750000000002,8.509249199201344,low
NIFTY,Batman,15:10,2026-01-14,2026-01-20,holdout,4062.5000000000027,8.509249199201344,low
NIFTY,Adaptive,expiry_settlement,2026-01-14,2026-01-20,holdout,-26445.25,8.557967930680388,low
NIFTY,Adaptive,15:00,2026-01-14,2026-01-20,holdout,22278.749999999996,8.557967930680388,low
NIFTY,Adaptive,15:10,2026-01-14,2026-01-20,holdout,24829.999999999996,8.557967930680388,low
NIFTY,Batman,expiry_settlement,2026-01-21,2026-01-27,holdout,1631.4999999999995,29.922486828518416,medium
NIFTY,Batman,15:00,2026-01-21,2026-01-27,holdout,-113.75000000000045,29.922486828518416,medium
NIFTY,Batman,15:10,2026-01-21,2026-01-27,holdout,422.49999999999955,29.922486828518416,medium
NIFTY,Adaptive,expiry_settlement,2026-01-21,2026-01-27,holdout,18642.000000000095,61.31004586110132,medium
NIFTY,Adaptive,15:00,2026-01-21,2026-01-27,holdout,23539.75,61.31004586110132,medium
NIFTY,Adaptive,15:10,2026-01-21,2026-01-27,holdout,23263.5,61.31004586110132,medium
NIFTY,Batman,expiry_settlement,2026-01-30,2026-02-03,holdout,4940.000000000048,89.88381281840853,medium
NIFTY,Batman,15:00,2026-01-30,2026-02-03,holdout,12025.0,89.88381281840853,medium
NIFTY,Batman,15:10,2026-01-30,2026-02-03,holdout,7198.75,89.88381281840853,medium
NIFTY,Adaptive,expiry_settlement,2026-01-30,2026-02-03,holdout,-5661.49999999995,142.56514325682357,medium
NIFTY,Adaptive,15:00,2026-01-30,2026-02-03,holdout,60274.50000000001,142.56514325682357,medium
NIFTY,Adaptive,15:10,2026-01-30,2026-02-03,holdout,55399.5,142.56514325682357,medium
NIFTY,Batman,expiry_settlement,2026-02-05,2026-02-10,holdout,7783.750000000095,17.931918633153092,high
NIFTY,Batman,15:00,2026-02-05,2026-02-10,holdout,-4169.75,17.931918633153092,high
NIFTY,Batman,15:10,2026-02-05,2026-02-10,holdout,-5180.5,17.931918633153092,high
NIFTY,Adaptive,expiry_settlement,2026-02-05,2026-02-10,holdout,9100.0,26.834656102200896,high
NIFTY,Adaptive,15:00,2026-02-05,2026-02-10,holdout,8992.75,26.834656102200896,high
NIFTY,Adaptive,15:10,2026-02-05,2026-02-10,holdout,8979.75,26.834656102200896,high
NIFTY,Adaptive,expiry_settlement,2026-02-12,2026-02-17,holdout,-1374.7499999999056,5.218402487763891,high
NIFTY,Adaptive,15:00,2026-02-12,2026-02-17,holdout,2352.9999999999995,5.218402487763891,high
NIFTY,Adaptive,15:10,2026-02-12,2026-02-17,holdout,1251.2499999999998,5.218402487763891,high
NIFTY,Adaptive,expiry_settlement,2026-02-19,2026-02-24,holdout,-26198.249999999905,37.22361747973405,high
NIFTY,Adaptive,15:00,2026-02-19,2026-02-24,holdout,21625.500000000004,37.22361747973405,high
NIFTY,Adaptive,15:10,2026-02-19,2026-02-24,holdout,23325.25,37.22361747973405,high
NIFTY,Batman,expiry_settlement,2026-02-25,2026-03-02,holdout,-21137.999999999953,10.479762185909017,high
NIFTY,Batman,15:00,2026-02-25,2026-03-02,holdout,24829.999999999996,10.479762185909017,high
NIFTY,Batman,15:10,2026-02-25,2026-03-02,holdout,22987.250000000004,10.479762185909017,high
NIFTY,Adaptive,expiry_settlement,2026-02-25,2026-03-02,holdout,-21137.999999999953,10.479762185909017,high
NIFTY,Adaptive,15:00,2026-02-25,2026-03-02,holdout,24829.999999999996,10.479762185909017,high
NIFTY,Adaptive,15:10,2026-02-25,2026-03-02,holdout,22987.250000000004,10.479762185909017,high
NIFTY,Batman,expiry_settlement,2026-03-05,2026-03-10,holdout,13991.249999999902,164.051315539623,high
NIFTY,Batman,15:00,2026-03-05,2026-03-10,holdout,4936.749999999996,164.051315539623,high
NIFTY,Batman,15:10,2026-03-05,2026-03-10,holdout,5206.499999999998,164.051315539623,high
NIFTY,Adaptive,expiry_settlement,2026-03-05,2026-03-10,holdout,13991.249999999902,164.051315539623,high
NIFTY,Adaptive,15:00,2026-03-05,2026-03-10,holdout,4936.749999999996,164.051315539623,high
NIFTY,Adaptive,15:10,2026-03-05,2026-03-10,holdout,5206.499999999998,164.051315539623,high
NIFTY,Batman,expiry_settlement,2026-03-12,2026-03-17,holdout,17731.999999999996,245.62861417423215,high
NIFTY,Batman,15:00,2026-03-12,2026-03-17,holdout,16971.499999999996,245.62861417423215,high
NIFTY,Batman,15:10,2026-03-12,2026-03-17,holdout,16958.5,245.62861417423215,high
NIFTY,Adaptive,expiry_settlement,2026-03-12,2026-03-17,holdout,17731.999999999996,245.62861417423215,high
NIFTY,Adaptive,15:00,2026-03-12,2026-03-17,holdout,16971.499999999996,245.62861417423215,high
NIFTY,Adaptive,15:10,2026-03-12,2026-03-17,holdout,16958.5,245.62861417423215,high
NIFTY,Batman,expiry_settlement,2026-03-19,2026-03-24,holdout,6422.000000000093,146.4967846772557,high
NIFTY,Batman,15:00,2026-03-19,2026-03-24,holdout,10283.0,146.4967846772557,high
NIFTY,Batman,15:10,2026-03-19,2026-03-24,holdout,10452.0,146.4967846772557,high
NIFTY,Adaptive,expiry_settlement,2026-03-19,2026-03-24,holdout,6422.000000000093,146.4967846772557,high
NIFTY,Adaptive,15:00,2026-03-19,2026-03-24,holdout,10283.0,146.4967846772557,high
NIFTY,Adaptive,15:10,2026-03-19,2026-03-24,holdout,10452.0,146.4967846772557,high
NIFTY,Batman,expiry_settlement,2026-03-24,2026-03-30,holdout,11238.500000000095,363.49452622047977,high
NIFTY,Batman,15:00,2026-03-24,2026-03-30,holdout,37121.5,363.49452622047977,high
NIFTY,Batman,15:10,2026-03-24,2026-03-30,holdout,41239.25,363.49452622047977,high
NIFTY,Adaptive,expiry_settlement,2026-03-24,2026-03-30,holdout,11238.500000000095,363.49452622047977,high
NIFTY,Adaptive,15:00,2026-03-24,2026-03-30,holdout,37121.5,363.49452622047977,high
NIFTY,Adaptive,15:10,2026-03-24,2026-03-30,holdout,41239.25,363.49452622047977,high
NIFTY,Batman,expiry_settlement,2026-04-01,2026-04-07,holdout,20965.750000000095,292.44616513838156,high
NIFTY,Batman,15:00,2026-04-01,2026-04-07,holdout,17530.5,292.44616513838156,high
NIFTY,Batman,15:10,2026-04-01,2026-04-07,holdout,17088.5,292.44616513838156,high
NIFTY,Adaptive,expiry_settlement,2026-04-01,2026-04-07,holdout,20965.750000000095,292.44616513838156,high
NIFTY,Adaptive,15:00,2026-04-01,2026-04-07,holdout,17530.5,292.44616513838156,high
NIFTY,Adaptive,15:10,2026-04-01,2026-04-07,holdout,17088.5,292.44616513838156,high
NIFTY,Batman,expiry_settlement,2026-04-08,2026-04-13,holdout,11274.250000000004,153.8547116810458,high
NIFTY,Batman,15:00,2026-04-08,2026-04-13,holdout,10484.500000000002,153.8547116810458,high
NIFTY,Batman,15:10,2026-04-08,2026-04-13,holdout,10484.500000000002,153.8547116810458,high
NIFTY,Adaptive,expiry_settlement,2026-04-08,2026-04-13,holdout,11274.250000000004,153.8547116810458,high
NIFTY,Adaptive,15:00,2026-04-08,2026-04-13,holdout,10484.500000000002,153.8547116810458,high
NIFTY,Adaptive,15:10,2026-04-08,2026-04-13,holdout,10484.500000000002,153.8547116810458,high
NIFTY,Batman,expiry_settlement,2026-04-16,2026-04-21,holdout,7351.499999999905,66.7746298764015,high
NIFTY,Batman,15:00,2026-04-16,2026-04-21,holdout,3389.7500000000005,66.7746298764015,high
NIFTY,Batman,15:10,2026-04-16,2026-04-21,holdout,3328.0,66.7746298764015,high
NIFTY,Adaptive,expiry_settlement,2026-04-16,2026-04-21,holdout,13000.0,84.88178649890351,high
NIFTY,Adaptive,15:00,2026-04-16,2026-04-21,holdout,12886.25,84.88178649890351,high
NIFTY,Adaptive,15:10,2026-04-16,2026-04-21,holdout,12879.75,84.88178649890351,high
NIFTY,Batman,expiry_settlement,2026-04-23,2026-04-28,holdout,16835.000000000047,93.84395619249709,high
NIFTY,Batman,15:00,2026-04-23,2026-04-28,holdout,-351.00000000000034,93.84395619249709,high
NIFTY,Batman,15:10,2026-04-23,2026-04-28,holdout,-1950.000000000001,93.84395619249709,high
NIFTY,Adaptive,expiry_settlement,2026-04-23,2026-04-28,holdout,-1504.7499999999523,108.88447275709225,high
NIFTY,Adaptive,15:00,2026-04-23,2026-04-28,holdout,28577.25,108.88447275709225,high
NIFTY,Adaptive,15:10,2026-04-23,2026-04-28,holdout,32311.5,108.88447275709225,high
NIFTY,Batman,expiry_settlement,2026-04-29,2026-05-05,holdout,5343.0000000000455,62.03845921398458,high
NIFTY,Batman,15:00,2026-04-29,2026-05-05,holdout,682.4999999999982,62.03845921398458,high
NIFTY,Batman,15:10,2026-04-29,2026-05-05,holdout,1706.2499999999982,62.03845921398458,high
NIFTY,Adaptive,expiry_settlement,2026-04-29,2026-05-05,holdout,6811.999999999953,65.94085604576213,high
NIFTY,Adaptive,15:00,2026-04-29,2026-05-05,holdout,16831.75,65.94085604576213,high
NIFTY,Adaptive,15:10,2026-04-29,2026-05-05,holdout,16032.25,65.94085604576213,high
NIFTY,Batman,expiry_settlement,2026-05-07,2026-05-12,holdout,-34134.75000000005,45.53565170575085,high
NIFTY,Batman,15:00,2026-05-07,2026-05-12,holdout,36848.5,45.53565170575085,high
NIFTY,Batman,15:10,2026-05-07,2026-05-12,holdout,40248.0,45.53565170575085,high
NIFTY,Adaptive,expiry_settlement,2026-05-07,2026-05-12,holdout,-51353.25000000005,57.343792619906694,high
NIFTY,Adaptive,15:00,2026-05-07,2026-05-12,holdout,72484.75,57.343792619906694,high
NIFTY,Adaptive,15:10,2026-05-07,2026-05-12,holdout,75166.0,57.343792619906694,high
NIFTY,Batman,expiry_settlement,2026-05-14,2026-05-19,holdout,4995.25,75.9729842359489,high
NIFTY,Batman,15:00,2026-05-14,2026-05-19,holdout,4172.999999999999,75.9729842359489,high
NIFTY,Batman,15:10,2026-05-14,2026-05-19,holdout,4231.5,75.9729842359489,high
NIFTY,Adaptive,expiry_settlement,2026-05-14,2026-05-19,holdout,4995.25,75.9729842359489,high
NIFTY,Adaptive,15:00,2026-05-14,2026-05-19,holdout,4172.999999999999,75.9729842359489,high
NIFTY,Adaptive,15:10,2026-05-14,2026-05-19,holdout,4231.5,75.9729842359489,high
SENSEX,Adaptive,expiry_settlement,2024-01-02,2024-01-05,development,1046.3978249600002,46.86782547950259,high
SENSEX,Adaptive,15:00,2024-01-02,2024-01-05,development,1109.7888289400003,46.86782547950259,high
SENSEX,Adaptive,15:10,2024-01-02,2024-01-05,development,1048.80123208,46.86782547950259,high
SENSEX,Adaptive,expiry_settlement,2024-01-09,2024-01-12,development,13049.074979239942,97.42884095726542,high
SENSEX,Adaptive,15:00,2024-01-09,2024-01-12,development,-17524.47481368,97.42884095726542,high
SENSEX,Adaptive,15:10,2024-01-09,2024-01-12,development,-15999.826799100001,97.42884095726542,high
SENSEX,Adaptive,expiry_settlement,2024-01-16,2024-01-19,development,-16927.90006862008,48.8364490997138,medium
SENSEX,Adaptive,expiry_settlement,2024-01-20,2024-01-25,development,-13519.398807840034,69.25061803594315,high
SENSEX,Adaptive,expiry_settlement,2024-01-30,2024-02-02,development,9013.8793151,413.873251651688,high
SENSEX,Adaptive,15:00,2024-01-30,2024-02-02,development,9019.539943439999,413.873251651688,high
SENSEX,Adaptive,15:10,2024-01-30,2024-02-02,development,9027.665761600001,413.873251651688,high
SENSEX,Adaptive,expiry_settlement,2024-02-06,2024-02-09,development,7375.818531800105,194.31810211332396,high
SENSEX,Adaptive,15:00,2024-02-06,2024-02-09,development,17184.70171022,194.31810211332396,high
SENSEX,Adaptive,15:10,2024-02-06,2024-02-09,development,15590.845457140002,194.31810211332396,high
SENSEX,Adaptive,expiry_settlement,2024-02-13,2024-02-16,development,10678.85395364,158.46478456174108,high
SENSEX,Adaptive,15:00,2024-02-13,2024-02-16,development,10693.051608959999,158.46478456174108,high
SENSEX,Adaptive,15:10,2024-02-13,2024-02-16,development,10681.052691120001,158.46478456174108,high
SENSEX,Adaptive,expiry_settlement,2024-02-20,2024-02-23,development,10547.99283722,149.91815447114342,high
SENSEX,Adaptive,15:00,2024-02-20,2024-02-23,development,10565.190222000001,149.91815447114342,high
SENSEX,Adaptive,15:10,2024-02-20,2024-02-23,development,10554.191213979997,149.91815447114342,high
SENSEX,Adaptive,expiry_settlement,2024-02-27,2024-03-01,development,3474.62122277988,232.0098445159222,medium
SENSEX,Adaptive,15:00,2024-02-27,2024-03-01,development,41070.333594259995,232.0098445159222,medium
SENSEX,Adaptive,15:10,2024-02-27,2024-03-01,development,42192.2324123,232.0098445159222,medium
SENSEX,Adaptive,expiry_settlement,2024-03-04,2024-03-07,development,14440.469802680012,147.17000765145767,medium
SENSEX,Adaptive,15:00,2024-03-04,2024-03-07,development,27206.09247032,147.17000765145767,medium
SENSEX,Adaptive,15:10,2024-03-04,2024-03-07,development,27330.081288,147.17000765145767,medium
SENSEX,Adaptive,expiry_settlement,2024-03-12,2024-03-15,development,-3791.806868640139,14.957699218051106,medium
SENSEX,Adaptive,15:00,2024-03-12,2024-03-15,development,9109.63380494,14.957699218051106,medium
SENSEX,Adaptive,15:10,2024-03-12,2024-03-15,development,10859.745668140002,14.957699218051106,medium
SENSEX,Adaptive,expiry_settlement,2024-03-19,2024-03-22,development,8783.8651151,47.51373186773309,high
SENSEX,Adaptive,15:00,2024-03-19,2024-03-22,development,8819.06087664,47.51373186773309,high
SENSEX,Adaptive,15:10,2024-03-19,2024-03-22,development,8797.062860600001,47.51373186773309,high
SENSEX,Adaptive,expiry_settlement,2024-03-22,2024-03-28,development,8129.559533,43.5663721259648,high
SENSEX,Adaptive,15:00,2024-03-22,2024-03-28,development,8144.75709814,43.5663721259648,high
SENSEX,Adaptive,15:10,2024-03-22,2024-03-28,development,8159.755745440001,43.5663721259648,high
SENSEX,Adaptive,expiry_settlement,2024-04-02,2024-04-05,development,6069.078038720023,66.80397856135731,high
SENSEX,Adaptive,15:00,2024-04-02,2024-04-05,development,-7426.1815930600005,66.80397856135731,high
SENSEX,Adaptive,15:10,2024-04-02,2024-04-05,development,-7679.40610492,66.80397856135731,high
SENSEX,Adaptive,expiry_settlement,2024-04-08,2024-04-12,development,9376.587725440117,64.40293135269344,medium
SENSEX,Adaptive,15:00,2024-04-08,2024-04-12,development,432.46407143999943,64.40293135269344,medium
SENSEX,Adaptive,15:10,2024-04-08,2024-04-12,development,-373.71172124000077,64.40293135269344,medium
SENSEX,Adaptive,expiry_settlement,2024-04-15,2024-04-19,development,12714.620100720034,262.7590900142006,medium
SENSEX,Adaptive,15:00,2024-04-15,2024-04-19,development,33849.43479404,262.7590900142006,medium
SENSEX,Adaptive,15:10,2024-04-15,2024-04-19,development,33009.51054524,262.7590900142006,medium
SENSEX,Adaptive,expiry_settlement,2024-04-23,2024-04-26,development,-17604.68914552014,34.97957579557308,medium
SENSEX,Adaptive,15:00,2024-04-23,2024-04-26,development,-27573.74413378,34.97957579557308,medium
SENSEX,Adaptive,15:10,2024-04-23,2024-04-26,development,-31606.01453882,34.97957579557308,medium
SENSEX,Adaptive,expiry_settlement,2024-04-29,2024-05-03,development,532.2549457601165,27.621940014480423,high
SENSEX,Adaptive,15:00,2024-04-29,2024-05-03,development,-3087.9895324199993,27.621940014480423,high
SENSEX,Adaptive,15:10,2024-04-29,2024-05-03,development,-1725.3510662400004,27.621940014480423,high
SENSEX,Adaptive,expiry_settlement,2024-05-07,2024-05-10,development,-27768.169335279978,89.09517795704973,high
SENSEX,Adaptive,15:00,2024-05-07,2024-05-10,development,26629.33495746,89.09517795704973,high
SENSEX,Adaptive,expiry_settlement,2024-05-14,2024-05-17,development,7315.794748640023,71.0452095658594,high
SENSEX,Adaptive,15:00,2024-05-14,2024-05-17,development,-4220.56728088,71.0452095658594,high
SENSEX,Adaptive,15:10,2024-05-14,2024-05-17,development,-4265.736927139998,71.0452095658594,high
SENSEX,Adaptive,expiry_settlement,2024-05-21,2024-05-24,development,-6130.36550087999,159.7624220185819,medium
SENSEX,Adaptive,15:00,2024-05-21,2024-05-24,development,35481.901941719996,159.7624220185819,medium
SENSEX,Adaptive,15:10,2024-05-21,2024-05-24,development,35463.90356496,159.7624220185819,medium
SENSEX,Adaptive,expiry_settlement,2024-05-28,2024-05-31,development,-5803.804347880046,67.16307005431463,high
SENSEX,Adaptive,expiry_settlement,2024-06-04,2024-06-07,development,13733.518776099989,1961.5452273715337,high
SENSEX,Adaptive,expiry_settlement,2024-06-11,2024-06-14,development,12056.39196542,184.7882078259888,high
SENSEX,Adaptive,15:00,2024-06-11,2024-06-14,development,12079.588809119998,184.7882078259888,high
SENSEX,Adaptive,15:10,2024-06-11,2024-06-14,development,12061.590432359999,184.7882078259888,high
SENSEX,Adaptive,expiry_settlement,2024-06-18,2024-06-21,development,1481.5032434198836,116.9555039107984,high
SENSEX,Adaptive,15:00,2024-06-18,2024-06-21,development,-2954.36140318,116.9555039107984,high
SENSEX,Adaptive,15:10,2024-06-18,2024-06-21,development,-3647.5312811599997,116.9555039107984,high
SENSEX,Adaptive,expiry_settlement,2024-06-25,2024-06-28,development,31149.52688813992,168.30138893548647,high
SENSEX,Adaptive,15:00,2024-06-25,2024-06-28,development,-33424.311249260005,168.30138893548647,high
SENSEX,Adaptive,15:10,2024-06-25,2024-06-28,development,-30278.97786298,168.30138893548647,high
SENSEX,Adaptive,expiry_settlement,2024-07-02,2024-07-05,development,9980.984712080117,140.5245139788515,high
SENSEX,Adaptive,15:00,2024-07-02,2024-07-05,development,-1853.3433118599999,140.5245139788515,high
SENSEX,Adaptive,15:10,2024-07-02,2024-07-05,development,-9283.10498434,140.5245139788515,high
SENSEX,Adaptive,expiry_settlement,2024-07-09,2024-07-12,development,525.8096691599306,161.785084127979,low
SENSEX,Adaptive,15:00,2024-07-09,2024-07-12,development,-18770.859612300002,161.785084127979,low
SENSEX,Adaptive,15:10,2024-07-09,2024-07-12,development,-17181.176046459997,161.785084127979,low
SENSEX,Adaptive,expiry_settlement,2024-07-15,2024-07-19,development,-2227.5197006801163,156.99207551705976,low
SENSEX,Adaptive,15:00,2024-07-15,2024-07-19,development,-0.717850080000173,156.99207551705976,low
SENSEX,Adaptive,15:10,2024-07-15,2024-07-19,development,1427.7043953199995,156.99207551705976,low
SENSEX,Adaptive,expiry_settlement,2024-07-23,2024-07-26,development,14471.466623500022,140.5849255172596,low
SENSEX,Adaptive,15:00,2024-07-23,2024-07-26,development,-14747.718610700002,140.5849255172596,low
SENSEX,Adaptive,15:10,2024-07-23,2024-07-26,development,-14056.927267780002,140.5849255172596,low
SENSEX,Adaptive,expiry_settlement,2024-07-30,2024-08-02,development,-7527.166185660058,125.83771516069515,low
SENSEX,Adaptive,15:00,2024-07-30,2024-08-02,development,4941.584200340001,125.83771516069515,low
SENSEX,Adaptive,15:10,2024-07-30,2024-08-02,development,5201.653932700001,125.83771516069515,low
SENSEX,Adaptive,expiry_settlement,2024-08-06,2024-08-09,development,11441.0450363,177.2003540139963,high
SENSEX,Adaptive,15:00,2024-08-06,2024-08-09,development,11518.23701028,177.2003540139963,high
SENSEX,Adaptive,15:10,2024-08-06,2024-08-09,development,11447.243413059998,177.2003540139963,high
SENSEX,Adaptive,expiry_settlement,2024-08-12,2024-08-16,development,10602.93452732,141.20802136449274,high
SENSEX,Adaptive,15:00,2024-08-12,2024-08-16,development,10625.131461199999,141.20802136449274,high
SENSEX,Adaptive,15:10,2024-08-12,2024-08-16,development,10606.13317462,141.20802136449274,high
SENSEX,Adaptive,expiry_settlement,2024-08-20,2024-08-23,development,9666.129112740127,110.3706058502494,high
SENSEX,Adaptive,15:00,2024-08-20,2024-08-23,development,-9673.7238157,110.3706058502494,high
SENSEX,Adaptive,15:10,2024-08-20,2024-08-23,development,-9828.87203856,110.3706058502494,high
SENSEX,Adaptive,expiry_settlement,2024-08-27,2024-08-30,development,13387.42852722008,111.49940435330696,high
SENSEX,Adaptive,15:00,2024-08-27,2024-08-30,development,-13632.473928319998,111.49940435330696,high
SENSEX,Adaptive,15:10,2024-08-27,2024-08-30,development,-13622.44262004,111.49940435330696,high
SENSEX,Adaptive,expiry_settlement,2024-09-03,2024-09-06,development,-26962.12124394014,111.05939063809237,high
SENSEX,Adaptive,15:00,2024-09-03,2024-09-06,development,26702.186462079997,111.05939063809237,high
SENSEX,Adaptive,15:10,2024-09-03,2024-09-06,development,26167.26346738,111.05939063809237,high
SENSEX,Adaptive,expiry_settlement,2024-09-10,2024-09-13,development,16726.590731000048,223.22775591871056,low
SENSEX,Adaptive,15:10,2024-09-10,2024-09-13,development,-31239.8285142,223.22775591871056,low
SENSEX,Adaptive,expiry_settlement,2024-09-17,2024-09-20,development,23644.463676159958,95.76376971447716,low
SENSEX,Adaptive,15:00,2024-09-17,2024-09-20,development,-34626.3433635,95.76376971447716,low
SENSEX,Adaptive,15:10,2024-09-17,2024-09-20,development,-44139.41825404,95.76376971447716,low
SENSEX,Adaptive,expiry_settlement,2024-09-24,2024-09-27,development,-14561.917322079884,61.19724738554135,medium
SENSEX,Adaptive,15:00,2024-09-24,2024-09-27,development,-42398.96434012,61.19724738554135,medium
SENSEX,Adaptive,15:10,2024-09-24,2024-09-27,development,-42192.745943040005,61.19724738554135,medium
SENSEX,Adaptive,expiry_settlement,2024-09-30,2024-10-04,development,113791.43552558012,149.9511580660869,medium
SENSEX,Adaptive,expiry_settlement,2024-10-08,2024-10-11,development,6040.800601479999,249.9497115636373,high
SENSEX,Adaptive,15:00,2024-10-08,2024-10-11,development,6056.515097759999,249.9497115636373,high
SENSEX,Adaptive,15:10,2024-10-08,2024-10-11,development,6054.587901519999,249.9497115636373,high
SENSEX,Adaptive,expiry_settlement,2024-10-15,2024-10-18,development,-10924.97411756,31.228747536849284,high
SENSEX,Adaptive,15:00,2024-10-15,2024-10-18,development,10398.35553868,31.228747536849284,high
SENSEX,Adaptive,15:10,2024-10-15,2024-10-18,development,11743.80097812,31.228747536849284,high
SENSEX,Adaptive,expiry_settlement,2024-10-22,2024-10-25,development,51273.75235192026,221.1156133055125,medium
SENSEX,Adaptive,expiry_settlement,2024-11-05,2024-11-08,development,14089.18384232014,0.9342991190821034,low
SENSEX,Adaptive,15:00,2024-11-05,2024-11-08,development,-17446.04854932,0.9342991190821034,low
SENSEX,Adaptive,15:10,2024-11-05,2024-11-08,development,-17455.04841592,0.9342991190821034,low
SENSEX,Adaptive,expiry_settlement,2024-11-11,2024-11-14,development,42337.09697560009,56.65159056288472,medium
SENSEX,Adaptive,expiry_settlement,2024-11-18,2024-11-22,development,-10226.40568412001,129.22245452054216,medium
SENSEX,Adaptive,15:00,2024-11-18,2024-11-22,development,39940.47110576,129.22245452054216,medium
SENSEX,Adaptive,15:10,2024-11-18,2024-11-22,development,39922.47857000001,129.22245452054216,medium
SENSEX,Adaptive,expiry_settlement,2024-11-26,2024-11-29,development,-10155.995623320128,171.73781552663917,high
SENSEX,Adaptive,15:00,2024-11-26,2024-11-29,development,13574.69773504,171.73781552663917,high
SENSEX,Adaptive,15:10,2024-11-26,2024-11-29,development,13705.661405559997,171.73781552663917,high
SENSEX,Adaptive,expiry_settlement,2024-12-03,2024-12-06,development,7119.589143800094,155.9540888914038,high
SENSEX,Adaptive,15:00,2024-12-03,2024-12-06,development,-430.6288874799995,155.9540888914038,high
SENSEX,Adaptive,15:10,2024-12-03,2024-12-06,development,-374.69529420000043,155.9540888914038,high
SENSEX,Adaptive,expiry_settlement,2024-12-10,2024-12-13,development,9598.87383968,44.53146470747598,high
SENSEX,Adaptive,15:00,2024-12-10,2024-12-13,development,9671.03900656,44.53146470747598,high
SENSEX,Adaptive,15:10,2024-12-10,2024-12-13,development,9615.06222864,44.53146470747598,high
SENSEX,Adaptive,expiry_settlement,2024-12-17,2024-12-20,development,-39106.08571176007,163.86628336096328,high
SENSEX,Adaptive,expiry_settlement,2024-12-23,2024-12-27,development,4738.192489320001,206.67370272713725,high
SENSEX,Adaptive,15:00,2024-12-23,2024-12-27,development,4750.9136277200005,206.67370272713725,high
SENSEX,Adaptive,15:10,2024-12-23,2024-12-27,development,4757.98449872,206.67370272713725,high
SENSEX,Batman,expiry_settlement,2024-01-20,2024-01-25,development,2959.7323843999643,47.85115783304408,high
SENSEX,Batman,15:00,2024-01-20,2024-01-25,development,4359.061485539998,47.85115783304408,high
SENSEX,Batman,15:10,2024-01-20,2024-01-25,development,827.2731802599981,47.85115783304408,high
SENSEX,Batman,expiry_settlement,2024-01-30,2024-02-02,development,9013.8793151,413.873251651688,high
SENSEX,Batman,15:00,2024-01-30,2024-02-02,development,9019.539943439999,413.873251651688,high
SENSEX,Batman,15:10,2024-01-30,2024-02-02,development,9027.665761600001,413.873251651688,high
SENSEX,Batman,expiry_settlement,2024-02-06,2024-02-09,development,3671.30271738,191.02429983225036,high
SENSEX,Batman,15:00,2024-02-06,2024-02-09,development,3158.50390056,191.02429983225036,high
SENSEX,Batman,15:10,2024-02-06,2024-02-09,development,3667.0746820800005,191.02429983225036,high
SENSEX,Batman,expiry_settlement,2024-02-13,2024-02-16,development,4425.371123420014,155.04952949807452,high
SENSEX,Batman,15:00,2024-02-13,2024-02-16,development,1449.9402319999995,155.04952949807452,high
SENSEX,Batman,15:10,2024-02-13,2024-02-16,development,1459.0302988200006,155.04952949807452,high
SENSEX,Batman,expiry_settlement,2024-02-20,2024-02-23,development,815.61475552,82.53418944709769,high
SENSEX,Batman,15:00,2024-02-20,2024-02-23,development,-86.63788427999991,82.53418944709769,high
SENSEX,Batman,15:10,2024-02-20,2024-02-23,development,722.2900634800001,82.53418944709769,high
SENSEX,Batman,expiry_settlement,2024-03-19,2024-03-22,development,366.2888437599996,32.994295146851044,high
SENSEX,Batman,15:00,2024-03-19,2024-03-22,development,-962.4131320000004,32.994295146851044,high
SENSEX,Batman,15:10,2024-03-19,2024-03-22,development,226.9153834399995,32.994295146851044,high
SENSEX,Batman,expiry_settlement,2024-04-29,2024-05-03,development,532.2549457601165,27.621940014480423,high
SENSEX,Batman,15:00,2024-04-29,2024-05-03,development,-3087.9895324199993,27.621940014480423,high
SENSEX,Batman,15:10,2024-04-29,2024-05-03,development,-1725.3510662400004,27.621940014480423,high
SENSEX,Batman,expiry_settlement,2024-05-07,2024-05-10,development,-2490.413254599977,22.815221938328072,high
SENSEX,Batman,15:00,2024-05-07,2024-05-10,development,4339.947439760003,22.815221938328072,high
SENSEX,Batman,expiry_settlement,2024-05-14,2024-05-17,development,7315.794748640023,71.0452095658594,high
SENSEX,Batman,15:00,2024-05-14,2024-05-17,development,-4220.56728088,71.0452095658594,high
SENSEX,Batman,15:10,2024-05-14,2024-05-17,development,-4265.736927139998,71.0452095658594,high
SENSEX,Batman,expiry_settlement,2024-05-28,2024-05-31,development,-5803.804347880046,67.16307005431463,high
SENSEX,Batman,expiry_settlement,2024-06-04,2024-06-07,development,13733.518776099989,1961.5452273715337,high
SENSEX,Batman,expiry_settlement,2024-06-11,2024-06-14,development,3296.128555959999,137.53099175721658,high
SENSEX,Batman,15:00,2024-06-11,2024-06-14,development,3216.8049021199995,137.53099175721658,high
SENSEX,Batman,15:10,2024-06-11,2024-06-14,development,3307.9220849799995,137.53099175721658,high
SENSEX,Batman,expiry_settlement,2024-07-02,2024-07-05,development,778.56067136,12.28364505661132,high
SENSEX,Batman,15:00,2024-07-02,2024-07-05,development,801.33135156,12.28364505661132,high
SENSEX,Batman,15:10,2024-07-02,2024-07-05,development,710.2371759000002,12.28364505661132,high
SENSEX,Batman,expiry_settlement,2024-08-06,2024-08-09,development,3416.9339806399994,174.94157925419097,high
SENSEX,Batman,15:00,2024-08-06,2024-08-09,development,3426.6931792199994,174.94157925419097,high
SENSEX,Batman,15:10,2024-08-06,2024-08-09,development,3433.7397127199993,174.94157925419097,high
SENSEX,Batman,expiry_settlement,2024-10-08,2024-10-11,development,6040.800601479999,249.9497115636373,high
SENSEX,Batman,15:00,2024-10-08,2024-10-11,development,6056.515097759999,249.9497115636373,high
SENSEX,Batman,15:10,2024-10-08,2024-10-11,development,6054.587901519999,249.9497115636373,high
SENSEX,Batman,expiry_settlement,2024-11-26,2024-11-29,development,5069.035276960127,50.413109420866974,high
SENSEX,Batman,15:00,2024-11-26,2024-11-29,development,-2828.0503742,50.413109420866974,high
SENSEX,Batman,15:10,2024-11-26,2024-11-29,development,-2750.8321935200006,50.413109420866974,high
SENSEX,Batman,expiry_settlement,2024-12-03,2024-12-06,development,7119.589143800094,155.9540888914038,high
SENSEX,Batman,15:00,2024-12-03,2024-12-06,development,-430.6288874799995,155.9540888914038,high
SENSEX,Batman,15:10,2024-12-03,2024-12-06,development,-374.69529420000043,155.9540888914038,high
SENSEX,Batman,expiry_settlement,2024-12-10,2024-12-13,development,4431.107291279907,34.02537487827711,high
SENSEX,Batman,15:00,2024-12-10,2024-12-13,development,1035.56594408,34.02537487827711,high
SENSEX,Batman,15:10,2024-12-10,2024-12-13,development,-1083.2308861599997,34.02537487827711,high
SENSEX,Batman,expiry_settlement,2024-12-17,2024-12-20,development,-39106.08571176007,163.86628336096328,high
SENSEX,Batman,expiry_settlement,2024-12-23,2024-12-27,development,4738.192489320001,206.67370272713725,high
SENSEX,Batman,15:00,2024-12-23,2024-12-27,development,4750.9136277200005,206.67370272713725,high
SENSEX,Batman,15:10,2024-12-23,2024-12-27,development,4757.98449872,206.67370272713725,high
SENSEX,Adaptive,expiry_settlement,2025-01-02,2025-01-07,validation,19447.48391364001,439.5481242284121,medium
SENSEX,Adaptive,15:00,2025-01-02,2025-01-07,validation,35877.184429119996,439.5481242284121,medium
SENSEX,Adaptive,15:10,2025-01-02,2025-01-07,validation,35387.38762232,439.5481242284121,medium
SENSEX,Adaptive,expiry_settlement,2025-01-09,2025-01-14,validation,-619.7736288399075,44.73338444420021,high
SENSEX,Adaptive,15:10,2025-01-09,2025-01-14,validation,3084.0965541199985,44.73338444420021,high
SENSEX,Adaptive,expiry_settlement,2025-01-16,2025-01-21,validation,28166.054628039976,14.562427692996671,medium
SENSEX,Adaptive,15:00,2025-01-16,2025-01-21,validation,-82375.66499319999,14.562427692996671,medium
SENSEX,Adaptive,15:10,2025-01-16,2025-01-21,validation,-81523.48663052,14.562427692996671,medium
SENSEX,Adaptive,expiry_settlement,2025-01-23,2025-01-28,validation,12787.782039840067,132.705976578207,medium
SENSEX,Adaptive,15:00,2025-01-23,2025-01-28,validation,27120.333478679997,132.705976578207,medium
SENSEX,Adaptive,15:10,2025-01-23,2025-01-28,validation,29306.42657352,132.705976578207,medium
SENSEX,Adaptive,expiry_settlement,2025-01-31,2025-02-04,validation,4289.524003440045,993.75589905681,medium
SENSEX,Adaptive,15:00,2025-01-31,2025-02-04,validation,72492.79058924,993.75589905681,medium
SENSEX,Adaptive,15:10,2025-01-31,2025-02-04,validation,72214.90587028,993.75589905681,medium
SENSEX,Adaptive,expiry_settlement,2025-02-06,2025-02-11,validation,-16755.04166771989,252.57472280125836,medium
SENSEX,Adaptive,15:00,2025-02-06,2025-02-11,validation,63942.51817748,252.57472280125836,medium
SENSEX,Adaptive,expiry_settlement,2025-02-13,2025-02-18,validation,20705.779102479984,271.59234237661434,medium
SENSEX,Adaptive,15:00,2025-02-13,2025-02-18,validation,25734.383455799994,271.59234237661434,medium
SENSEX,Adaptive,15:10,2025-02-13,2025-02-18,validation,25197.606138959996,271.59234237661434,medium
SENSEX,Adaptive,expiry_settlement,2025-02-20,2025-02-25,validation,1861.5128943599088,210.0299947983114,medium
SENSEX,Adaptive,15:10,2025-02-20,2025-02-25,validation,40951.56596684001,210.0299947983114,medium
SENSEX,Adaptive,expiry_settlement,2025-03-12,2025-03-18,validation,16707.064919479897,37.162661349174535,low
SENSEX,Adaptive,15:00,2025-03-12,2025-03-18,validation,-13258.02635352,37.162661349174535,low
SENSEX,Adaptive,15:10,2025-03-12,2025-03-18,validation,-14931.323959559997,37.162661349174535,low
SENSEX,Adaptive,expiry_settlement,2025-03-20,2025-03-25,validation,16590.95518908005,44.79831370615308,medium
SENSEX,Adaptive,15:00,2025-03-20,2025-03-25,validation,-64587.516928319994,44.79831370615308,medium
SENSEX,Adaptive,15:10,2025-03-20,2025-03-25,validation,-64299.11814047999,44.79831370615308,medium
SENSEX,Adaptive,expiry_settlement,2025-03-26,2025-04-01,validation,-18776.181958480105,171.80136198307528,medium
SENSEX,Adaptive,15:00,2025-03-26,2025-04-01,validation,60657.445770000006,171.80136198307528,medium
SENSEX,Adaptive,15:10,2025-03-26,2025-04-01,validation,60248.615374119996,171.80136198307528,medium
SENSEX,Adaptive,expiry_settlement,2025-04-03,2025-04-08,validation,-20565.90945111997,129.24068903188325,medium
SENSEX,Adaptive,expiry_settlement,2025-04-08,2025-04-15,validation,15800.27497688,401.8558885070395,high
SENSEX,Adaptive,15:00,2025-04-08,2025-04-15,validation,15802.46917136,401.8558885070395,high
SENSEX,Adaptive,15:10,2025-04-08,2025-04-15,validation,15800.47000072,401.8558885070395,high
SENSEX,Adaptive,expiry_settlement,2025-04-16,2025-04-22,validation,-25671.13327415993,111.98827005600468,high
SENSEX,Adaptive,expiry_settlement,2025-04-24,2025-04-29,validation,3792.2825779200007,191.55717779166872,high
SENSEX,Adaptive,15:00,2025-04-24,2025-04-29,validation,3797.95443764,191.55717779166872,high
SENSEX,Adaptive,15:10,2025-04-24,2025-04-29,validation,3809.0668345599993,191.55717779166872,high
SENSEX,Adaptive,expiry_settlement,2025-04-30,2025-05-06,validation,4798.433204879999,272.23350428984594,high
SENSEX,Adaptive,15:00,2025-04-30,2025-05-06,validation,4821.107011839998,272.23350428984594,high
SENSEX,Adaptive,15:10,2025-04-30,2025-05-06,validation,4810.1637547599985,272.23350428984594,high
SENSEX,Adaptive,expiry_settlement,2025-05-08,2025-05-13,validation,3767.09587364,181.12841965476812,high
SENSEX,Adaptive,15:00,2025-05-08,2025-05-13,validation,3143.68582984,181.12841965476812,high
SENSEX,Adaptive,15:10,2025-05-08,2025-05-13,validation,3765.7580406000006,181.12841965476812,high
SENSEX,Adaptive,expiry_settlement,2025-05-15,2025-05-20,validation,4886.35108636,193.1503410148828,high
SENSEX,Adaptive,15:00,2025-05-15,2025-05-20,validation,4946.9191674799995,193.1503410148828,high
SENSEX,Adaptive,15:10,2025-05-15,2025-05-20,validation,4913.1132026,193.1503410148828,high
SENSEX,Adaptive,expiry_settlement,2025-05-22,2025-05-27,validation,8111.662545960091,251.86804675253256,high
SENSEX,Adaptive,15:00,2025-05-22,2025-05-27,validation,2808.0771442799987,251.86804675253256,high
SENSEX,Adaptive,15:10,2025-05-22,2025-05-27,validation,1536.6172944399982,251.86804675253256,high
SENSEX,Adaptive,expiry_settlement,2025-05-29,2025-06-03,validation,13247.631936679898,219.92534314437407,high
SENSEX,Adaptive,15:00,2025-05-29,2025-06-03,validation,-4205.166138079997,219.92534314437407,high
SENSEX,Adaptive,15:10,2025-05-29,2025-06-03,validation,-3749.2948310799993,219.92534314437407,high
SENSEX,Adaptive,expiry_settlement,2025-06-05,2025-06-10,validation,10320.87271604,142.1222338247614,high
SENSEX,Adaptive,15:00,2025-06-05,2025-06-10,validation,10341.05944628,142.1222338247614,high
SENSEX,Adaptive,15:10,2025-06-05,2025-06-10,validation,10326.06566648,142.1222338247614,high
SENSEX,Adaptive,expiry_settlement,2025-06-12,2025-06-17,validation,-21631.651914119942,76.16969212497547,low
SENSEX,Adaptive,15:00,2025-06-12,2025-06-17,validation,19194.2263974,76.16969212497547,low
SENSEX,Adaptive,expiry_settlement,2025-06-19,2025-06-24,validation,11457.14100892001,79.55723799180095,low
SENSEX,Adaptive,15:00,2025-06-19,2025-06-24,validation,-13986.39572352,79.55723799180095,low
SENSEX,Adaptive,15:10,2025-06-19,2025-06-24,validation,-14020.41581224,79.55723799180095,low
SENSEX,Adaptive,expiry_settlement,2025-06-26,2025-07-01,validation,12805.459636519872,134.5191375155047,low
SENSEX,Adaptive,15:00,2025-06-26,2025-07-01,validation,-10968.4018736,134.5191375155047,low
SENSEX,Adaptive,15:10,2025-06-26,2025-07-01,validation,-11127.598646040002,134.5191375155047,low
SENSEX,Adaptive,expiry_settlement,2025-07-03,2025-07-08,validation,6500.140818919895,116.18759166310568,low
SENSEX,Adaptive,15:00,2025-07-03,2025-07-08,validation,-2630.906965360001,116.18759166310568,low
SENSEX,Adaptive,15:10,2025-07-03,2025-07-08,validation,-5912.406775160002,116.18759166310568,low
SENSEX,Adaptive,expiry_settlement,2025-07-10,2025-07-15,validation,-7806.03077188,106.13458897673544,low
SENSEX,Adaptive,15:00,2025-07-10,2025-07-15,validation,-7848.87369696,106.13458897673544,low
SENSEX,Adaptive,15:10,2025-07-10,2025-07-15,validation,-7814.826617840001,106.13458897673544,low
SENSEX,Adaptive,expiry_settlement,2025-07-17,2025-07-22,validation,-7452.88438984,158.9244921873865,low
SENSEX,Adaptive,15:00,2025-07-17,2025-07-22,validation,-7486.714852800001,158.9244921873865,low
SENSEX,Adaptive,15:10,2025-07-17,2025-07-22,validation,-7463.68300516,158.9244921873865,low
SENSEX,Adaptive,expiry_settlement,2025-07-24,2025-07-29,validation,-6324.4166308,165.90573869947275,low
SENSEX,Adaptive,15:00,2025-07-24,2025-07-29,validation,-6348.2332469600005,165.90573869947275,low
SENSEX,Adaptive,15:10,2025-07-24,2025-07-29,validation,-6334.213861439999,165.90573869947275,low
SENSEX,Adaptive,expiry_settlement,2025-07-31,2025-08-05,validation,-5584.90466436,150.38034818083247,low
SENSEX,Adaptive,15:00,2025-07-31,2025-08-05,validation,8073.16053284,150.38034818083247,low
SENSEX,Adaptive,15:10,2025-07-31,2025-08-05,validation,5537.264757439999,150.38034818083247,low
SENSEX,Adaptive,expiry_settlement,2025-08-07,2025-08-12,validation,-8195.1920824,57.363547995690325,low
SENSEX,Adaptive,15:00,2025-08-07,2025-08-12,validation,-8509.41025576,57.363547995690325,low
SENSEX,Adaptive,15:10,2025-08-07,2025-08-12,validation,-8226.01839132,57.363547995690325,low
SENSEX,Adaptive,expiry_settlement,2025-08-21,2025-08-26,validation,-7279.8126502,94.98450887724267,low
SENSEX,Adaptive,15:00,2025-08-21,2025-08-26,validation,-7308.636189760001,94.98450887724267,low
SENSEX,Adaptive,15:10,2025-08-21,2025-08-26,validation,-7296.6195736,94.98450887724267,low
SENSEX,Adaptive,expiry_settlement,2025-09-01,2025-09-04,validation,2938.0554901198952,45.620040610148585,low
SENSEX,Adaptive,15:00,2025-09-01,2025-09-04,validation,-22938.18882456,45.620040610148585,low
SENSEX,Adaptive,15:10,2025-09-01,2025-09-04,validation,-21843.675369320004,45.620040610148585,low
SENSEX,Adaptive,expiry_settlement,2025-09-08,2025-09-11,validation,6004.704285479918,143.51586808468676,low
SENSEX,Adaptive,15:00,2025-09-08,2025-09-11,validation,-20660.4143482,143.51586808468676,low
SENSEX,Adaptive,15:10,2025-09-08,2025-09-11,validation,-19957.44230284,143.51586808468676,low
SENSEX,Adaptive,expiry_settlement,2025-09-15,2025-09-18,validation,14901.509322200129,151.2329321281769,low
SENSEX,Adaptive,15:00,2025-09-15,2025-09-18,validation,-28272.55656556,151.2329321281769,low
SENSEX,Adaptive,15:10,2025-09-15,2025-09-18,validation,-30139.137609079997,151.2329321281769,low
SENSEX,Adaptive,expiry_settlement,2025-09-22,2025-09-25,validation,-7925.0801188,114.37738281872788,low
SENSEX,Adaptive,15:00,2025-09-22,2025-09-25,validation,-7987.9507374800005,114.37738281872788,low
SENSEX,Adaptive,15:10,2025-09-22,2025-09-25,validation,-7942.88842688,114.37738281872788,low
SENSEX,Adaptive,expiry_settlement,2025-09-26,2025-10-01,validation,-5864.126356800047,18.387953529314,low
SENSEX,Adaptive,15:00,2025-09-26,2025-10-01,validation,-13397.881548199999,18.387953529314,low
SENSEX,Adaptive,15:10,2025-09-26,2025-10-01,validation,-12859.136590359998,18.387953529314,low
SENSEX,Adaptive,expiry_settlement,2025-10-06,2025-10-09,validation,12589.071870480117,127.6836874667982,low
SENSEX,Adaptive,15:00,2025-10-06,2025-10-09,validation,-25730.546233040004,127.6836874667982,low
SENSEX,Adaptive,15:10,2025-10-06,2025-10-09,validation,-26431.515509040004,127.6836874667982,low
SENSEX,Adaptive,expiry_settlement,2025-10-13,2025-10-16,validation,17266.37447280007,66.63729120015087,low
SENSEX,Adaptive,15:00,2025-10-13,2025-10-16,validation,-36232.88092156,66.63729120015087,low
SENSEX,Adaptive,15:10,2025-10-13,2025-10-16,validation,-33191.6756484,66.63729120015087,low
SENSEX,Adaptive,expiry_settlement,2025-10-17,2025-10-23,validation,11655.879567599884,41.24286579787814,low
SENSEX,Adaptive,15:00,2025-10-17,2025-10-23,validation,-34252.79649388,41.24286579787814,low
SENSEX,Adaptive,15:10,2025-10-17,2025-10-23,validation,-30493.598405160003,41.24286579787814,low
SENSEX,Adaptive,expiry_settlement,2025-11-10,2025-11-13,validation,13013.101005759963,21.67350555581421,low
SENSEX,Adaptive,15:00,2025-11-10,2025-11-13,validation,-29740.44038111999,21.67350555581421,low
SENSEX,Adaptive,15:10,2025-11-10,2025-11-13,validation,-29794.515153840002,21.67350555581421,low
SENSEX,Adaptive,expiry_settlement,2025-11-17,2025-11-20,validation,7578.234707479861,29.425570056345983,low
SENSEX,Adaptive,15:00,2025-11-17,2025-11-20,validation,-26345.240945920006,29.425570056345983,low
SENSEX,Adaptive,15:10,2025-11-17,2025-11-20,validation,-25303.80087872,29.425570056345983,low
SENSEX,Adaptive,expiry_settlement,2025-11-24,2025-11-27,validation,-2752.998431159908,13.333523104851713,low
SENSEX,Adaptive,15:00,2025-11-24,2025-11-27,validation,-13240.024578760002,13.333523104851713,low
SENSEX,Adaptive,15:10,2025-11-24,2025-11-27,validation,-15507.15949428,13.333523104851713,low
SENSEX,Adaptive,expiry_settlement,2025-12-01,2025-12-04,validation,-8406.27957988,51.15596191547224,low
SENSEX,Adaptive,15:00,2025-12-01,2025-12-04,validation,-8419.08096456,51.15596191547224,low
SENSEX,Adaptive,15:10,2025-12-01,2025-12-04,validation,-8412.0712718,51.15596191547224,low
SENSEX,Adaptive,expiry_settlement,2025-12-08,2025-12-11,validation,-8394.27460372,59.204756089035726,low
SENSEX,Adaptive,15:00,2025-12-08,2025-12-11,validation,-8403.07044968,59.204756089035726,low
SENSEX,Adaptive,15:10,2025-12-08,2025-12-11,validation,-8399.064910959998,59.204756089035726,low
SENSEX,Adaptive,expiry_settlement,2025-12-15,2025-12-18,validation,-7662.97147264,69.77514524351356,low
SENSEX,Adaptive,15:00,2025-12-15,2025-12-18,validation,-7683.783934759999,69.77514524351356,low
SENSEX,Adaptive,15:10,2025-12-15,2025-12-18,validation,-7669.764549239999,69.77514524351356,low
SENSEX,Adaptive,expiry_settlement,2025-12-19,2025-12-24,validation,1151.752868079942,30.705638316105272,low
SENSEX,Adaptive,15:00,2025-12-19,2025-12-24,validation,-19762.1817096,30.705638316105272,low
SENSEX,Adaptive,15:10,2025-12-19,2025-12-24,validation,-19416.703995,30.705638316105272,low
SENSEX,Batman,expiry_settlement,2025-01-09,2025-01-14,validation,-619.7736288399075,44.73338444420021,high
SENSEX,Batman,15:10,2025-01-09,2025-01-14,validation,3084.0965541199985,44.73338444420021,high
SENSEX,Batman,expiry_settlement,2025-04-16,2025-04-22,validation,-25671.13327415993,111.98827005600468,high
SENSEX,Batman,expiry_settlement,2025-04-24,2025-04-29,validation,3792.2825779200007,191.55717779166872,high
SENSEX,Batman,15:00,2025-04-24,2025-04-29,validation,3797.95443764,191.55717779166872,high
SENSEX,Batman,15:10,2025-04-24,2025-04-29,validation,3809.0668345599993,191.55717779166872,high
SENSEX,Batman,expiry_settlement,2025-04-30,2025-05-06,validation,4798.433204879999,272.23350428984594,high
SENSEX,Batman,15:00,2025-04-30,2025-05-06,validation,4821.107011839998,272.23350428984594,high
SENSEX,Batman,15:10,2025-04-30,2025-05-06,validation,4810.1637547599985,272.23350428984594,high
SENSEX,Batman,expiry_settlement,2025-05-08,2025-05-13,validation,3767.09587364,181.12841965476812,high
SENSEX,Batman,15:00,2025-05-08,2025-05-13,validation,3143.68582984,181.12841965476812,high
SENSEX,Batman,15:10,2025-05-08,2025-05-13,validation,3765.7580406000006,181.12841965476812,high
SENSEX,Batman,expiry_settlement,2025-05-15,2025-05-20,validation,4886.35108636,193.1503410148828,high
SENSEX,Batman,15:00,2025-05-15,2025-05-20,validation,4946.9191674799995,193.1503410148828,high
SENSEX,Batman,15:10,2025-05-15,2025-05-20,validation,4913.1132026,193.1503410148828,high
SENSEX,Batman,expiry_settlement,2025-05-22,2025-05-27,validation,8111.662545960091,251.86804675253256,high
SENSEX,Batman,15:00,2025-05-22,2025-05-27,validation,2808.0771442799987,251.86804675253256,high
SENSEX,Batman,15:10,2025-05-22,2025-05-27,validation,1536.6172944399982,251.86804675253256,high
SENSEX,Batman,expiry_settlement,2025-05-29,2025-06-03,validation,13247.631936679898,219.92534314437407,high
SENSEX,Batman,15:00,2025-05-29,2025-06-03,validation,-4205.166138079997,219.92534314437407,high
SENSEX,Batman,15:10,2025-05-29,2025-06-03,validation,-3749.2948310799993,219.92534314437407,high
SENSEX,Batman,expiry_settlement,2025-06-05,2025-06-10,validation,11058.226406919975,136.22257902912162,high
SENSEX,Batman,15:00,2025-06-05,2025-06-10,validation,-5000.953237360001,136.22257902912162,high
SENSEX,Batman,15:10,2025-06-05,2025-06-10,validation,-5038.249183480001,136.22257902912162,high
SENSEX,Adaptive,expiry_settlement,2026-01-05,2026-01-08,holdout,-6747.59204044,179.48308768827252,low
SENSEX,Adaptive,15:00,2026-01-05,2026-01-08,holdout,-6774.4128106399985,179.48308768827252,low
SENSEX,Adaptive,15:10,2026-01-05,2026-01-08,holdout,-6760.39342512,179.48308768827252,low
SENSEX,Adaptive,expiry_settlement,2026-01-19,2026-01-22,holdout,-17974.381401440092,89.405428160188,low
SENSEX,Adaptive,15:00,2026-01-19,2026-01-22,holdout,16643.60864928,89.405428160188,low
SENSEX,Adaptive,15:10,2026-01-19,2026-01-22,holdout,18079.058152800004,89.405428160188,low
SENSEX,Adaptive,expiry_settlement,2026-02-02,2026-02-05,holdout,-20959.113923079854,560.4357584712924,medium
SENSEX,Adaptive,15:00,2026-02-02,2026-02-05,holdout,76522.46433096,560.4357584712924,medium
SENSEX,Adaptive,expiry_settlement,2026-02-09,2026-02-12,holdout,-8099.721736280035,33.53693763084673,high
SENSEX,Adaptive,15:00,2026-02-09,2026-02-12,holdout,6281.89682544,33.53693763084673,high
SENSEX,Adaptive,15:10,2026-02-09,2026-02-12,holdout,4814.599142399999,33.53693763084673,high
SENSEX,Adaptive,expiry_settlement,2026-02-16,2026-02-19,holdout,570.4402720400009,51.90119888058948,high
SENSEX,Adaptive,15:00,2026-02-16,2026-02-19,holdout,600.9380230000008,51.90119888058948,high
SENSEX,Adaptive,15:10,2026-02-16,2026-02-19,holdout,582.174420640001,51.90119888058948,high
SENSEX,Adaptive,expiry_settlement,2026-02-23,2026-02-26,holdout,2929.6595658800115,114.00272663131751,high
SENSEX,Adaptive,15:00,2026-02-23,2026-02-26,holdout,-492.4005287600002,114.00272663131751,high
SENSEX,Adaptive,15:10,2026-02-23,2026-02-26,holdout,596.2055459199994,114.00272663131751,high
SENSEX,Adaptive,expiry_settlement,2026-02-27,2026-03-05,holdout,-8852.695415320117,167.26102297399655,high
SENSEX,Adaptive,15:00,2026-02-27,2026-03-05,holdout,9447.795449000003,167.26102297399655,high
SENSEX,Adaptive,15:10,2026-02-27,2026-03-05,holdout,14331.907341119997,167.26102297399655,high
SENSEX,Adaptive,expiry_settlement,2026-03-09,2026-03-12,holdout,29017.74268804004,1149.443564261796,high
SENSEX,Adaptive,15:00,2026-03-09,2026-03-12,holdout,19426.866667440012,1149.443564261796,high
SENSEX,Adaptive,15:10,2026-03-09,2026-03-12,holdout,19589.74861084001,1149.443564261796,high
SENSEX,Adaptive,expiry_settlement,2026-03-16,2026-03-19,holdout,16987.450158279895,731.3866598614999,high
SENSEX,Adaptive,15:00,2026-03-16,2026-03-19,holdout,11376.6587478,731.3866598614999,high
SENSEX,Adaptive,15:10,2026-03-16,2026-03-19,holdout,10910.1977988,731.3866598614999,high
SENSEX,Adaptive,expiry_settlement,2026-03-20,2026-03-25,holdout,14965.833640400002,754.4866479846306,high
SENSEX,Adaptive,15:00,2026-03-20,2026-03-25,holdout,14752.090694880004,754.4866479846306,high
SENSEX,Adaptive,15:10,2026-03-20,2026-03-25,holdout,14979.5957494,754.4866479846306,high
SENSEX,Adaptive,expiry_settlement,2026-03-27,2026-04-02,holdout,23787.834034360058,1241.2420172039222,high
SENSEX,Adaptive,15:00,2026-03-27,2026-04-02,holdout,33014.6951204,1241.2420172039222,high
SENSEX,Adaptive,15:10,2026-03-27,2026-04-02,holdout,26891.030908040004,1241.2420172039222,high
SENSEX,Adaptive,expiry_settlement,2026-04-06,2026-04-09,holdout,-30610.348597719883,914.4645266318046,high
SENSEX,Adaptive,15:10,2026-04-06,2026-04-09,holdout,67055.6027878,914.4645266318046,high
SENSEX,Adaptive,expiry_settlement,2026-04-10,2026-04-16,holdout,17495.27304263986,498.8821219016992,high
SENSEX,Adaptive,15:00,2026-04-10,2026-04-16,holdout,1663.4884183600025,498.8821219016992,high
SENSEX,Adaptive,15:10,2026-04-10,2026-04-16,holdout,2443.311345960002,498.8821219016992,high
SENSEX,Adaptive,expiry_settlement,2026-04-20,2026-04-23,holdout,11320.162863720005,305.0967468767699,high
SENSEX,Adaptive,15:00,2026-04-20,2026-04-23,holdout,535.6308488000018,305.0967468767699,high
SENSEX,Adaptive,15:10,2026-04-20,2026-04-23,holdout,-260.19478611999864,305.0967468767699,high
SENSEX,Adaptive,expiry_settlement,2026-04-27,2026-04-30,holdout,5444.1785792400005,256.94852762207574,high
SENSEX,Adaptive,15:00,2026-04-27,2026-04-30,holdout,5408.734469640001,256.94852762207574,high
SENSEX,Adaptive,15:10,2026-04-27,2026-04-30,holdout,4746.608262880001,256.94852762207574,high
SENSEX,Adaptive,expiry_settlement,2026-05-04,2026-05-07,holdout,5277.836311599998,272.88696781207625,high
SENSEX,Adaptive,15:00,2026-05-04,2026-05-07,holdout,5160.311237759998,272.88696781207625,high
SENSEX,Adaptive,15:10,2026-05-04,2026-05-07,holdout,5295.620854199998,272.88696781207625,high
SENSEX,Adaptive,expiry_settlement,2026-05-11,2026-05-14,holdout,2580.293636320027,404.8899192532981,medium
SENSEX,Adaptive,15:00,2026-05-11,2026-05-14,holdout,45040.806380760005,404.8899192532981,medium
SENSEX,Adaptive,15:10,2026-05-11,2026-05-14,holdout,46950.01434196001,404.8899192532981,medium
SENSEX,Adaptive,expiry_settlement,2026-05-18,2026-05-21,holdout,14621.284714880016,329.8748705677294,high
SENSEX,Adaptive,15:00,2026-05-18,2026-05-21,holdout,-957.3398890399967,329.8748705677294,high
SENSEX,Adaptive,15:10,2026-05-18,2026-05-21,holdout,-648.0085436799977,329.8748705677294,high
SENSEX,Batman,expiry_settlement,2026-02-16,2026-02-19,holdout,570.4402720400009,51.90119888058948,high
SENSEX,Batman,15:00,2026-02-16,2026-02-19,holdout,600.9380230000008,51.90119888058948,high
SENSEX,Batman,15:10,2026-02-16,2026-02-19,holdout,582.174420640001,51.90119888058948,high
SENSEX,Batman,expiry_settlement,2026-02-23,2026-02-26,holdout,2929.6595658800115,114.00272663131751,high
SENSEX,Batman,15:00,2026-02-23,2026-02-26,holdout,-492.4005287600002,114.00272663131751,high
SENSEX,Batman,15:10,2026-02-23,2026-02-26,holdout,596.2055459199994,114.00272663131751,high
SENSEX,Batman,expiry_settlement,2026-02-27,2026-03-05,holdout,-8852.695415320117,167.26102297399655,high
SENSEX,Batman,15:00,2026-02-27,2026-03-05,holdout,9447.795449000003,167.26102297399655,high
SENSEX,Batman,15:10,2026-02-27,2026-03-05,holdout,14331.907341119997,167.26102297399655,high
SENSEX,Batman,expiry_settlement,2026-03-09,2026-03-12,holdout,29017.74268804004,1149.443564261796,high
SENSEX,Batman,15:00,2026-03-09,2026-03-12,holdout,19426.866667440012,1149.443564261796,high
SENSEX,Batman,15:10,2026-03-09,2026-03-12,holdout,19589.74861084001,1149.443564261796,high
SENSEX,Batman,expiry_settlement,2026-03-16,2026-03-19,holdout,16987.450158279895,731.3866598614999,high
SENSEX,Batman,15:00,2026-03-16,2026-03-19,holdout,11376.6587478,731.3866598614999,high
SENSEX,Batman,15:10,2026-03-16,2026-03-19,holdout,10910.1977988,731.3866598614999,high
SENSEX,Batman,expiry_settlement,2026-03-20,2026-03-25,holdout,14965.833640400002,754.4866479846306,high
SENSEX,Batman,15:00,2026-03-20,2026-03-25,holdout,14752.090694880004,754.4866479846306,high
SENSEX,Batman,15:10,2026-03-20,2026-03-25,holdout,14979.5957494,754.4866479846306,high
SENSEX,Batman,expiry_settlement,2026-03-27,2026-04-02,holdout,23787.834034360058,1241.2420172039222,high
SENSEX,Batman,15:00,2026-03-27,2026-04-02,holdout,33014.6951204,1241.2420172039222,high
SENSEX,Batman,15:10,2026-03-27,2026-04-02,holdout,26891.030908040004,1241.2420172039222,high
SENSEX,Batman,expiry_settlement,2026-04-06,2026-04-09,holdout,-30610.348597719883,914.4645266318046,high
SENSEX,Batman,15:10,2026-04-06,2026-04-09,holdout,67055.6027878,914.4645266318046,high
SENSEX,Batman,expiry_settlement,2026-04-10,2026-04-16,holdout,17495.27304263986,498.8821219016992,high
SENSEX,Batman,15:00,2026-04-10,2026-04-16,holdout,1663.4884183600025,498.8821219016992,high
SENSEX,Batman,15:10,2026-04-10,2026-04-16,holdout,2443.311345960002,498.8821219016992,high
SENSEX,Batman,expiry_settlement,2026-04-20,2026-04-23,holdout,11320.162863720005,305.0967468767699,high
SENSEX,Batman,15:00,2026-04-20,2026-04-23,holdout,535.6308488000018,305.0967468767699,high
SENSEX,Batman,15:10,2026-04-20,2026-04-23,holdout,-260.19478611999864,305.0967468767699,high
SENSEX,Batman,expiry_settlement,2026-04-27,2026-04-30,holdout,5444.1785792400005,256.94852762207574,high
SENSEX,Batman,15:00,2026-04-27,2026-04-30,holdout,5408.734469640001,256.94852762207574,high
SENSEX,Batman,15:10,2026-04-27,2026-04-30,holdout,4746.608262880001,256.94852762207574,high
SENSEX,Batman,expiry_settlement,2026-05-04,2026-05-07,holdout,5277.836311599998,272.88696781207625,high
SENSEX,Batman,15:00,2026-05-04,2026-05-07,holdout,5160.311237759998,272.88696781207625,high
SENSEX,Batman,15:10,2026-05-04,2026-05-07,holdout,5295.620854199998,272.88696781207625,high
SENSEX,Batman,expiry_settlement,2026-05-18,2026-05-21,holdout,14621.284714880016,329.8748705677294,high
SENSEX,Batman,15:00,2026-05-18,2026-05-21,holdout,-957.3398890399967,329.8748705677294,high
SENSEX,Batman,15:10,2026-05-18,2026-05-21,holdout,-648.0085436799977,329.8748705677294,high
