split,expiry,entry_date,strategy,regime,rv20,rv20_rank,spot,p20,p35,p65,p80,strikes_json,entry_cashflow_points,mc_ev_gross,mc_ev_net,mc_pop,es95_points,es99_points,risk_points_per_lot,risk_budget_inr,estimated_risk_inr_per_lot,recommended_lots,contract_count,eligible,eligibility_reason,slippage_points_per_leg,entry_cost_inr_expected,entry_cost_inr_entry_only,legs_json,cpcv_frequency,status,expiry_spot,realized_pnl_points_per_unit,realized_cost_inr_per_lot,realized_pnl_inr_per_lot,forced_per_lot_evaluation,universe,reason
development,2024-01-05,2024-01-02,Batman,high,0.11606320822148102,0.8015873015873016,72172.12,71379.2657837405,71907.02273372187,72748.80660897575,73253.64105043001,"{""c65"": 72700.0, ""c80"": 73300.0, ""p20"": 71400.0, ""p35"": 71900.0}",-55.00000000000003,-26.533904320745506,-30.100421845176896,0.4714,1517.9356214311565,2590.232450307514,2590.232450307514,2000.0,51804.64900615028,0.0,6.0,False,negative_net_ev,0.25,71.33035048862752,57.00593568000001,"[{""expiry"": ""2024-01-05"", ""option_type"": ""PE"", ""premium_points"": 265.85, ""qty"": 1, ""quantity_per_lot"": 1, ""raw_open"": 265.6, ""side"": ""BUY"", ""strike"": 71900.0}, {""expiry"": ""2024-01-05"", ""option_type"": ""PE"", ""premium_points"": 135.0, ""qty"": -2, ""quantity_per_lot"": 2, ""raw_open"": 135.25, ""side"": ""SELL"", ""strike"": 71400.0}, {""expiry"": ""2024-01-05"", ""option_type"": ""CE"", ""premium_points"": 211.05, ""qty"": 1, ""quantity_per_lot"": 1, ""raw_open"": 210.8, ""side"": ""BUY"", ""strike"": 72700.0}, {""expiry"": ""2024-01-05"", ""option_type"": ""CE"", ""premium_points"": 75.95, ""qty"": -2, ""quantity_per_lot"": 2, ""raw_open"": 76.2, ""side"": ""SELL"", ""strike"": 73300.0}]",2.0,EVALUATED,72026.15,-55.00000000000003,57.00593568000001,-1157.0059356800004,True,,
development,2024-01-05,2024-01-02,Long Synthetic Future,high,0.11606320822148102,0.8015873015873016,72172.12,71379.2657837405,71907.02273372187,72748.80660897575,73253.64105043001,"{""atm"": 72200.0}",-57.55000000000001,45.15777147168901,42.89849638530257,0.5258,2543.365606280937,3540.906289977664,3540.906289977664,2000.0,70818.12579955328,1.0,2.0,True,eligible,0.25,45.18550172773043,32.39821806,"[{""expiry"": ""2024-01-05"", ""option_type"": ""CE"", ""premium_points"": 435.45, ""qty"": 1, ""quantity_per_lot"": 1, ""raw_open"": 435.2, ""side"": ""BUY"", ""strike"": 72200.0}, {""expiry"": ""2024-01-05"", ""option_type"": ""PE"", ""premium_points"": 377.9, ""qty"": -1, ""quantity_per_lot"": 1, ""raw_open"": 378.15, ""side"": ""SELL"", ""strike"": 72200.0}]",3.0,EVALUATED,72026.15,-231.40000000000583,32.39821806,-4660.398218060116,True,,
development,2024-01-05,2024-01-02,Risk Reversal,high,0.11606320822148102,0.8015873015873016,72172.12,71379.2657837405,71907.02273372187,72748.80660897575,73253.64105043001,"{""c65"": 72700.0, ""p35"": 71900.0}",54.30000000000001,49.20285888852329,47.36758297950223,0.6706,2131.091607103571,3128.632290800299,3128.632290800299,2000.0,62572.64581600598,1.0,2.0,True,eligible,0.25,36.7055181804203,29.607025040000003,"[{""expiry"": ""2024-01-05"", ""option_type"": ""CE"", ""premium_points"": 211.05, ""qty"": 1, ""quantity_per_lot"": 1, ""raw_open"": 210.8, ""side"": ""BUY"", ""strike"": 72700.0}, {""expiry"": ""2024-01-05"", ""option_type"": ""PE"", ""premium_points"": 265.35, ""qty"": -1, ""quantity_per_lot"": 1, ""raw_open"": 265.6, ""side"": ""SELL"", ""strike"": 71900.0}]",5.0,EVALUATED,72026.15,54.30000000000001,29.607025040000003,1056.3929749600002,True,,
development,2024-01-05,2024-01-02,Sell Put,high,0.11606320822148102,0.8015873015873016,72172.12,71379.2657837405,71907.02273372187,72748.80660897575,73253.64105043001,"{""atm"": 72200.0}",377.9,-30.883575237528262,-31.874217259528244,0.6776,2106.64697321655,3104.1876569132774,3104.1876569132774,2000.0,62083.75313826554,0.0,1.0,False,negative_net_ev,0.25,19.81284044,19.81284044,"[{""expiry"": ""2024-01-05"", ""option_type"": ""PE"", ""premium_points"": 377.9, ""qty"": -1, ""quantity_per_lot"": 1, ""raw_open"": 378.15, ""side"": ""SELL"", ""strike"": 72200.0}]",5.0,EVALUATED,72026.15,204.04999999999416,19.81284044,4061.187159559883,True,,
development,2024-01-05,2024-01-02,Batman,high,0.11606320822148102,0.8015873015873016,72172.12,71379.2657837405,71907.02273372187,72748.80660897575,73253.64105043001,"{""c65"": 72700.0, ""c80"": 73300.0, ""p20"": 71400.0, ""p35"": 71900.0}",-55.00000000000003,-26.533904320745506,-30.100421845176896,0.4714,1517.9356214311565,2590.232450307514,2590.232450307514,2000.0,51804.64900615028,0.0,6.0,False,negative_net_ev,0.25,71.33035048862752,57.00593568000001,"[{""expiry"": ""2024-01-05"", ""option_type"": ""PE"", ""premium_points"": 265.85, ""qty"": 1, ""quantity_per_lot"": 1, ""raw_open"": 265.6, ""side"": ""BUY"", ""strike"": 71900.0}, {""expiry"": ""2024-01-05"", ""option_type"": ""PE"", ""premium_points"": 135.0, ""qty"": -2, ""quantity_per_lot"": 2, ""raw_open"": 135.25, ""side"": ""SELL"", ""strike"": 71400.0}, {""expiry"": ""2024-01-05"", ""option_type"": ""CE"", ""premium_points"": 211.05, ""qty"": 1, ""quantity_per_lot"": 1, ""raw_open"": 210.8, ""side"": ""BUY"", ""strike"": 72700.0}, {""expiry"": ""2024-01-05"", ""option_type"": ""CE"", ""premium_points"": 75.95, ""qty"": -2, ""quantity_per_lot"": 2, ""raw_open"": 76.2, ""side"": ""SELL"", ""strike"": 73300.0}]",2.0,EVALUATED,72026.15,-55.00000000000003,57.00593568000001,-1157.0059356800004,True,Batman_standalone,
development,2024-01-12,2024-01-09,Batman,high,0.11234755291538256,0.7420634920634921,71849.59,71113.98632691246,71613.8827949209,72430.9485480098,72889.76427267972,"{""c65"": 72400.0, ""c80"": 72900.0, ""p20"": 71100.0, ""p35"": 71600.0}",-51.10000000000002,-49.04490675490679,-52.47611194054253,0.4492,1503.2941482539006,2515.5069022293665,2515.5069022293665,2000.0,50310.13804458733,0.0,6.0,False,negative_net_ev,0.25,68.62410371271443,55.04328964,"[{""expiry"": ""2024-01-12"", ""option_type"": ""PE"", ""premium_points"": 221.75, ""qty"": 1, ""quantity_per_lot"": 1, ""raw_open"": 221.5, ""side"": ""BUY"", ""strike"": 71600.0}, {""expiry"": ""2024-01-12"", ""option_type"": ""PE"", ""premium_points"": 98.35, ""qty"": -2, ""quantity_per_lot"": 2, ""raw_open"": 98.6, ""side"": ""SELL"", ""strike"": 71100.0}, {""expiry"": ""2024-01-12"", ""option_type"": ""CE"", ""premium_points"": 166.25, ""qty"": 1, ""quantity_per_lot"": 1, ""raw_open"": 166.0, ""side"": ""BUY"", ""strike"": 72400.0}, {""expiry"": ""2024-01-12"", ""option_type"": ""CE"", ""premium_points"": 70.1, ""qty"": -2, ""quantity_per_lot"": 2, ""raw_open"": 70.35, ""side"": ""SELL"", ""strike"": 72900.0}]",2.0,EVALUATED,72568.45,117.34999999999707,59.254539639999926,2287.7454603599413,True,,
development,2024-01-12,2024-01-09,Long Synthetic Future,high,0.11234755291538256,0.7420634920634921,71849.59,71113.98632691246,71613.8827949209,72430.9485480098,72889.76427267972,"{""atm"": 71800.0}",-113.0,100.1617976671809,97.92859845726491,0.5402,2316.558054696082,3172.1190797471036,3172.1190797471036,2000.0,63442.38159494207,1.0,2.0,True,eligible,0.25,44.6639841983188,30.71862076,"[{""expiry"": ""2024-01-12"", ""option_type"": ""CE"", ""premium_points"": 413.55, ""qty"": 1, ""quantity_per_lot"": 1, ""raw_open"": 413.3, ""side"": ""BUY"", ""strike"": 71800.0}, {""expiry"": ""2024-01-12"", ""option_type"": ""PE"", ""premium_points"": 300.55, ""qty"": -1, ""quantity_per_lot"": 1, ""raw_open"": 300.8, ""side"": ""SELL"", ""strike"": 71800.0}]",3.0,EVALUATED,72568.45,655.4499999999971,49.92987075999993,13059.070129239943,True,,
development,2024-01-12,2024-01-09,Risk Reversal,high,0.11234755291538256,0.7420634920634921,71849.59,71113.98632691246,71613.8827949209,72430.9485480098,72889.76427267972,"{""c65"": 72400.0, ""p35"": 71600.0}",55.0,61.40549705266126,59.63241601518546,0.6752,1948.097936523641,2803.658961574663,2803.658961574663,2000.0,56073.17923149326,1.0,2.0,True,eligible,0.25,35.46162074951548,28.591145,"[{""expiry"": ""2024-01-12"", ""option_type"": ""CE"", ""premium_points"": 166.25, ""qty"": 1, ""quantity_per_lot"": 1, ""raw_open"": 166.0, ""side"": ""BUY"", ""strike"": 72400.0}, {""expiry"": ""2024-01-12"", ""option_type"": ""PE"", ""premium_points"": 221.25, ""qty"": -1, ""quantity_per_lot"": 1, ""raw_open"": 221.5, ""side"": ""SELL"", ""strike"": 71600.0}]",5.0,EVALUATED,72568.45,223.4499999999971,32.802394999999926,4436.197604999942,True,,
development,2024-01-12,2024-01-09,Sell Put,high,0.11234755291538256,0.7420634920634921,71849.59,71113.98632691246,71613.8827949209,72430.9485480098,72889.76427267972,"{""atm"": 71800.0}",300.55,-44.1027398655712,-45.01137696457118,0.6902,1901.6834925851656,2757.2445176361875,2757.2445176361875,2000.0,55144.89035272375,0.0,1.0,False,negative_net_ev,0.25,18.17274198,18.17274198,"[{""expiry"": ""2024-01-12"", ""option_type"": ""PE"", ""premium_points"": 300.55, ""qty"": -1, ""quantity_per_lot"": 1, ""raw_open"": 300.8, ""side"": ""SELL"", ""strike"": 71800.0}]",5.0,EVALUATED,72568.45,300.55,18.17274198,5992.82725802,True,,
development,2024-01-12,2024-01-09,Batman,high,0.11234755291538256,0.7420634920634921,71849.59,71113.98632691246,71613.8827949209,72430.9485480098,72889.76427267972,"{""c65"": 72400.0, ""c80"": 72900.0, ""p20"": 71100.0, ""p35"": 71600.0}",-51.10000000000002,-49.04490675490679,-52.47611194054253,0.4492,1503.2941482539006,2515.5069022293665,2515.5069022293665,2000.0,50310.13804458733,0.0,6.0,False,negative_net_ev,0.25,68.62410371271443,55.04328964,"[{""expiry"": ""2024-01-12"", ""option_type"": ""PE"", ""premium_points"": 221.75, ""qty"": 1, ""quantity_per_lot"": 1, ""raw_open"": 221.5, ""side"": ""BUY"", ""strike"": 71600.0}, {""expiry"": ""2024-01-12"", ""option_type"": ""PE"", ""premium_points"": 98.35, ""qty"": -2, ""quantity_per_lot"": 2, ""raw_open"": 98.6, ""side"": ""SELL"", ""strike"": 71100.0}, {""expiry"": ""2024-01-12"", ""option_type"": ""CE"", ""premium_points"": 166.25, ""qty"": 1, ""quantity_per_lot"": 1, ""raw_open"": 166.0, ""side"": ""BUY"", ""strike"": 72400.0}, {""expiry"": ""2024-01-12"", ""option_type"": ""CE"", ""premium_points"": 70.1, ""qty"": -2, ""quantity_per_lot"": 2, ""raw_open"": 70.35, ""side"": ""SELL"", ""strike"": 72900.0}]",2.0,EVALUATED,72568.45,117.34999999999707,59.254539639999926,2287.7454603599413,True,Batman_standalone,
development,2024-01-19,2024-01-16,Buy Put,medium,0.10365534425834147,0.623015873015873,73214.44,72441.38625948361,72987.59649430432,73814.10994142172,74293.34996935942,"{""atm"": 73200.0}",-441.6,-62.56558296005747,-63.66919946935742,0.2818,442.7036165092999,442.7036165092999,442.7036165092999,2000.0,8854.072330185998,0.0,1.0,False,negative_net_ev,0.25,22.072330185998567,12.59646976,"[{""expiry"": ""2024-01-19"", ""option_type"": ""PE"", ""premium_points"": 441.6, ""qty"": 1, ""quantity_per_lot"": 1, ""raw_open"": 441.35, ""side"": ""BUY"", ""strike"": 73200.0}]",1.0,EVALUATED,71683.23,1075.1700000000042,50.5157197600001,21452.884280240083,True,,
development,2024-01-19,2024-01-16,Put Ratio Spread,medium,0.10365534425834147,0.623015873015873,73214.44,72441.38625948361,72987.59649430432,73814.10994142172,74293.34996935942,"{""atm"": 73200.0, ""p35"": 73000.0}",275.0,52.039283052013594,49.585941554713706,0.781,1791.1385645848359,2803.7681054914374,2803.7681054914374,2000.0,56075.36210982875,1.0,3.0,True,eligible,0.25,49.06682994599856,39.59096952,"[{""expiry"": ""2024-01-19"", ""option_type"": ""PE"", ""premium_points"": 441.6, ""qty"": 1, ""quantity_per_lot"": 1, ""raw_open"": 441.35, ""side"": ""BUY"", ""strike"": 73200.0}, {""expiry"": ""2024-01-19"", ""option_type"": ""PE"", ""premium_points"": 358.3, ""qty"": -2, ""quantity_per_lot"": 2, ""raw_open"": 358.55, ""side"": ""SELL"", ""strike"": 73000.0}]",4.0,EVALUATED,71683.23,-841.7700000000041,77.5102195200001,-16912.910219520083,True,,
development,2024-01-19,2024-01-16,Short Straddle,medium,0.10365534425834147,0.623015873015873,73214.44,72441.38625948361,72987.59649430432,73814.10994142172,74293.34996935942,"{""atm"": 73200.0}",879.7,-52.72535208600841,-54.837992432008406,0.5636,2199.008340987457,3336.7634965858715,3336.7634965858715,2000.0,66735.26993171743,0.0,2.0,False,negative_net_ev,0.25,42.25280692,42.25280692,"[{""expiry"": ""2024-01-19"", ""option_type"": ""CE"", ""premium_points"": 438.6, ""qty"": -1, ""quantity_per_lot"": 1, ""raw_open"": 438.85, ""side"": ""SELL"", ""strike"": 73200.0}, {""expiry"": ""2024-01-19"", ""option_type"": ""PE"", ""premium_points"": 441.1, ""qty"": -1, ""quantity_per_lot"": 1, ""raw_open"": 441.35, ""side"": ""SELL"", ""strike"": 73200.0}]",4.0,EVALUATED,71683.23,-637.070000000004,42.25280692,-12783.652806920081,True,,
development,2024-01-19,2024-01-16,Short Strangle,medium,0.10365534425834147,0.623015873015873,73214.44,72441.38625948361,72987.59649430432,73814.10994142172,74293.34996935942,"{""c65"": 73800.0, ""p35"": 73000.0}",538.55,-35.4602157478992,-37.21117568689923,0.6088,2142.3197557595317,3236.1728014586256,3236.1728014586256,2000.0,64723.456029172514,0.0,2.0,False,negative_net_ev,0.25,35.019198779999996,35.019198779999996,"[{""expiry"": ""2024-01-19"", ""option_type"": ""PE"", ""premium_points"": 358.3, ""qty"": -1, ""quantity_per_lot"": 1, ""raw_open"": 358.55, ""side"": ""SELL"", ""strike"": 73000.0}, {""expiry"": ""2024-01-19"", ""option_type"": ""CE"", ""premium_points"": 180.25, ""qty"": -1, ""quantity_per_lot"": 1, ""raw_open"": 180.5, ""side"": ""SELL"", ""strike"": 73800.0}]",3.0,EVALUATED,71683.23,-778.2200000000041,35.019198779999996,-15599.419198780082,True,,
development,2024-01-19,2024-01-16,Strip,medium,0.10365534425834147,0.623015873015873,73214.44,72441.38625948361,72987.59649430432,73814.10994142172,74293.34996935942,"{""atm"": 73200.0}",-1322.3000000000002,-10.840230874049233,-13.77880059945667,0.364,1271.8033194860639,1314.146113062706,1314.146113062706,2000.0,26282.92226125412,0.0,3.0,False,negative_net_ev,0.25,58.771394508148774,25.984900279999998,"[{""expiry"": ""2024-01-19"", ""option_type"": ""CE"", ""premium_points"": 439.1, ""qty"": 1, ""quantity_per_lot"": 1, ""raw_open"": 438.85, ""side"": ""BUY"", ""strike"": 73200.0}, {""expiry"": ""2024-01-19"", ""option_type"": ""PE"", ""premium_points"": 441.6, ""qty"": 2, ""quantity_per_lot"": 2, ""raw_open"": 441.35, ""side"": ""BUY"", ""strike"": 73200.0}]",3.0,EVALUATED,71683.23,1711.240000000008,101.82340028000021,34122.97659972016,True,,
development,2024-01-19,2024-01-16,Batman,medium,0.10365534425834147,0.623015873015873,73214.44,72441.38625948361,72987.59649430432,73814.10994142172,74293.34996935942,"{""c65"": 73800.0, ""c80"": 74300.0, ""p20"": 72400.0, ""p35"": 73000.0}",-12.549999999999983,8.495727822712086,4.810843574027209,0.5066,1586.4662815765641,2702.418619684935,2702.418619684935,2000.0,54048.3723936987,0.0,6.0,False,no_risk_sized_lot,0.25,73.69768497369748,59.34742958,"[{""expiry"": ""2024-01-19"", ""option_type"": ""PE"", ""premium_points"": 358.8, ""qty"": 1, ""quantity_per_lot"": 1, ""raw_open"": 358.55, ""side"": ""BUY"", ""strike"": 73000.0}, {""expiry"": ""2024-01-19"", ""option_type"": ""PE"", ""premium_points"": 187.3, ""qty"": -2, ""quantity_per_lot"": 2, ""raw_open"": 187.55, ""side"": ""SELL"", ""strike"": 72400.0}, {""expiry"": ""2024-01-19"", ""option_type"": ""CE"", ""premium_points"": 180.75, ""qty"": 1, ""quantity_per_lot"": 1, ""raw_open"": 180.5, ""side"": ""BUY"", ""strike"": 73800.0}, {""expiry"": ""2024-01-19"", ""option_type"": ""CE"", ""premium_points"": 76.2, ""qty"": -2, ""quantity_per_lot"": 2, ""raw_open"": 76.45, ""side"": ""SELL"", ""strike"": 74300.0}]",0.0,STANDALONE_EVALUATED,71683.23,-129.32000000000406,92.2666795800001,-2678.666679580081,True,Batman_standalone,
development,2024-01-25,2024-01-20,Batman,high,0.12676329437328096,0.9642857142857143,71847.66,71107.41430919903,71609.8632071653,72418.71808466397,72894.99778976609,"{""c65"": 72400.0, ""c80"": 72900.0, ""p20"": 71100.0, ""p35"": 71600.0}",53.099999999999966,53.185541830771186,49.35014274304425,0.8168,1442.5868265961506,2424.5182845073787,2424.5182845073787,2000.0,48490.36569014758,1.0,6.0,True,eligible,0.25,76.70798175453893,63.2046674,"[{""expiry"": ""2024-01-25"", ""option_type"": ""PE"", ""premium_points"": 338.6, ""qty"": 1, ""quantity_per_lot"": 1, ""raw_open"": 338.35, ""side"": ""BUY"", ""strike"": 71600.0}, {""expiry"": ""2024-01-25"", ""option_type"": ""PE"", ""premium_points"": 179.55, ""qty"": -2, ""quantity_per_lot"": 2, ""raw_open"": 179.8, ""side"": ""SELL"", ""strike"": 71100.0}, {""expiry"": ""2024-01-25"", ""option_type"": ""CE"", ""premium_points"": 308.1, ""qty"": 1, ""quantity_per_lot"": 1, ""raw_open"": 307.85, ""side"": ""BUY"", ""strike"": 72400.0}, {""expiry"": ""2024-01-25"", ""option_type"": ""CE"", ""premium_points"": 170.35, ""qty"": -2, ""quantity_per_lot"": 2, ""raw_open"": 170.6, ""side"": ""SELL"", ""strike"": 72900.0}]",2.0,EVALUATED,70700.67,153.76999999999822,85.68791740000005,2989.712082599964,True,,
development,2024-01-25,2024-01-20,Long Synthetic Future,high,0.12676329437328096,0.9642857142857143,71847.66,71107.41430919903,71609.8632071653,72418.71808466397,72894.99778976609,"{""atm"": 71800.0}",-154.55000000000007,34.769433936184775,32.40771014879954,0.5188,2504.47083395007,3433.6651255540974,3433.6651255540974,2000.0,68673.30251108194,1.0,2.0,True,eligible,0.25,47.23447574770604,33.64875386,"[{""expiry"": ""2024-01-25"", ""option_type"": ""CE"", ""premium_points"": 579.2, ""qty"": 1, ""quantity_per_lot"": 1, ""raw_open"": 578.95, ""side"": ""BUY"", ""strike"": 71800.0}, {""expiry"": ""2024-01-25"", ""option_type"": ""PE"", ""premium_points"": 424.65, ""qty"": -1, ""quantity_per_lot"": 1, ""raw_open"": 424.9, ""side"": ""SELL"", ""strike"": 71800.0}]",3.0,EVALUATED,70700.67,-1253.880000000002,33.64875386,-25111.24875386004,True,,
development,2024-01-25,2024-01-20,Risk Reversal,high,0.12676329437328096,0.9642857142857143,71847.66,71107.41430919903,71609.8632071653,72418.71808466397,72894.99778976609,"{""c65"": 72400.0, ""p35"": 71600.0}",30.0,14.743217447336502,12.848938761568462,0.6618,2119.4533888484525,3048.64768045248,3048.64768045248,2000.0,60972.9536090496,1.0,2.0,True,eligible,0.25,37.885573715361176,31.324626320000004,"[{""expiry"": ""2024-01-25"", ""option_type"": ""CE"", ""premium_points"": 308.1, ""qty"": 1, ""quantity_per_lot"": 1, ""raw_open"": 307.85, ""side"": ""BUY"", ""strike"": 72400.0}, {""expiry"": ""2024-01-25"", ""option_type"": ""PE"", ""premium_points"": 338.1, ""qty"": -1, ""quantity_per_lot"": 1, ""raw_open"": 338.35, ""side"": ""SELL"", ""strike"": 71600.0}]",5.0,EVALUATED,70700.67,-869.3300000000017,31.324626320000004,-17417.924626320037,True,,
development,2024-01-25,2024-01-20,Sell Put,high,0.12676329437328096,0.9642857142857143,71847.66,71107.41430919903,71609.8632071653,72418.71808466397,72894.99778976609,"{""atm"": 71800.0}",424.65,70.54055842794304,69.50035299094301,0.7222,1923.949315599684,2853.143607203713,2853.143607203713,2000.0,57062.87214407427,1.0,1.0,True,eligible,0.25,20.80410874,20.80410874,"[{""expiry"": ""2024-01-25"", ""option_type"": ""PE"", ""premium_points"": 424.65, ""qty"": -1, ""quantity_per_lot"": 1, ""raw_open"": 424.9, ""side"": ""SELL"", ""strike"": 71800.0}]",5.0,EVALUATED,70700.67,-674.6800000000018,20.80410874,-13514.404108740035,True,,
development,2024-01-25,2024-01-20,Batman,high,0.12676329437328096,0.9642857142857143,71847.66,71107.41430919903,71609.8632071653,72418.71808466397,72894.99778976609,"{""c65"": 72400.0, ""c80"": 72900.0, ""p20"": 71100.0, ""p35"": 71600.0}",53.099999999999966,53.185541830771186,49.35014274304425,0.8168,1442.5868265961506,2424.5182845073787,2424.5182845073787,2000.0,48490.36569014758,1.0,6.0,True,eligible,0.25,76.70798175453893,63.2046674,"[{""expiry"": ""2024-01-25"", ""option_type"": ""PE"", ""premium_points"": 338.6, ""qty"": 1, ""quantity_per_lot"": 1, ""raw_open"": 338.35, ""side"": ""BUY"", ""strike"": 71600.0}, {""expiry"": ""2024-01-25"", ""option_type"": ""PE"", ""premium_points"": 179.55, ""qty"": -2, ""quantity_per_lot"": 2, ""raw_open"": 179.8, ""side"": ""SELL"", ""strike"": 71100.0}, {""expiry"": ""2024-01-25"", ""option_type"": ""CE"", ""premium_points"": 308.1, ""qty"": 1, ""quantity_per_lot"": 1, ""raw_open"": 307.85, ""side"": ""BUY"", ""strike"": 72400.0}, {""expiry"": ""2024-01-25"", ""option_type"": ""CE"", ""premium_points"": 170.35, ""qty"": -2, ""quantity_per_lot"": 2, ""raw_open"": 170.6, ""side"": ""SELL"", ""strike"": 72900.0}]",2.0,EVALUATED,70700.67,153.76999999999822,85.68791740000005,2989.712082599964,True,Batman_standalone,
development,2024-02-02,2024-01-30,Batman,high,0.15125057192325428,1.0,71777.73,70985.80614632956,71495.82227543935,72357.91632937745,72834.70198675021,"{""c65"": 72400.0, ""c80"": 72800.0, ""p20"": 71000.0, ""p35"": 71500.0}",456.24999999999994,420.08637059304306,415.37223656168806,0.8918,1103.334993156227,2088.9551152368035,2088.9551152368035,2000.0,41779.10230473607,1.0,6.0,True,eligible,0.25,94.28268062709994,81.1409867,"[{""expiry"": ""2024-02-02"", ""option_type"": ""PE"", ""premium_points"": 569.2, ""qty"": 1, ""quantity_per_lot"": 1, ""raw_open"": 568.95, ""side"": ""BUY"", ""strike"": 71500.0}, {""expiry"": ""2024-02-02"", ""option_type"": ""PE"", ""premium_points"": 403.75, ""qty"": -2, ""quantity_per_lot"": 2, ""raw_open"": 404.0, ""side"": ""SELL"", ""strike"": 71000.0}, {""expiry"": ""2024-02-02"", ""option_type"": ""CE"", ""premium_points"": 485.55, ""qty"": 1, ""quantity_per_lot"": 1, ""raw_open"": 485.3, ""side"": ""BUY"", ""strike"": 72400.0}, {""expiry"": ""2024-02-02"", ""option_type"": ""CE"", ""premium_points"": 351.75, ""qty"": -2, ""quantity_per_lot"": 2, ""raw_open"": 352.0, ""side"": ""SELL"", ""strike"": 72800.0}]",2.0,EVALUATED,72085.63,456.24999999999994,81.1409867,9043.859013299998,True,,
development,2024-02-02,2024-01-30,Long Synthetic Future,high,0.15125057192325428,1.0,71777.73,70985.80614632956,71495.82227543935,72357.91632937745,72834.70198675021,"{""atm"": 71800.0}",-84.04999999999995,27.816679107475792,25.184246356291318,0.5188,2506.7973067628964,3396.317399554378,3396.317399554378,2000.0,67926.34799108756,1.0,2.0,True,eligible,0.25,52.64865502369063,39.872737619999995,"[{""expiry"": ""2024-02-02"", ""option_type"": ""CE"", ""premium_points"": 784.75, ""qty"": 1, ""quantity_per_lot"": 1, ""raw_open"": 784.5, ""side"": ""BUY"", ""strike"": 71800.0}, {""expiry"": ""2024-02-02"", ""option_type"": ""PE"", ""premium_points"": 700.7, ""qty"": -1, ""quantity_per_lot"": 1, ""raw_open"": 700.95, ""side"": ""SELL"", ""strike"": 71800.0}]",3.0,EVALUATED,72085.63,201.5800000000047,47.01348762000011,3984.586512380094,True,,
development,2024-02-02,2024-01-30,Risk Reversal,high,0.15125057192325428,1.0,71777.73,70985.80614632956,71495.82227543935,72357.91632937745,72834.70198675021,"{""c65"": 72400.0, ""p35"": 71500.0}",83.15000000000003,51.53946437920824,49.403967350793735,0.679,2039.1003710401258,2928.6204638316067,2928.6204638316067,2000.0,58572.409276632134,1.0,2.0,True,eligible,0.25,42.70994056829007,36.5342253,"[{""expiry"": ""2024-02-02"", ""option_type"": ""CE"", ""premium_points"": 485.55, ""qty"": 1, ""quantity_per_lot"": 1, ""raw_open"": 485.3, ""side"": ""BUY"", ""strike"": 72400.0}, {""expiry"": ""2024-02-02"", ""option_type"": ""PE"", ""premium_points"": 568.7, ""qty"": -1, ""quantity_per_lot"": 1, ""raw_open"": 568.95, ""side"": ""SELL"", ""strike"": 71500.0}]",5.0,EVALUATED,72085.63,83.15000000000003,36.5342253,1626.4657747000006,True,,
development,2024-02-02,2024-01-30,Sell Put,high,0.15125057192325428,1.0,71777.73,70985.80614632956,71495.82227543935,72357.91632937745,72834.70198675021,"{""atm"": 71800.0}",700.7,301.5299829598505,300.1971148338505,0.7728,1720.747742137711,2610.2678349291928,2610.2678349291928,2000.0,52205.356698583855,1.0,1.0,True,eligible,0.25,26.65736252,26.65736252,"[{""expiry"": ""2024-02-02"", ""option_type"": ""PE"", ""premium_points"": 700.7, ""qty"": -1, ""quantity_per_lot"": 1, ""raw_open"": 700.95, ""side"": ""SELL"", ""strike"": 71800.0}]",5.0,EVALUATED,72085.63,700.7,26.65736252,13987.34263748,True,,
development,2024-02-02,2024-01-30,Batman,high,0.15125057192325428,1.0,71777.73,70985.80614632956,71495.82227543935,72357.91632937745,72834.70198675021,"{""c65"": 72400.0, ""c80"": 72800.0, ""p20"": 71000.0, ""p35"": 71500.0}",456.24999999999994,420.08637059304306,415.37223656168806,0.8918,1103.334993156227,2088.9551152368035,2088.9551152368035,2000.0,41779.10230473607,1.0,6.0,True,eligible,0.25,94.28268062709994,81.1409867,"[{""expiry"": ""2024-02-02"", ""option_type"": ""PE"", ""premium_points"": 569.2, ""qty"": 1, ""quantity_per_lot"": 1, ""raw_open"": 568.95, ""side"": ""BUY"", ""strike"": 71500.0}, {""expiry"": ""2024-02-02"", ""option_type"": ""PE"", ""premium_points"": 403.75, ""qty"": -2, ""quantity_per_lot"": 2, ""raw_open"": 404.0, ""side"": ""SELL"", ""strike"": 71000.0}, {""expiry"": ""2024-02-02"", ""option_type"": ""CE"", ""premium_points"": 485.55, ""qty"": 1, ""quantity_per_lot"": 1, ""raw_open"": 485.3, ""side"": ""BUY"", ""strike"": 72400.0}, {""expiry"": ""2024-02-02"", ""option_type"": ""CE"", ""premium_points"": 351.75, ""qty"": -2, ""quantity_per_lot"": 2, ""raw_open"": 352.0, ""side"": ""SELL"", ""strike"": 72800.0}]",2.0,EVALUATED,72085.63,456.24999999999994,81.1409867,9043.859013299998,True,Batman_standalone,
development,2024-02-09,2024-02-06,Batman,high,0.1566767566465073,0.996031746031746,71813.7,71047.76046595885,71543.60812468511,72376.294141029,72852.29279462034,"{""c65"": 72400.0, ""c80"": 72900.0, ""p20"": 71000.0, ""p35"": 71500.0}",188.55,196.6498873160508,192.52328474225044,0.8616,1252.826168697852,2218.7616314814495,2218.7616314814495,2000.0,44375.23262962899,1.0,6.0,True,eligible,0.25,82.53205147600757,69.71758442000001,"[{""expiry"": ""2024-02-09"", ""option_type"": ""PE"", ""premium_points"": 461.95, ""qty"": 1, ""quantity_per_lot"": 1, ""raw_open"": 461.7, ""side"": ""BUY"", ""strike"": 71500.0}, {""expiry"": ""2024-02-09"", ""option_type"": ""PE"", ""premium_points"": 303.75, ""qty"": -2, ""quantity_per_lot"": 2, ""raw_open"": 304.0, ""side"": ""SELL"", ""strike"": 71000.0}, {""expiry"": ""2024-02-09"", ""option_type"": ""CE"", ""premium_points"": 343.0, ""qty"": 1, ""quantity_per_lot"": 1, ""raw_open"": 342.75, ""side"": ""BUY"", ""strike"": 72400.0}, {""expiry"": ""2024-02-09"", ""option_type"": ""CE"", ""premium_points"": 193.0, ""qty"": -2, ""quantity_per_lot"": 2, ""raw_open"": 193.25, ""side"": ""SELL"", ""strike"": 72900.0}]",2.0,EVALUATED,71595.49,188.55,69.71758442000001,3701.28241558,True,,
development,2024-02-09,2024-02-06,Long Synthetic Future,high,0.1566767566465073,0.996031746031746,71813.7,71047.76046595885,71543.60812468511,72376.294141029,72852.29279462034,"{""atm"": 71800.0}",-46.5,94.57567885461845,92.08024294545429,0.5428,2439.4917162521187,3454.692383251879,3454.692383251879,2000.0,69093.84766503758,1.0,2.0,True,eligible,0.25,49.908718183282375,36.907255600000006,"[{""expiry"": ""2024-02-09"", ""option_type"": ""CE"", ""premium_points"": 621.25, ""qty"": 1, ""quantity_per_lot"": 1, ""raw_open"": 621.0, ""side"": ""BUY"", ""strike"": 71800.0}, {""expiry"": ""2024-02-09"", ""option_type"": ""PE"", ""premium_points"": 574.75, ""qty"": -1, ""quantity_per_lot"": 1, ""raw_open"": 575.0, ""side"": ""SELL"", ""strike"": 71800.0}]",3.0,EVALUATED,71595.49,-251.00999999999476,36.907255600000006,-5057.107255599895,True,,
development,2024-02-09,2024-02-06,Risk Reversal,high,0.1566767566465073,0.996031746031746,71813.7,71047.76046595885,71543.60812468511,72376.294141029,72852.29279462034,"{""c65"": 72400.0, ""p35"": 71500.0}",118.44999999999999,106.48261879151892,104.46958492737403,0.7014,1974.0593142071002,2989.2599812068593,2989.2599812068593,2000.0,59785.19962413718,1.0,2.0,True,eligible,0.25,40.26067728289777,34.003036019999996,"[{""expiry"": ""2024-02-09"", ""option_type"": ""CE"", ""premium_points"": 343.0, ""qty"": 1, ""quantity_per_lot"": 1, ""raw_open"": 342.75, ""side"": ""BUY"", ""strike"": 72400.0}, {""expiry"": ""2024-02-09"", ""option_type"": ""PE"", ""premium_points"": 461.45, ""qty"": -1, ""quantity_per_lot"": 1, ""raw_open"": 461.7, ""side"": ""SELL"", ""strike"": 71500.0}]",5.0,EVALUATED,71595.49,118.44999999999999,34.003036019999996,2334.99696398,True,,
development,2024-02-09,2024-02-06,Sell Put,high,0.1566767566465073,0.996031746031746,71813.7,71047.76046595885,71543.60812468511,72376.294141029,72852.29279462034,"{""atm"": 71800.0}",574.75,195.76717552332366,194.56783706832366,0.7474,1816.9456187979551,2832.146285797714,2832.146285797714,2000.0,56642.925715954276,1.0,1.0,True,eligible,0.25,23.986769100000004,23.986769100000004,"[{""expiry"": ""2024-02-09"", ""option_type"": ""PE"", ""premium_points"": 574.75, ""qty"": -1, ""quantity_per_lot"": 1, ""raw_open"": 575.0, ""side"": ""SELL"", ""strike"": 71800.0}]",5.0,EVALUATED,71595.49,370.24000000000524,23.986769100000004,7380.813230900105,True,,
development,2024-02-09,2024-02-06,Batman,high,0.1566767566465073,0.996031746031746,71813.7,71047.76046595885,71543.60812468511,72376.294141029,72852.29279462034,"{""c65"": 72400.0, ""c80"": 72900.0, ""p20"": 71000.0, ""p35"": 71500.0}",188.55,196.6498873160508,192.52328474225044,0.8616,1252.826168697852,2218.7616314814495,2218.7616314814495,2000.0,44375.23262962899,1.0,6.0,True,eligible,0.25,82.53205147600757,69.71758442000001,"[{""expiry"": ""2024-02-09"", ""option_type"": ""PE"", ""premium_points"": 461.95, ""qty"": 1, ""quantity_per_lot"": 1, ""raw_open"": 461.7, ""side"": ""BUY"", ""strike"": 71500.0}, {""expiry"": ""2024-02-09"", ""option_type"": ""PE"", ""premium_points"": 303.75, ""qty"": -2, ""quantity_per_lot"": 2, ""raw_open"": 304.0, ""side"": ""SELL"", ""strike"": 71000.0}, {""expiry"": ""2024-02-09"", ""option_type"": ""CE"", ""premium_points"": 343.0, ""qty"": 1, ""quantity_per_lot"": 1, ""raw_open"": 342.75, ""side"": ""BUY"", ""strike"": 72400.0}, {""expiry"": ""2024-02-09"", ""option_type"": ""CE"", ""premium_points"": 193.0, ""qty"": -2, ""quantity_per_lot"": 2, ""raw_open"": 193.25, ""side"": ""SELL"", ""strike"": 72900.0}]",2.0,EVALUATED,71595.49,188.55,69.71758442000001,3701.28241558,True,Batman_standalone,
development,2024-02-16,2024-02-13,Batman,high,0.15408174023703014,0.9642857142857143,71006.64,70241.11562870779,70746.08403036618,71549.72489149832,72017.99742455875,"{""c65"": 71500.0, ""c80"": 72000.0, ""p20"": 70200.0, ""p35"": 70700.0}",154.05000000000007,160.70000376342503,156.54851440807474,0.8506,1350.5453885895176,2336.598706001015,2336.598706001015,2000.0,46731.974120020306,1.0,6.0,True,eligible,0.25,83.02978710700539,69.68317838,"[{""expiry"": ""2024-02-16"", ""option_type"": ""PE"", ""premium_points"": 413.75, ""qty"": 1, ""quantity_per_lot"": 1, ""raw_open"": 413.5, ""side"": ""BUY"", ""strike"": 70700.0}, {""expiry"": ""2024-02-16"", ""option_type"": ""PE"", ""premium_points"": 257.1, ""qty"": -2, ""quantity_per_lot"": 2, ""raw_open"": 257.35, ""side"": ""SELL"", ""strike"": 70200.0}, {""expiry"": ""2024-02-16"", ""option_type"": ""CE"", ""premium_points"": 421.5, ""qty"": 1, ""quantity_per_lot"": 1, ""raw_open"": 421.25, ""side"": ""BUY"", ""strike"": 71500.0}, {""expiry"": ""2024-02-16"", ""option_type"": ""CE"", ""premium_points"": 237.55, ""qty"": -2, ""quantity_per_lot"": 2, ""raw_open"": 237.8, ""side"": ""SELL"", ""strike"": 72000.0}]",2.0,EVALUATED,72426.64,227.41000000000065,92.84917837999998,4455.350821620013,True,,
development,2024-02-16,2024-02-13,Long Synthetic Future,high,0.15408174023703014,0.9642857142857143,71006.64,70241.11562870779,70746.08403036618,71549.72489149832,72017.99742455875,"{""atm"": 71000.0}",-137.54999999999995,-8.128817097369856,-10.568190452398444,0.5008,2518.4390273287013,3568.074890029089,3568.074890029089,2000.0,71361.49780058178,0.0,2.0,False,negative_net_ev,0.25,48.78746710057222,36.16498969999999,"[{""expiry"": ""2024-02-16"", ""option_type"": ""CE"", ""premium_points"": 672.9, ""qty"": 1, ""quantity_per_lot"": 1, ""raw_open"": 672.65, ""side"": ""BUY"", ""strike"": 71000.0}, {""expiry"": ""2024-02-16"", ""option_type"": ""PE"", ""premium_points"": 535.35, ""qty"": -1, ""quantity_per_lot"": 1, ""raw_open"": 535.6, ""side"": ""SELL"", ""strike"": 71000.0}]",3.0,EVALUATED,72426.64,1289.0899999999995,71.83098969999998,25709.96901029999,True,,
development,2024-02-16,2024-02-13,Risk Reversal,high,0.15408174023703014,0.9642857142857143,71006.64,70241.11562870779,70746.08403036618,71549.72489149832,72017.99742455875,"{""c65"": 71500.0, ""p35"": 70700.0}",-8.25,8.391366642338605,6.3911703150119745,0.3638,2088.699850301,3138.3357130013883,3138.3357130013883,2000.0,62766.714260027766,1.0,2.0,True,eligible,0.25,40.00392654653193,33.1226051,"[{""expiry"": ""2024-02-16"", ""option_type"": ""CE"", ""premium_points"": 421.5, ""qty"": 1, ""quantity_per_lot"": 1, ""raw_open"": 421.25, ""side"": ""BUY"", ""strike"": 71500.0}, {""expiry"": ""2024-02-16"", ""option_type"": ""PE"", ""premium_points"": 413.25, ""qty"": -1, ""quantity_per_lot"": 1, ""raw_open"": 413.5, ""side"": ""SELL"", ""strike"": 70700.0}]",5.0,EVALUATED,72426.64,918.3899999999994,56.288605099999984,18311.51139489999,True,,
development,2024-02-16,2024-02-13,Sell Put,high,0.15408174023703014,0.9642857142857143,71006.64,70241.11562870779,70746.08403036618,71549.72489149832,72017.99742455875,"{""atm"": 71000.0}",535.35,159.8720868797409,158.7145195167409,0.742,1844.257221336673,2893.8930840370613,2893.8930840370613,2000.0,57877.861680741225,1.0,1.0,True,eligible,0.25,23.151347259999998,23.151347259999998,"[{""expiry"": ""2024-02-16"", ""option_type"": ""PE"", ""premium_points"": 535.35, ""qty"": -1, ""quantity_per_lot"": 1, ""raw_open"": 535.6, ""side"": ""SELL"", ""strike"": 71000.0}]",5.0,EVALUATED,72426.64,535.35,23.151347259999998,10683.84865274,True,,
development,2024-02-16,2024-02-13,Batman,high,0.15408174023703014,0.9642857142857143,71006.64,70241.11562870779,70746.08403036618,71549.72489149832,72017.99742455875,"{""c65"": 71500.0, ""c80"": 72000.0, ""p20"": 70200.0, ""p35"": 70700.0}",154.05000000000007,160.70000376342503,156.54851440807474,0.8506,1350.5453885895176,2336.598706001015,2336.598706001015,2000.0,46731.974120020306,1.0,6.0,True,eligible,0.25,83.02978710700539,69.68317838,"[{""expiry"": ""2024-02-16"", ""option_type"": ""PE"", ""premium_points"": 413.75, ""qty"": 1, ""quantity_per_lot"": 1, ""raw_open"": 413.5, ""side"": ""BUY"", ""strike"": 70700.0}, {""expiry"": ""2024-02-16"", ""option_type"": ""PE"", ""premium_points"": 257.1, ""qty"": -2, ""quantity_per_lot"": 2, ""raw_open"": 257.35, ""side"": ""SELL"", ""strike"": 70200.0}, {""expiry"": ""2024-02-16"", ""option_type"": ""CE"", ""premium_points"": 421.5, ""qty"": 1, ""quantity_per_lot"": 1, ""raw_open"": 421.25, ""side"": ""BUY"", ""strike"": 71500.0}, {""expiry"": ""2024-02-16"", ""option_type"": ""CE"", ""premium_points"": 237.55, ""qty"": -2, ""quantity_per_lot"": 2, ""raw_open"": 237.8, ""side"": ""SELL"", ""strike"": 72000.0}]",2.0,EVALUATED,72426.64,227.41000000000065,92.84917837999998,4455.350821620013,True,Batman_standalone,
development,2024-02-23,2024-02-20,Batman,high,0.12737448008764424,0.9007936507936508,72617.27,71828.5150321985,72369.44522520556,73179.55721203856,73659.10932597563,"{""c65"": 73200.0, ""c80"": 73700.0, ""p20"": 71800.0, ""p35"": 72400.0}",45.5,87.9302520272473,84.0331743570977,0.8354,1214.9256074021953,2001.6098635810265,2001.6098635810265,2000.0,40032.19727162053,1.0,6.0,True,eligible,0.25,77.94155340299167,64.40554628,"[{""expiry"": ""2024-02-23"", ""option_type"": ""PE"", ""premium_points"": 443.15, ""qty"": 1, ""quantity_per_lot"": 1, ""raw_open"": 442.9, ""side"": ""BUY"", ""strike"": 72400.0}, {""expiry"": ""2024-02-23"", ""option_type"": ""PE"", ""premium_points"": 248.95, ""qty"": -2, ""quantity_per_lot"": 2, ""raw_open"": 249.2, ""side"": ""SELL"", ""strike"": 71800.0}, {""expiry"": ""2024-02-23"", ""option_type"": ""CE"", ""premium_points"": 262.75, ""qty"": 1, ""quantity_per_lot"": 1, ""raw_open"": 262.5, ""side"": ""BUY"", ""strike"": 73200.0}, {""expiry"": ""2024-02-23"", ""option_type"": ""CE"", ""premium_points"": 126.75, ""qty"": -2, ""quantity_per_lot"": 2, ""raw_open"": 127.0, ""side"": ""SELL"", ""strike"": 73700.0}]",2.0,EVALUATED,73142.8,45.5,64.40554628,845.59445372,True,,
development,2024-02-23,2024-02-20,Long Synthetic Future,high,0.12737448008764424,0.9007936507936508,72617.27,71828.5150321985,72369.44522520556,73179.55721203856,73659.10932597563,"{""atm"": 72600.0}",-1.2000000000000455,136.93972187922282,134.5067767836364,0.5624,2385.4763824802867,3282.2250625105976,3282.2250625105976,2000.0,65644.50125021195,1.0,2.0,True,eligible,0.25,48.658901911726986,35.76837168,"[{""expiry"": ""2024-02-23"", ""option_type"": ""CE"", ""premium_points"": 530.0, ""qty"": 1, ""quantity_per_lot"": 1, ""raw_open"": 529.75, ""side"": ""BUY"", ""strike"": 72600.0}, {""expiry"": ""2024-02-23"", ""option_type"": ""PE"", ""premium_points"": 528.8, ""qty"": -1, ""quantity_per_lot"": 1, ""raw_open"": 529.05, ""side"": ""SELL"", ""strike"": 72600.0}]",3.0,EVALUATED,73142.8,541.6000000000029,49.33837168000007,10782.661628320058,True,,
development,2024-02-23,2024-02-20,Risk Reversal,high,0.12737448008764424,0.9007936507936508,72617.27,71828.5150321985,72369.44522520556,73179.55721203856,73659.10932597563,"{""c65"": 73200.0, ""p35"": 72400.0}",179.89999999999998,125.90773924560328,123.93010075849998,0.7006,2003.9210758718032,2900.669755902114,2900.669755902114,2000.0,58013.39511804228,1.0,2.0,True,eligible,0.25,39.552769742065884,33.459669440000006,"[{""expiry"": ""2024-02-23"", ""option_type"": ""CE"", ""premium_points"": 262.75, ""qty"": 1, ""quantity_per_lot"": 1, ""raw_open"": 262.5, ""side"": ""BUY"", ""strike"": 73200.0}, {""expiry"": ""2024-02-23"", ""option_type"": ""PE"", ""premium_points"": 442.65, ""qty"": -1, ""quantity_per_lot"": 1, ""raw_open"": 442.9, ""side"": ""SELL"", ""strike"": 72400.0}]",5.0,EVALUATED,73142.8,179.89999999999998,33.459669440000006,3564.5403305599993,True,,
development,2024-02-23,2024-02-20,Sell Put,high,0.12737448008764424,0.9007936507936508,72617.27,71828.5150321985,72369.44522520556,73179.55721203856,73659.10932597563,"{""atm"": 72600.0}",528.8,151.31851261014327,150.1678894261432,0.7406,1854.1940605687005,2750.942740599011,2750.942740599011,2000.0,55018.854811980214,1.0,1.0,True,eligible,0.25,23.01246368,23.01246368,"[{""expiry"": ""2024-02-23"", ""option_type"": ""PE"", ""premium_points"": 528.8, ""qty"": -1, ""quantity_per_lot"": 1, ""raw_open"": 529.05, ""side"": ""SELL"", ""strike"": 72600.0}]",5.0,EVALUATED,73142.8,528.8,23.01246368,10552.98753632,True,,
development,2024-02-23,2024-02-20,Batman,high,0.12737448008764424,0.9007936507936508,72617.27,71828.5150321985,72369.44522520556,73179.55721203856,73659.10932597563,"{""c65"": 73200.0, ""c80"": 73700.0, ""p20"": 71800.0, ""p35"": 72400.0}",45.5,87.9302520272473,84.0331743570977,0.8354,1214.9256074021953,2001.6098635810265,2001.6098635810265,2000.0,40032.19727162053,1.0,6.0,True,eligible,0.25,77.94155340299167,64.40554628,"[{""expiry"": ""2024-02-23"", ""option_type"": ""PE"", ""premium_points"": 443.15, ""qty"": 1, ""quantity_per_lot"": 1, ""raw_open"": 442.9, ""side"": ""BUY"", ""strike"": 72400.0}, {""expiry"": ""2024-02-23"", ""option_type"": ""PE"", ""premium_points"": 248.95, ""qty"": -2, ""quantity_per_lot"": 2, ""raw_open"": 249.2, ""side"": ""SELL"", ""strike"": 71800.0}, {""expiry"": ""2024-02-23"", ""option_type"": ""CE"", ""premium_points"": 262.75, ""qty"": 1, ""quantity_per_lot"": 1, ""raw_open"": 262.5, ""side"": ""BUY"", ""strike"": 73200.0}, {""expiry"": ""2024-02-23"", ""option_type"": ""CE"", ""premium_points"": 126.75, ""qty"": -2, ""quantity_per_lot"": 2, ""raw_open"": 127.0, ""side"": ""SELL"", ""strike"": 73700.0}]",2.0,EVALUATED,73142.8,45.5,64.40554628,845.59445372,True,Batman_standalone,
development,2024-03-01,2024-02-27,Buy Put,medium,0.09668809888844578,0.5238095238095238,72809.95,72046.44013302312,72552.84178690966,73369.93215121112,73845.99815601646,"{""atm"": 72800.0}",-501.9,-125.81205469740154,-126.91742597102977,0.263,503.0053712736281,503.0053712736281,503.0053712736281,2000.0,10060.107425472563,0.0,1.0,False,negative_net_ev,0.25,22.107425472564962,12.705226839999998,"[{""expiry"": ""2024-03-01"", ""option_type"": ""PE"", ""premium_points"": 501.9, ""qty"": 1, ""quantity_per_lot"": 1, ""raw_open"": 501.65, ""side"": ""BUY"", ""strike"": 72800.0}]",1.0,EVALUATED,73745.35,-501.9,12.705226839999998,-10050.70522684,True,,
development,2024-03-01,2024-02-27,Put Ratio Spread,medium,0.09668809888844578,0.5238095238095238,72809.95,72046.44013302312,72552.84178690966,73369.93215121112,73845.99815601646,"{""atm"": 72800.0, ""p35"": 72600.0}",338.70000000000005,123.58049521303761,120.99393663140941,0.7956,1677.1954050776724,2682.630676689682,2682.630676689682,2000.0,53652.613533793636,1.0,3.0,True,eligible,0.25,51.73117163256496,42.328973,"[{""expiry"": ""2024-03-01"", ""option_type"": ""PE"", ""premium_points"": 501.9, ""qty"": 1, ""quantity_per_lot"": 1, ""raw_open"": 501.65, ""side"": ""BUY"", ""strike"": 72800.0}, {""expiry"": ""2024-03-01"", ""option_type"": ""PE"", ""premium_points"": 420.3, ""qty"": -2, ""quantity_per_lot"": 2, ""raw_open"": 420.55, ""side"": ""SELL"", ""strike"": 72600.0}]",4.0,EVALUATED,73745.35,338.70000000000005,42.328973,6731.671027000001,True,,
development,2024-03-01,2024-02-27,Short Straddle,medium,0.09668809888844578,0.5238095238095238,72809.95,72046.44013302312,72552.84178690966,73369.93215121112,73845.99815601646,"{""atm"": 72800.0}",1121.9499999999998,234.87878337692237,232.50931442592227,0.6926,1687.3535912718964,2496.916375682334,2496.916375682334,2000.0,49938.327513646684,1.0,2.0,True,eligible,0.25,47.38937901999999,47.38937901999999,"[{""expiry"": ""2024-03-01"", ""option_type"": ""CE"", ""premium_points"": 620.55, ""qty"": -1, ""quantity_per_lot"": 1, ""raw_open"": 620.8, ""side"": ""SELL"", ""strike"": 72800.0}, {""expiry"": ""2024-03-01"", ""option_type"": ""PE"", ""premium_points"": 501.4, ""qty"": -1, ""quantity_per_lot"": 1, ""raw_open"": 501.65, ""side"": ""SELL"", ""strike"": 72800.0}]",4.0,EVALUATED,73745.35,176.599999999994,47.38937901999999,3484.61062097988,True,,
development,2024-03-01,2024-02-27,Short Strangle,medium,0.09668809888844578,0.5238095238095238,72809.95,72046.44013302312,72552.84178690966,73369.93215121112,73845.99815601646,"{""c65"": 73400.0, ""p35"": 72600.0}",756.1,216.5693961254104,214.58779402741035,0.711,1679.2845412788304,2551.3016732955807,2551.3016732955807,2000.0,51026.03346591161,1.0,2.0,True,eligible,0.25,39.63204196,39.63204196,"[{""expiry"": ""2024-03-01"", ""option_type"": ""PE"", ""premium_points"": 420.3, ""qty"": -1, ""quantity_per_lot"": 1, ""raw_open"": 420.55, ""side"": ""SELL"", ""strike"": 72600.0}, {""expiry"": ""2024-03-01"", ""option_type"": ""CE"", ""premium_points"": 335.8, ""qty"": -1, ""quantity_per_lot"": 1, ""raw_open"": 336.05, ""side"": ""SELL"", ""strike"": 73400.0}]",3.0,EVALUATED,73745.35,410.7499999999942,39.63204196,8175.367958039884,True,,
development,2024-03-01,2024-02-27,Strip,medium,0.09668809888844578,0.5238095238095238,72809.95,72046.44013302312,72552.84178690966,73369.93215121112,73845.99815601646,"{""atm"": 72800.0}",-1624.85,-361.69083807432406,-364.596315999731,0.268,1581.6514810679214,1618.9307478517142,1618.9307478517142,2000.0,32378.614957034282,0.0,3.0,False,negative_net_ev,0.25,58.1095585081419,26.53057946,"[{""expiry"": ""2024-03-01"", ""option_type"": ""CE"", ""premium_points"": 621.05, ""qty"": 1, ""quantity_per_lot"": 1, ""raw_open"": 620.8, ""side"": ""BUY"", ""strike"": 72800.0}, {""expiry"": ""2024-03-01"", ""option_type"": ""PE"", ""premium_points"": 501.9, ""qty"": 2, ""quantity_per_lot"": 2, ""raw_open"": 501.65, ""side"": ""BUY"", ""strike"": 72800.0}]",3.0,EVALUATED,73745.35,-679.4999999999941,50.16432946000015,-13640.164329459882,True,,
development,2024-03-01,2024-02-27,Batman,medium,0.09668809888844578,0.5238095238095238,72809.95,72046.44013302312,72552.84178690966,73369.93215121112,73845.99815601646,"{""c65"": 73400.0, ""c80"": 73800.0, ""p20"": 72000.0, ""p35"": 72600.0}",119.09999999999997,121.22971243915748,117.19809419031432,0.8258,1291.8657405697395,2101.428524980177,2101.428524980177,2000.0,42028.570499603535,0.0,6.0,False,no_risk_sized_lot,0.25,80.63236497686474,67.14409988,"[{""expiry"": ""2024-03-01"", ""option_type"": ""PE"", ""premium_points"": 420.8, ""qty"": 1, ""quantity_per_lot"": 1, ""raw_open"": 420.55, ""side"": ""BUY"", ""strike"": 72600.0}, {""expiry"": ""2024-03-01"", ""option_type"": ""PE"", ""premium_points"": 232.75, ""qty"": -2, ""quantity_per_lot"": 2, ""raw_open"": 233.0, ""side"": ""SELL"", ""strike"": 72000.0}, {""expiry"": ""2024-03-01"", ""option_type"": ""CE"", ""premium_points"": 336.3, ""qty"": 1, ""quantity_per_lot"": 1, ""raw_open"": 336.05, ""side"": ""BUY"", ""strike"": 73400.0}, {""expiry"": ""2024-03-01"", ""option_type"": ""CE"", ""premium_points"": 205.35, ""qty"": -2, ""quantity_per_lot"": 2, ""raw_open"": 205.6, ""side"": ""SELL"", ""strike"": 73800.0}]",0.0,STANDALONE_EVALUATED,73745.35,464.4500000000058,75.77784988000015,9213.222150120117,True,Batman_standalone,
development,2024-03-07,2024-03-04,Buy Put,medium,0.10565334822636711,0.6507936507936508,73825.51,73037.97111859817,73546.66283525176,74357.55300457442,74834.80567093544,"{""atm"": 73800.0}",-477.25,-92.86920307292021,-93.98271747407905,0.2748,478.36351440115874,478.36351440115874,478.36351440115874,2000.0,9567.270288023175,0.0,1.0,False,negative_net_ev,0.25,22.27028802317699,12.660768099999999,"[{""expiry"": ""2024-03-07"", ""option_type"": ""PE"", ""premium_points"": 477.25, ""qty"": 1, ""quantity_per_lot"": 1, ""raw_open"": 477.0, ""side"": ""BUY"", ""strike"": 73800.0}]",1.0,EVALUATED,74119.39,-477.25,12.660768099999999,-9557.6607681,True,,
development,2024-03-07,2024-03-04,Put Ratio Spread,medium,0.10565334822636711,0.6507936507936508,73825.51,73037.97111859817,73546.66283525176,74357.55300457442,74834.80567093544,"{""atm"": 73800.0, ""p35"": 73500.0}",236.54999999999995,85.65367695468062,83.19340606952174,0.8142,1627.5953950071535,2648.7486152091674,2648.7486152091674,2000.0,52974.97230418335,1.0,3.0,True,eligible,0.25,49.20541770317699,39.595897779999994,"[{""expiry"": ""2024-03-07"", ""option_type"": ""PE"", ""premium_points"": 477.25, ""qty"": 1, ""quantity_per_lot"": 1, ""raw_open"": 477.0, ""side"": ""BUY"", ""strike"": 73800.0}, {""expiry"": ""2024-03-07"", ""option_type"": ""PE"", ""premium_points"": 356.9, ""qty"": -2, ""quantity_per_lot"": 2, ""raw_open"": 357.15, ""side"": ""SELL"", ""strike"": 73500.0}]",4.0,EVALUATED,74119.39,236.54999999999995,39.595897779999994,4691.404102219999,True,,
development,2024-03-07,2024-03-04,Short Straddle,medium,0.10565334822636711,0.6507936507936508,73825.51,73037.97111859817,73546.66283525176,74357.55300457442,74834.80567093544,"{""atm"": 73800.0}",1044.2,149.95651751745766,147.66947756145774,0.66,1851.9170793041324,2782.309542913857,2782.309542913857,2000.0,55646.19085827714,1.0,2.0,True,eligible,0.25,45.74079912,45.74079912,"[{""expiry"": ""2024-03-07"", ""option_type"": ""CE"", ""premium_points"": 567.45, ""qty"": -1, ""quantity_per_lot"": 1, ""raw_open"": 567.7, ""side"": ""SELL"", ""strike"": 73800.0}, {""expiry"": ""2024-03-07"", ""option_type"": ""PE"", ""premium_points"": 476.75, ""qty"": -1, ""quantity_per_lot"": 1, ""raw_open"": 477.0, ""side"": ""SELL"", ""strike"": 73800.0}]",4.0,EVALUATED,74119.39,724.8100000000006,45.74079912,14450.459200880012,True,,
development,2024-03-07,2024-03-04,Short Strangle,medium,0.10565334822636711,0.6507936507936508,73825.51,73037.97111859817,73546.66283525176,74357.55300457442,74834.80567093544,"{""c65"": 74400.0, ""p35"": 73500.0}",646.5999999999999,135.89427953762905,134.02876714962906,0.688,1816.1439779205402,2734.357190877278,2734.357190877278,2000.0,54687.143817545555,1.0,2.0,True,eligible,0.25,37.31024776,37.31024776,"[{""expiry"": ""2024-03-07"", ""option_type"": ""PE"", ""premium_points"": 356.9, ""qty"": -1, ""quantity_per_lot"": 1, ""raw_open"": 357.15, ""side"": ""SELL"", ""strike"": 73500.0}, {""expiry"": ""2024-03-07"", ""option_type"": ""CE"", ""premium_points"": 289.7, ""qty"": -1, ""quantity_per_lot"": 1, ""raw_open"": 289.95, ""side"": ""SELL"", ""strike"": 74400.0}]",3.0,EVALUATED,74119.39,646.5999999999999,37.31024776,12894.689752239998,True,,
development,2024-03-07,2024-03-04,Strip,medium,0.10565334822636711,0.6507936507936508,73825.51,73037.97111859817,73546.66283525176,74357.55300457442,74834.80567093544,"{""atm"": 73800.0}",-1522.45,-243.82572059037787,-246.7412954806399,0.2988,1475.536445411367,1513.1668919526408,1513.1668919526408,2000.0,30263.337839052816,0.0,3.0,False,negative_net_ev,0.25,58.31149780524056,26.34589082,"[{""expiry"": ""2024-03-07"", ""option_type"": ""CE"", ""premium_points"": 567.95, ""qty"": 1, ""quantity_per_lot"": 1, ""raw_open"": 567.7, ""side"": ""BUY"", ""strike"": 73800.0}, {""expiry"": ""2024-03-07"", ""option_type"": ""PE"", ""premium_points"": 477.25, ""qty"": 2, ""quantity_per_lot"": 2, ""raw_open"": 477.0, ""side"": ""BUY"", ""strike"": 73800.0}]",3.0,EVALUATED,74119.39,-1203.0600000000006,34.330640819999985,-24095.530640820012,True,,
development,2024-03-07,2024-03-04,Batman,medium,0.10565334822636711,0.6507936507936508,73825.51,73037.97111859817,73546.66283525176,74357.55300457442,74834.80567093544,"{""c65"": 74400.0, ""c80"": 74800.0, ""p20"": 73000.0, ""p35"": 73500.0}",121.90000000000003,84.3596917183963,80.4871004898183,0.8166,1426.936314994732,2354.4282371738595,2354.4282371738595,2000.0,47088.56474347719,0.0,6.0,False,no_risk_sized_lot,0.25,77.45182457155927,64.68418156,"[{""expiry"": ""2024-03-07"", ""option_type"": ""PE"", ""premium_points"": 357.4, ""qty"": 1, ""quantity_per_lot"": 1, ""raw_open"": 357.15, ""side"": ""BUY"", ""strike"": 73500.0}, {""expiry"": ""2024-03-07"", ""option_type"": ""PE"", ""premium_points"": 211.75, ""qty"": -2, ""quantity_per_lot"": 2, ""raw_open"": 212.0, ""side"": ""SELL"", ""strike"": 73000.0}, {""expiry"": ""2024-03-07"", ""option_type"": ""CE"", ""premium_points"": 290.2, ""qty"": 1, ""quantity_per_lot"": 1, ""raw_open"": 289.95, ""side"": ""BUY"", ""strike"": 74400.0}, {""expiry"": ""2024-03-07"", ""option_type"": ""CE"", ""premium_points"": 173.0, ""qty"": -2, ""quantity_per_lot"": 2, ""raw_open"": 173.25, ""side"": ""SELL"", ""strike"": 74800.0}]",0.0,STANDALONE_EVALUATED,74119.39,121.90000000000003,64.68418156,2373.315818440001,True,Batman_standalone,
development,2024-03-15,2024-03-12,Buy Put,medium,0.09861727891554543,0.5833333333333334,73587.94,72809.91792199844,73318.71588530362,74147.36543944138,74617.31197353198,"{""atm"": 73600.0}",-403.45,-12.752522105158524,-13.867277073527095,0.3114,404.56475496836856,404.56475496836856,404.56475496836856,2000.0,8091.295099367371,0.0,1.0,False,negative_net_ev,0.25,22.295099367371037,12.52766242,"[{""expiry"": ""2024-03-15"", ""option_type"": ""PE"", ""premium_points"": 403.45, ""qty"": 1, ""quantity_per_lot"": 1, ""raw_open"": 403.2, ""side"": ""BUY"", ""strike"": 73600.0}]",1.0,EVALUATED,72643.43,553.1200000000069,36.44191242000018,11025.95808758014,True,,
development,2024-03-15,2024-03-12,Put Ratio Spread,medium,0.09861727891554543,0.5833333333333334,73587.94,72809.91792199844,73318.71588530362,74147.36543944138,74617.31197353198,"{""atm"": 73600.0, ""p35"": 73300.0}",170.75000000000006,18.020701997419543,15.707191673051012,0.7952,1636.722344278073,2615.399261760611,2615.399261760611,2000.0,52307.98523521222,1.0,3.0,True,eligible,0.25,46.270206487371034,36.502769539999996,"[{""expiry"": ""2024-03-15"", ""option_type"": ""PE"", ""premium_points"": 403.45, ""qty"": 1, ""quantity_per_lot"": 1, ""raw_open"": 403.2, ""side"": ""BUY"", ""strike"": 73600.0}, {""expiry"": ""2024-03-15"", ""option_type"": ""PE"", ""premium_points"": 287.1, ""qty"": -2, ""quantity_per_lot"": 2, ""raw_open"": 287.35, ""side"": ""SELL"", ""strike"": 73300.0}]",4.0,EVALUATED,72643.43,-185.82000000000693,60.41701954000017,-3776.817019540139,True,,
development,2024-03-15,2024-03-12,Short Straddle,medium,0.09861727891554543,0.5833333333333334,73587.94,72809.91792199844,73318.71588530362,74147.36543944138,74617.31197353198,"{""atm"": 73600.0}",879.45,-9.63676717011444,-11.749142471114405,0.5812,1943.5323416205144,2783.69364433044,2783.69364433044,2000.0,55673.8728866088,0.0,2.0,False,negative_net_ev,0.25,42.247506019999996,42.247506019999996,"[{""expiry"": ""2024-03-15"", ""option_type"": ""CE"", ""premium_points"": 476.5, ""qty"": -1, ""quantity_per_lot"": 1, ""raw_open"": 476.75, ""side"": ""SELL"", ""strike"": 73600.0}, {""expiry"": ""2024-03-15"", ""option_type"": ""PE"", ""premium_points"": 402.95, ""qty"": -1, ""quantity_per_lot"": 1, ""raw_open"": 403.2, ""side"": ""SELL"", ""strike"": 73600.0}]",4.0,EVALUATED,72643.43,-77.12000000000694,42.247506019999996,-1584.6475060201387,True,,
development,2024-03-15,2024-03-12,Short Strangle,medium,0.09861727891554543,0.5833333333333334,73587.94,72809.91792199844,73318.71588530362,74147.36543944138,74617.31197353198,"{""c65"": 74100.0, ""p35"": 73300.0}",540.3,-0.9873456585847457,-2.7401609125847832,0.6172,1888.5979249559348,2733.7958127654174,2733.7958127654174,2000.0,54675.916255308344,0.0,2.0,False,negative_net_ev,0.25,35.056305079999994,35.056305079999994,"[{""expiry"": ""2024-03-15"", ""option_type"": ""PE"", ""premium_points"": 287.1, ""qty"": -1, ""quantity_per_lot"": 1, ""raw_open"": 287.35, ""side"": ""SELL"", ""strike"": 73300.0}, {""expiry"": ""2024-03-15"", ""option_type"": ""CE"", ""premium_points"": 253.2, ""qty"": -1, ""quantity_per_lot"": 1, ""raw_open"": 253.45, ""side"": ""SELL"", ""strike"": 74100.0}]",3.0,EVALUATED,72643.43,-116.27000000000703,35.056305079999994,-2360.4563050801407,True,,
development,2024-03-15,2024-03-12,Strip,medium,0.09861727891554543,0.5833333333333334,73587.94,72809.91792199844,73318.71588530362,74147.36543944138,74617.31197353198,"{""atm"": 73600.0}",-1283.9,-4.115754935044128,-7.011267343375342,0.38,1241.7090362778827,1276.0631451175875,1276.0631451175875,2000.0,25521.26290235175,0.0,3.0,False,negative_net_ev,0.25,57.9102481666239,25.915642039999998,"[{""expiry"": ""2024-03-15"", ""option_type"": ""CE"", ""premium_points"": 477.0, ""qty"": 1, ""quantity_per_lot"": 1, ""raw_open"": 476.75, ""side"": ""BUY"", ""strike"": 73600.0}, {""expiry"": ""2024-03-15"", ""option_type"": ""PE"", ""premium_points"": 403.45, ""qty"": 2, ""quantity_per_lot"": 2, ""raw_open"": 403.2, ""side"": ""BUY"", ""strike"": 73600.0}]",3.0,EVALUATED,72643.43,629.2400000000139,73.74414204000036,12511.055857960277,True,,
development,2024-03-15,2024-03-12,Batman,medium,0.09861727891554543,0.5833333333333334,73587.94,72809.91792199844,73318.71588530362,74147.36543944138,74617.31197353198,"{""c65"": 74100.0, ""c80"": 74600.0, ""p20"": 72800.0, ""p35"": 73300.0}",-7.5,-0.6977787282205449,-4.3491264282937845,0.499,1438.2964574020077,2283.494345211491,2283.494345211491,2000.0,45669.88690422982,0.0,6.0,False,negative_net_ev,0.25,73.02695400146462,59.49477036,"[{""expiry"": ""2024-03-15"", ""option_type"": ""PE"", ""premium_points"": 287.6, ""qty"": 1, ""quantity_per_lot"": 1, ""raw_open"": 287.35, ""side"": ""BUY"", ""strike"": 73300.0}, {""expiry"": ""2024-03-15"", ""option_type"": ""PE"", ""premium_points"": 149.15, ""qty"": -2, ""quantity_per_lot"": 2, ""raw_open"": 149.4, ""side"": ""SELL"", ""strike"": 72800.0}, {""expiry"": ""2024-03-15"", ""option_type"": ""CE"", ""premium_points"": 253.7, ""qty"": 1, ""quantity_per_lot"": 1, ""raw_open"": 253.45, ""side"": ""BUY"", ""strike"": 74100.0}, {""expiry"": ""2024-03-15"", ""option_type"": ""CE"", ""premium_points"": 117.75, ""qty"": -2, ""quantity_per_lot"": 2, ""raw_open"": 118.0, ""side"": ""SELL"", ""strike"": 74600.0}]",0.0,STANDALONE_EVALUATED,72643.43,335.929999999993,75.90902036000017,6642.69097963986,True,Batman_standalone,
development,2024-03-22,2024-03-19,Batman,high,0.1091377975213752,0.7103174603174603,72358.77,71613.30284708424,72099.93338348928,72908.28157187546,73380.69285149925,"{""c65"": 72900.0, ""c80"": 73400.0, ""p20"": 71600.0, ""p35"": 72100.0}",22.899999999999977,38.233636557538716,34.49328005685115,0.8092,1268.3621351302,2162.643885460946,2162.643885460946,2000.0,43252.87770921892,1.0,6.0,True,eligible,0.25,74.80713001375116,61.73145804,"[{""expiry"": ""2024-03-22"", ""option_type"": ""PE"", ""premium_points"": 320.25, ""qty"": 1, ""quantity_per_lot"": 1, ""raw_open"": 320.0, ""side"": ""BUY"", ""strike"": 72100.0}, {""expiry"": ""2024-03-22"", ""option_type"": ""PE"", ""premium_points"": 171.85, ""qty"": -2, ""quantity_per_lot"": 2, ""raw_open"": 172.1, ""side"": ""SELL"", ""strike"": 71600.0}, {""expiry"": ""2024-03-22"", ""option_type"": ""CE"", ""premium_points"": 290.25, ""qty"": 1, ""quantity_per_lot"": 1, ""raw_open"": 290.0, ""side"": ""BUY"", ""strike"": 72900.0}, {""expiry"": ""2024-03-22"", ""option_type"": ""CE"", ""premium_points"": 144.85, ""qty"": -2, ""quantity_per_lot"": 2, ""raw_open"": 145.1, ""side"": ""SELL"", ""strike"": 73400.0}]",2.0,EVALUATED,72831.94,22.899999999999977,61.73145804,396.26854195999954,True,,
development,2024-03-22,2024-03-19,Long Synthetic Future,high,0.1091377975213752,0.7103174603174603,72358.77,71613.30284708424,72099.93338348928,72908.28157187546,73380.69285149925,"{""atm"": 72400.0}",-76.14999999999998,8.846658199536314,6.557212184927758,0.5158,2400.1010522898655,3366.360936460927,3366.360936460927,2000.0,67327.21872921854,1.0,2.0,True,eligible,0.25,45.78892029217009,33.87201574,"[{""expiry"": ""2024-03-22"", ""option_type"": ""CE"", ""premium_points"": 516.65, ""qty"": 1, ""quantity_per_lot"": 1, ""raw_open"": 516.4, ""side"": ""BUY"", ""strike"": 72400.0}, {""expiry"": ""2024-03-22"", ""option_type"": ""PE"", ""premium_points"": 440.5, ""qty"": -1, ""quantity_per_lot"": 1, ""raw_open"": 440.75, ""side"": ""SELL"", ""strike"": 72400.0}]",3.0,EVALUATED,72831.94,355.79000000000235,44.670515740000056,7071.129484260046,True,,
development,2024-03-22,2024-03-19,Risk Reversal,high,0.1091377975213752,0.7103174603174603,72358.77,71613.30284708424,72099.93338348928,72908.28157187546,73380.69285149925,"{""c65"": 72900.0, ""p35"": 72100.0}",29.5,9.612474962291238,7.752845566096016,0.6598,1994.0212356714528,2960.2811198425143,2960.2811198425143,2000.0,59205.62239685029,1.0,2.0,True,eligible,0.25,37.19258792390422,30.903346,"[{""expiry"": ""2024-03-22"", ""option_type"": ""CE"", ""premium_points"": 290.25, ""qty"": 1, ""quantity_per_lot"": 1, ""raw_open"": 290.0, ""side"": ""BUY"", ""strike"": 72900.0}, {""expiry"": ""2024-03-22"", ""option_type"": ""PE"", ""premium_points"": 319.75, ""qty"": -1, ""quantity_per_lot"": 1, ""raw_open"": 320.0, ""side"": ""SELL"", ""strike"": 72100.0}]",5.0,EVALUATED,72831.94,29.5,30.903346,559.096654,True,,
development,2024-03-22,2024-03-19,Sell Put,high,0.1091377975213752,0.7103174603174603,72358.77,71613.30284708424,72099.93338348928,72908.28157187546,73380.69285149925,"{""atm"": 72400.0}",440.5,48.82047611273295,47.76346682273297,0.6976,1882.2186155652576,2848.478499736319,2848.478499736319,2000.0,56969.56999472638,1.0,1.0,True,eligible,0.25,21.140185799999998,21.140185799999998,"[{""expiry"": ""2024-03-22"", ""option_type"": ""PE"", ""premium_points"": 440.5, ""qty"": -1, ""quantity_per_lot"": 1, ""raw_open"": 440.75, ""side"": ""SELL"", ""strike"": 72400.0}]",5.0,EVALUATED,72831.94,440.5,21.140185799999998,8788.8598142,True,,
development,2024-03-22,2024-03-19,Batman,high,0.1091377975213752,0.7103174603174603,72358.77,71613.30284708424,72099.93338348928,72908.28157187546,73380.69285149925,"{""c65"": 72900.0, ""c80"": 73400.0, ""p20"": 71600.0, ""p35"": 72100.0}",22.899999999999977,38.233636557538716,34.49328005685115,0.8092,1268.3621351302,2162.643885460946,2162.643885460946,2000.0,43252.87770921892,1.0,6.0,True,eligible,0.25,74.80713001375116,61.73145804,"[{""expiry"": ""2024-03-22"", ""option_type"": ""PE"", ""premium_points"": 320.25, ""qty"": 1, ""quantity_per_lot"": 1, ""raw_open"": 320.0, ""side"": ""BUY"", ""strike"": 72100.0}, {""expiry"": ""2024-03-22"", ""option_type"": ""PE"", ""premium_points"": 171.85, ""qty"": -2, ""quantity_per_lot"": 2, ""raw_open"": 172.1, ""side"": ""SELL"", ""strike"": 71600.0}, {""expiry"": ""2024-03-22"", ""option_type"": ""CE"", ""premium_points"": 290.25, ""qty"": 1, ""quantity_per_lot"": 1, ""raw_open"": 290.0, ""side"": ""BUY"", ""strike"": 72900.0}, {""expiry"": ""2024-03-22"", ""option_type"": ""CE"", ""premium_points"": 144.85, ""qty"": -2, ""quantity_per_lot"": 2, ""raw_open"": 145.1, ""side"": ""SELL"", ""strike"": 73400.0}]",2.0,EVALUATED,72831.94,22.899999999999977,61.73145804,396.26854195999954,True,Batman_standalone,
development,2024-03-28,2024-03-22,Batman,high,,,,,,,,,,,,,,,,,,,,,,,,,,,NO_TRADE,,,,,,,missing 09:30 bar CE 73200.0
development,2024-03-28,2024-03-22,Long Synthetic Future,high,0.11188069512894155,0.746031746031746,72214.71,71456.41158397259,71952.89346082974,72749.41782570588,73215.11314576169,"{""atm"": 72200.0}",-220.5,-85.38267076689156,-87.67415091408799,0.4778,2450.500658348674,3289.003878835427,3289.003878835427,2000.0,65780.07757670854,0.0,2.0,False,negative_net_ev,0.25,45.82960294392859,33.3788796,"[{""expiry"": ""2024-03-28"", ""option_type"": ""CE"", ""premium_points"": 628.25, ""qty"": 1, ""quantity_per_lot"": 1, ""raw_open"": 628.0, ""side"": ""BUY"", ""strike"": 72200.0}, {""expiry"": ""2024-03-28"", ""option_type"": ""PE"", ""premium_points"": 407.75, ""qty"": -1, ""quantity_per_lot"": 1, ""raw_open"": 408.0, ""side"": ""SELL"", ""strike"": 72200.0}]",3.0,EVALUATED,73651.35,1230.8500000000058,69.66262960000014,24547.337370400117,True,,
development,2024-03-28,2024-03-22,Risk Reversal,high,0.11188069512894155,0.746031746031746,72214.71,71456.41158397259,71952.89346082974,72749.41782570588,73215.11314576169,"{""c65"": 72700.0, ""p35"": 72000.0}",-47.55000000000001,-66.78036957145063,-68.67331743383363,0.35,2077.1521260638597,2915.655346550613,2915.655346550613,2000.0,58313.10693101226,0.0,2.0,False,negative_net_ev,0.25,37.85895724766053,31.25397962,"[{""expiry"": ""2024-03-28"", ""option_type"": ""CE"", ""premium_points"": 376.5, ""qty"": 1, ""quantity_per_lot"": 1, ""raw_open"": 376.25, ""side"": ""BUY"", ""strike"": 72700.0}, {""expiry"": ""2024-03-28"", ""option_type"": ""PE"", ""premium_points"": 328.95, ""qty"": -1, ""quantity_per_lot"": 1, ""raw_open"": 329.2, ""side"": ""SELL"", ""strike"": 72000.0}]",5.0,EVALUATED,73651.35,903.8000000000059,55.03772962000015,18020.962270380118,True,,
development,2024-03-28,2024-03-22,Sell Put,high,0.11188069512894155,0.746031746031746,72214.71,71456.41158397259,71952.89346082974,72749.41782570588,73215.11314576169,"{""atm"": 72200.0}",407.75,44.83839547596462,43.81610708096463,0.7016,1820.9814665964777,2659.4846870832307,2659.4846870832307,2000.0,53189.69374166461,1.0,1.0,True,eligible,0.25,20.4457679,20.4457679,"[{""expiry"": ""2024-03-28"", ""option_type"": ""PE"", ""premium_points"": 407.75, ""qty"": -1, ""quantity_per_lot"": 1, ""raw_open"": 408.0, ""side"": ""SELL"", ""strike"": 72200.0}]",5.0,EVALUATED,73651.35,407.75,20.4457679,8134.5542321,True,,
development,2024-03-28,2024-03-22,Batman,high,,,,,,,,,,,,,,,,,,,,,,,,,,,NO_TRADE,,,,,,Batman_standalone,missing 09:30 bar CE 73200.0
development,2024-04-05,2024-04-02,Batman,high,0.11204332865320128,0.753968253968254,73911.85,73166.09905156898,73637.22008737556,74427.17824178048,74892.79456718144,"{""c65"": 74400.0, ""c80"": 74900.0, ""p20"": 73200.0, ""p35"": 73600.0}",19.200000000000017,-5.126357258069359,-8.71417328000886,0.7868,1491.3596567162383,2463.884828304107,2463.884828304107,2000.0,49277.696566082144,0.0,6.0,False,negative_net_ev,0.25,71.75632043879018,58.83922416000001,"[{""expiry"": ""2024-04-05"", ""option_type"": ""PE"", ""premium_points"": 274.95, ""qty"": 1, ""quantity_per_lot"": 1, ""raw_open"": 274.7, ""side"": ""BUY"", ""strike"": 73600.0}, {""expiry"": ""2024-04-05"", ""option_type"": ""PE"", ""premium_points"": 163.9, ""qty"": -2, ""quantity_per_lot"": 2, ""raw_open"": 164.15, ""side"": ""SELL"", ""strike"": 73200.0}, {""expiry"": ""2024-04-05"", ""option_type"": ""CE"", ""premium_points"": 213.25, ""qty"": 1, ""quantity_per_lot"": 1, ""raw_open"": 213.0, ""side"": ""BUY"", ""strike"": 74400.0}, {""expiry"": ""2024-04-05"", ""option_type"": ""CE"", ""premium_points"": 89.8, ""qty"": -2, ""quantity_per_lot"": 2, ""raw_open"": 90.05, ""side"": ""SELL"", ""strike"": 74900.0}]",2.0,EVALUATED,74248.22,19.200000000000017,58.83922416000001,325.1607758400003,True,,
development,2024-04-05,2024-04-02,Long Synthetic Future,high,0.11204332865320128,0.753968253968254,73911.85,73166.09905156898,73637.22008737556,74427.17824178048,74892.79456718144,"{""atm"": 73900.0}",-42.19999999999999,69.54335963257134,67.30373606135682,0.5352,2415.3398720692076,3483.722644186521,3483.722644186521,2000.0,69674.45288373042,1.0,2.0,True,eligible,0.25,44.79247142428963,32.62131128,"[{""expiry"": ""2024-04-05"", ""option_type"": ""CE"", ""premium_points"": 431.0, ""qty"": 1, ""quantity_per_lot"": 1, ""raw_open"": 430.75, ""side"": ""BUY"", ""strike"": 73900.0}, {""expiry"": ""2024-04-05"", ""option_type"": ""PE"", ""premium_points"": 388.8, ""qty"": -1, ""quantity_per_lot"": 1, ""raw_open"": 389.05, ""side"": ""SELL"", ""strike"": 73900.0}]",3.0,EVALUATED,74248.22,306.0200000000012,41.32681128000003,6079.073188720024,True,,
development,2024-04-05,2024-04-02,Risk Reversal,high,0.11204332865320128,0.753968253968254,73911.85,73166.09905156898,73637.22008737556,74427.17824178048,74892.79456718144,"{""c65"": 74400.0, ""p35"": 73600.0}",61.19999999999999,63.44270986284282,61.628183476208804,0.6832,2011.5147748846273,3079.8975470019413,3079.8975470019413,2000.0,61597.95094003883,1.0,2.0,True,eligible,0.25,36.29052773268062,29.80394572,"[{""expiry"": ""2024-04-05"", ""option_type"": ""CE"", ""premium_points"": 213.25, ""qty"": 1, ""quantity_per_lot"": 1, ""raw_open"": 213.0, ""side"": ""BUY"", ""strike"": 74400.0}, {""expiry"": ""2024-04-05"", ""option_type"": ""PE"", ""premium_points"": 274.45, ""qty"": -1, ""quantity_per_lot"": 1, ""raw_open"": 274.7, ""side"": ""SELL"", ""strike"": 73600.0}]",5.0,EVALUATED,74248.22,61.19999999999999,29.80394572,1194.1960542799998,True,,
development,2024-04-05,2024-04-02,Sell Put,high,0.11204332865320128,0.753968253968254,73911.85,73166.09905156898,73637.22008737556,74427.17824178048,74892.79456718144,"{""atm"": 73900.0}",388.8,13.69695386098589,12.69475587698585,0.6926,1983.1024464819927,3051.4852185993072,3051.4852185993072,2000.0,61029.70437198615,1.0,1.0,True,eligible,0.25,20.04395968,20.04395968,"[{""expiry"": ""2024-04-05"", ""option_type"": ""PE"", ""premium_points"": 388.8, ""qty"": -1, ""quantity_per_lot"": 1, ""raw_open"": 389.05, ""side"": ""SELL"", ""strike"": 73900.0}]",5.0,EVALUATED,74248.22,388.8,20.04395968,7755.95604032,True,,
development,2024-04-05,2024-04-02,Batman,high,0.11204332865320128,0.753968253968254,73911.85,73166.09905156898,73637.22008737556,74427.17824178048,74892.79456718144,"{""c65"": 74400.0, ""c80"": 74900.0, ""p20"": 73200.0, ""p35"": 73600.0}",19.200000000000017,-5.126357258069359,-8.71417328000886,0.7868,1491.3596567162383,2463.884828304107,2463.884828304107,2000.0,49277.696566082144,0.0,6.0,False,negative_net_ev,0.25,71.75632043879018,58.83922416000001,"[{""expiry"": ""2024-04-05"", ""option_type"": ""PE"", ""premium_points"": 274.95, ""qty"": 1, ""quantity_per_lot"": 1, ""raw_open"": 274.7, ""side"": ""BUY"", ""strike"": 73600.0}, {""expiry"": ""2024-04-05"", ""option_type"": ""PE"", ""premium_points"": 163.9, ""qty"": -2, ""quantity_per_lot"": 2, ""raw_open"": 164.15, ""side"": ""SELL"", ""strike"": 73200.0}, {""expiry"": ""2024-04-05"", ""option_type"": ""CE"", ""premium_points"": 213.25, ""qty"": 1, ""quantity_per_lot"": 1, ""raw_open"": 213.0, ""side"": ""BUY"", ""strike"": 74400.0}, {""expiry"": ""2024-04-05"", ""option_type"": ""CE"", ""premium_points"": 89.8, ""qty"": -2, ""quantity_per_lot"": 2, ""raw_open"": 90.05, ""side"": ""SELL"", ""strike"": 74900.0}]",2.0,EVALUATED,74248.22,19.200000000000017,58.83922416000001,325.1607758400003,True,Batman_standalone,
development,2024-04-12,2024-04-08,Buy Put,medium,0.09575939543737147,0.5277777777777778,74484.61,73734.95943514263,74220.1085779819,75038.67218727105,75495.21129967461,"{""atm"": 74500.0}",-471.55,-84.68080489022215,-85.79691576310938,0.2826,472.6661108728873,472.6661108728873,472.6661108728873,2000.0,9453.322217457746,0.0,1.0,False,negative_net_ev,0.25,22.322217457744447,12.65048758,"[{""expiry"": ""2024-04-12"", ""option_type"": ""PE"", ""premium_points"": 471.55, ""qty"": 1, ""quantity_per_lot"": 1, ""raw_open"": 471.3, ""side"": ""BUY"", ""strike"": 74500.0}]",1.0,EVALUATED,74244.9,-216.4499999999942,19.027987580000147,-4348.027987579883,True,,
development,2024-04-12,2024-04-08,Put Ratio Spread,medium,0.09575939543737147,0.5277777777777778,74484.61,73734.95943514263,74220.1085779819,75038.67218727105,75495.21129967461,"{""atm"": 74500.0, ""p35"": 74200.0}",216.74999999999994,67.58825657458051,65.1524238076933,0.8128,1547.8228586285704,2481.5593628487213,2481.5593628487213,2000.0,49631.18725697443,1.0,3.0,True,eligible,0.25,48.71665533774445,39.04492546,"[{""expiry"": ""2024-04-12"", ""option_type"": ""PE"", ""premium_points"": 471.55, ""qty"": 1, ""quantity_per_lot"": 1, ""raw_open"": 471.3, ""side"": ""BUY"", ""strike"": 74500.0}, {""expiry"": ""2024-04-12"", ""option_type"": ""PE"", ""premium_points"": 344.15, ""qty"": -2, ""quantity_per_lot"": 2, ""raw_open"": 344.4, ""side"": ""SELL"", ""strike"": 74200.0}]",4.0,EVALUATED,74244.9,471.85000000000576,45.42242546000015,9391.577574540115,True,,
development,2024-04-12,2024-04-08,Short Straddle,medium,0.09575939543737147,0.5277777777777778,74484.61,73734.95943514263,74220.1085779819,75038.67218727105,75495.21129967461,"{""atm"": 74500.0}",916.05,32.5331513817542,30.381973492754145,0.6112,1850.9795205305327,2674.713587486787,2674.713587486787,2000.0,53494.271749735744,1.0,2.0,True,eligible,0.25,43.02355778,43.02355778,"[{""expiry"": ""2024-04-12"", ""option_type"": ""CE"", ""premium_points"": 445.0, ""qty"": -1, ""quantity_per_lot"": 1, ""raw_open"": 445.25, ""side"": ""SELL"", ""strike"": 74500.0}, {""expiry"": ""2024-04-12"", ""option_type"": ""PE"", ""premium_points"": 471.05, ""qty"": -1, ""quantity_per_lot"": 1, ""raw_open"": 471.3, ""side"": ""SELL"", ""strike"": 74500.0}]",4.0,EVALUATED,74244.9,660.9499999999941,43.02355778,13175.976442219884,True,,
development,2024-04-12,2024-04-08,Short Strangle,medium,0.09575939543737147,0.5277777777777778,74484.61,73734.95943514263,74220.1085779819,75038.67218727105,75495.21129967461,"{""c65"": 75000.0, ""p35"": 74200.0}",573.0999999999999,39.864154187396764,38.07656502939678,0.6436,1795.2147296067653,2631.2890246177035,2631.2890246177035,2000.0,52625.78049235407,1.0,2.0,True,eligible,0.25,35.75178316,35.75178316,"[{""expiry"": ""2024-04-12"", ""option_type"": ""PE"", ""premium_points"": 344.15, ""qty"": -1, ""quantity_per_lot"": 1, ""raw_open"": 344.4, ""side"": ""SELL"", ""strike"": 74200.0}, {""expiry"": ""2024-04-12"", ""option_type"": ""CE"", ""premium_points"": 228.95, ""qty"": -1, ""quantity_per_lot"": 1, ""raw_open"": 229.2, ""side"": ""SELL"", ""strike"": 75000.0}]",3.0,EVALUATED,74244.9,573.0999999999999,35.75178316,11426.248216839998,True,,
development,2024-04-12,2024-04-08,Strip,medium,0.09575939543737147,0.5277777777777778,74484.61,73734.95943514263,74220.1085779819,75038.67218727105,75495.21129967461,"{""atm"": 74500.0}",-1388.6,-118.2139562719763,-121.1071627746363,0.331,1339.390738240377,1382.0962330427885,1382.0962330427885,2000.0,27641.92466085577,0.0,3.0,False,negative_net_ev,0.25,57.86413005320059,26.104478959999998,"[{""expiry"": ""2024-04-12"", ""option_type"": ""CE"", ""premium_points"": 445.5, ""qty"": 1, ""quantity_per_lot"": 1, ""raw_open"": 445.25, ""side"": ""BUY"", ""strike"": 74500.0}, {""expiry"": ""2024-04-12"", ""option_type"": ""PE"", ""premium_points"": 471.55, ""qty"": 2, ""quantity_per_lot"": 2, ""raw_open"": 471.3, ""side"": ""BUY"", ""strike"": 74500.0}]",3.0,EVALUATED,74244.9,-878.3999999999883,38.85947896000029,-17606.859478959766,True,,
development,2024-04-12,2024-04-08,Batman,medium,0.09575939543737147,0.5277777777777778,74484.61,73734.95943514263,74220.1085779819,75038.67218727105,75495.21129967461,"{""c65"": 75000.0, ""c80"": 75500.0, ""p20"": 73700.0, ""p35"": 74200.0}",26.60000000000005,31.197537264207902,27.48236999294216,0.804,1343.642307720031,2179.7166027309686,2179.7166027309686,2000.0,43594.33205461937,0.0,6.0,False,no_risk_sized_lot,0.25,74.30334542531507,60.97244928,"[{""expiry"": ""2024-04-12"", ""option_type"": ""PE"", ""premium_points"": 344.65, ""qty"": 1, ""quantity_per_lot"": 1, ""raw_open"": 344.4, ""side"": ""BUY"", ""strike"": 74200.0}, {""expiry"": ""2024-04-12"", ""option_type"": ""PE"", ""premium_points"": 198.8, ""qty"": -2, ""quantity_per_lot"": 2, ""raw_open"": 199.05, ""side"": ""SELL"", ""strike"": 73700.0}, {""expiry"": ""2024-04-12"", ""option_type"": ""CE"", ""premium_points"": 229.45, ""qty"": 1, ""quantity_per_lot"": 1, ""raw_open"": 229.2, ""side"": ""BUY"", ""strike"": 75000.0}, {""expiry"": ""2024-04-12"", ""option_type"": ""CE"", ""premium_points"": 101.55, ""qty"": -2, ""quantity_per_lot"": 2, ""raw_open"": 101.8, ""side"": ""SELL"", ""strike"": 75500.0}]",0.0,STANDALONE_EVALUATED,74244.9,26.60000000000005,60.97244928,471.02755072000105,True,Batman_standalone,
development,2024-04-19,2024-04-15,Buy Put,medium,0.10077021999901124,0.6428571428571429,73618.19,72883.0505779031,73360.34089107509,74192.28283933246,74657.45687722879,"{""atm"": 73600.0}",-510.25,-149.97523203477235,-151.06158983972892,0.2598,511.33635780495655,511.33635780495655,511.33635780495655,2000.0,10226.72715609913,0.0,1.0,False,negative_net_ev,0.25,21.72715609913069,12.720286899999998,"[{""expiry"": ""2024-04-19"", ""option_type"": ""PE"", ""premium_points"": 510.25, ""qty"": 1, ""quantity_per_lot"": 1, ""raw_open"": 510.0, ""side"": ""BUY"", ""strike"": 73600.0}]",1.0,EVALUATED,73088.33,1.4199999999982538,25.512036899999956,2.88796309996512,True,,
development,2024-04-19,2024-04-15,Put Ratio Spread,medium,0.10077021999901124,0.6428571428571429,73618.19,72883.0505779031,73360.34089107509,74192.28283933246,74657.45687722879,"{""atm"": 73600.0, ""p35"": 73400.0}",369.65,168.7714657224668,166.16225553551018,0.8134,1545.0560888432328,2489.7177935063123,2489.7177935063123,2000.0,49794.355870126245,1.0,3.0,True,eligible,0.25,52.18420373913069,43.17733454,"[{""expiry"": ""2024-04-19"", ""option_type"": ""PE"", ""premium_points"": 510.25, ""qty"": 1, ""quantity_per_lot"": 1, ""raw_open"": 510.0, ""side"": ""BUY"", ""strike"": 73600.0}, {""expiry"": ""2024-04-19"", ""option_type"": ""PE"", ""premium_points"": 439.95, ""qty"": -2, ""quantity_per_lot"": 2, ""raw_open"": 440.2, ""side"": ""SELL"", ""strike"": 73400.0}]",4.0,EVALUATED,73088.33,257.9800000000017,55.969084539999955,5103.630915460035,True,,
development,2024-04-19,2024-04-15,Short Straddle,medium,0.10077021999901124,0.6428571428571429,73618.19,72883.0505779031,73360.34089107509,74192.28283933246,74657.45687722879,"{""atm"": 73600.0}",1150.3,265.65808497820075,263.2585599242007,0.714,1615.5873046854776,2306.09323792216,2306.09323792216,2000.0,46121.8647584432,1.0,2.0,True,eligible,0.25,47.990501079999994,47.990501079999994,"[{""expiry"": ""2024-04-19"", ""option_type"": ""CE"", ""premium_points"": 640.55, ""qty"": -1, ""quantity_per_lot"": 1, ""raw_open"": 640.8, ""side"": ""SELL"", ""strike"": 73600.0}, {""expiry"": ""2024-04-19"", ""option_type"": ""PE"", ""premium_points"": 509.75, ""qty"": -1, ""quantity_per_lot"": 1, ""raw_open"": 510.0, ""side"": ""SELL"", ""strike"": 73600.0}]",4.0,EVALUATED,73088.33,638.6300000000017,47.990501079999994,12724.609498920036,True,,
development,2024-04-19,2024-04-15,Short Strangle,medium,0.10077021999901124,0.6428571428571429,73618.19,72883.0505779031,73360.34089107509,74192.28283933246,74657.45687722879,"{""c65"": 74200.0, ""p35"": 73400.0}",762.3,232.14003146441627,230.15185625041622,0.7238,1603.9868318662304,2358.206097997194,2358.206097997194,2000.0,47164.12195994388,1.0,2.0,True,eligible,0.25,39.76350428000001,39.76350428000001,"[{""expiry"": ""2024-04-19"", ""option_type"": ""PE"", ""premium_points"": 439.95, ""qty"": -1, ""quantity_per_lot"": 1, ""raw_open"": 440.2, ""side"": ""SELL"", ""strike"": 73400.0}, {""expiry"": ""2024-04-19"", ""option_type"": ""CE"", ""premium_points"": 322.35, ""qty"": -1, ""quantity_per_lot"": 1, ""raw_open"": 322.6, ""side"": ""SELL"", ""strike"": 74200.0}]",3.0,EVALUATED,73088.33,450.6300000000017,39.76350428000001,8972.836495720036,True,,
development,2024-04-19,2024-04-15,Strip,medium,0.10077021999901124,0.6428571428571429,73618.19,72883.0505779031,73360.34089107509,74192.28283933246,74657.45687722879,"{""atm"": 73600.0}",-1661.55,-416.6333170129731,-419.51930144570684,0.2514,1616.301261953508,1654.7790358631464,1654.7790358631464,2000.0,33095.58071726293,0.0,3.0,False,negative_net_ev,0.25,57.719688654675664,26.59677158,"[{""expiry"": ""2024-04-19"", ""option_type"": ""CE"", ""premium_points"": 641.05, ""qty"": 1, ""quantity_per_lot"": 1, ""raw_open"": 640.8, ""side"": ""BUY"", ""strike"": 73600.0}, {""expiry"": ""2024-04-19"", ""option_type"": ""PE"", ""premium_points"": 510.25, ""qty"": 2, ""quantity_per_lot"": 2, ""raw_open"": 510.0, ""side"": ""BUY"", ""strike"": 73600.0}]",3.0,EVALUATED,73088.33,-638.2100000000034,52.18027157999991,-12816.38027158007,True,,
development,2024-04-19,2024-04-15,Batman,medium,0.10077021999901124,0.6428571428571429,73618.19,72883.0505779031,73360.34089107509,74192.28283933246,74657.45687722879,"{""c65"": 74200.0, ""c80"": 74700.0, ""p20"": 72900.0, ""p35"": 73400.0}",142.09999999999997,161.12236467663072,157.07094334996128,0.848,1226.2500779789002,1980.4693441098634,1980.4693441098634,2000.0,39609.38688219727,0.0,6.0,False,no_risk_sized_lot,0.25,81.02842653338959,67.77442732,"[{""expiry"": ""2024-04-19"", ""option_type"": ""PE"", ""premium_points"": 440.45, ""qty"": 1, ""quantity_per_lot"": 1, ""raw_open"": 440.2, ""side"": ""BUY"", ""strike"": 73400.0}, {""expiry"": ""2024-04-19"", ""option_type"": ""PE"", ""premium_points"": 297.95, ""qty"": -2, ""quantity_per_lot"": 2, ""raw_open"": 298.2, ""side"": ""SELL"", ""strike"": 72900.0}, {""expiry"": ""2024-04-19"", ""option_type"": ""CE"", ""premium_points"": 322.85, ""qty"": 1, ""quantity_per_lot"": 1, ""raw_open"": 322.6, ""side"": ""BUY"", ""strike"": 74200.0}, {""expiry"": ""2024-04-19"", ""option_type"": ""CE"", ""premium_points"": 154.75, ""qty"": -2, ""quantity_per_lot"": 2, ""raw_open"": 155.0, ""side"": ""SELL"", ""strike"": 74700.0}]",0.0,STANDALONE_EVALUATED,73088.33,453.7699999999982,75.56617731999995,8999.833822679964,True,Batman_standalone,
development,2024-04-26,2024-04-23,Buy Put,medium,0.10039035365827896,0.6349206349206349,73878.93,73139.19059659822,73642.0999512479,74428.45474827477,74914.81668376466,"{""atm"": 73900.0}",-423.25,-39.92548863950227,-41.032812963702916,0.296,424.3573243242007,424.3573243242007,424.3573243242007,2000.0,8487.146486484015,0.0,1.0,False,negative_net_ev,0.25,22.146486484012442,12.563373699999998,"[{""expiry"": ""2024-04-26"", ""option_type"": ""PE"", ""premium_points"": 423.25, ""qty"": 1, ""quantity_per_lot"": 1, ""raw_open"": 423.0, ""side"": ""BUY"", ""strike"": 73900.0}]",1.0,EVALUATED,73730.16,-253.4100000000035,16.80937369999991,-5085.00937370007,True,,
development,2024-04-26,2024-04-23,Put Ratio Spread,medium,0.10039035365827896,0.6349206349206349,73878.93,73139.19059659822,73642.0999512479,74428.45474827477,74914.81668376466,"{""atm"": 73900.0, ""p35"": 73600.0}",178.64999999999998,29.78394168369415,27.448495017493492,0.8034,1648.3995020934829,2638.467156038925,2638.467156038925,2000.0,52769.3431207785,1.0,3.0,True,eligible,0.25,46.70893332401244,37.12582054,"[{""expiry"": ""2024-04-26"", ""option_type"": ""PE"", ""premium_points"": 423.25, ""qty"": 1, ""quantity_per_lot"": 1, ""raw_open"": 423.0, ""side"": ""BUY"", ""strike"": 73900.0}, {""expiry"": ""2024-04-26"", ""option_type"": ""PE"", ""premium_points"": 300.95, ""qty"": -2, ""quantity_per_lot"": 2, ""raw_open"": 301.2, ""side"": ""SELL"", ""strike"": 73600.0}]",4.0,EVALUATED,73730.16,348.4899999999965,41.37182053999991,6928.42817945993,True,,
development,2024-04-26,2024-04-23,Short Straddle,medium,0.10039035365827896,0.6349206349206349,73878.93,73139.19059659822,73642.0999512479,74428.45474827477,74914.81668376466,"{""atm"": 73900.0}",793.2,-79.51497106410609,-81.53590584010605,0.5452,1982.6956949977134,2830.5188145268285,2830.5188145268285,2000.0,56610.37629053657,0.0,2.0,False,negative_net_ev,0.25,40.41869552,40.41869552,"[{""expiry"": ""2024-04-26"", ""option_type"": ""CE"", ""premium_points"": 370.45, ""qty"": -1, ""quantity_per_lot"": 1, ""raw_open"": 370.7, ""side"": ""SELL"", ""strike"": 73900.0}, {""expiry"": ""2024-04-26"", ""option_type"": ""PE"", ""premium_points"": 422.75, ""qty"": -1, ""quantity_per_lot"": 1, ""raw_open"": 423.0, ""side"": ""SELL"", ""strike"": 73900.0}]",4.0,EVALUATED,73730.16,623.3600000000035,40.41869552,12426.78130448007,True,,
development,2024-04-26,2024-04-23,Short Strangle,medium,0.10039035365827896,0.6349206349206349,73878.93,73139.19059659822,73642.0999512479,74428.45474827477,74914.81668376466,"{""c65"": 74400.0, ""p35"": 73600.0}",471.5,-57.274758204714246,-58.954633074714245,0.5898,1910.0018175941045,2789.596101435577,2789.596101435577,2000.0,55791.922028711546,0.0,2.0,False,negative_net_ev,0.25,33.597497399999995,33.597497399999995,"[{""expiry"": ""2024-04-26"", ""option_type"": ""PE"", ""premium_points"": 300.95, ""qty"": -1, ""quantity_per_lot"": 1, ""raw_open"": 301.2, ""side"": ""SELL"", ""strike"": 73600.0}, {""expiry"": ""2024-04-26"", ""option_type"": ""CE"", ""premium_points"": 170.55, ""qty"": -1, ""quantity_per_lot"": 1, ""raw_open"": 170.8, ""side"": ""SELL"", ""strike"": 74400.0}]",3.0,EVALUATED,73730.16,471.5,33.597497399999995,9396.4025026,True,,
development,2024-04-26,2024-04-23,Strip,medium,0.10039035365827896,0.6349206349206349,73878.93,73139.19059659822,73642.0999512479,74428.45474827477,74914.81668376466,"{""atm"": 73900.0}",-1217.45,38.58948242460386,35.7296434305731,0.387,1180.7822529446537,1212.688840583797,1212.688840583797,2000.0,24253.77681167594,1.0,3.0,True,eligible,0.25,57.1967798806151,25.795792820000003,"[{""expiry"": ""2024-04-26"", ""option_type"": ""CE"", ""premium_points"": 370.95, ""qty"": 1, ""quantity_per_lot"": 1, ""raw_open"": 370.7, ""side"": ""BUY"", ""strike"": 73900.0}, {""expiry"": ""2024-04-26"", ""option_type"": ""PE"", ""premium_points"": 423.25, ""qty"": 2, ""quantity_per_lot"": 2, ""raw_open"": 423.0, ""side"": ""BUY"", ""strike"": 73900.0}]",3.0,EVALUATED,73730.16,-877.770000000007,34.28779281999983,-17589.68779282014,True,,
development,2024-04-26,2024-04-23,Batman,medium,0.10039035365827896,0.6349206349206349,73878.93,73139.19059659822,73642.0999512479,74428.45474827477,74914.81668376466,"{""c65"": 74400.0, ""c80"": 74900.0, ""p20"": 73100.0, ""p35"": 73600.0}",-2.799999999999983,4.33286704778711,0.7713220040312248,0.4922,1386.1834877678605,2265.777771609333,2265.777771609333,2000.0,45315.55543218666,0.0,6.0,False,no_risk_sized_lot,0.25,71.23090087511785,58.011531919999996,"[{""expiry"": ""2024-04-26"", ""option_type"": ""PE"", ""premium_points"": 301.45, ""qty"": 1, ""quantity_per_lot"": 1, ""raw_open"": 301.2, ""side"": ""BUY"", ""strike"": 73600.0}, {""expiry"": ""2024-04-26"", ""option_type"": ""PE"", ""premium_points"": 161.9, ""qty"": -2, ""quantity_per_lot"": 2, ""raw_open"": 162.15, ""side"": ""SELL"", ""strike"": 73100.0}, {""expiry"": ""2024-04-26"", ""option_type"": ""CE"", ""premium_points"": 171.05, ""qty"": 1, ""quantity_per_lot"": 1, ""raw_open"": 170.8, ""side"": ""BUY"", ""strike"": 74400.0}, {""expiry"": ""2024-04-26"", ""option_type"": ""CE"", ""premium_points"": 72.95, ""qty"": -2, ""quantity_per_lot"": 2, ""raw_open"": 73.2, ""side"": ""SELL"", ""strike"": 74900.0}]",0.0,STANDALONE_EVALUATED,73730.16,-2.799999999999983,58.011531919999996,-114.01153191999965,True,Batman_standalone,
development,2024-05-03,2024-04-29,Batman,high,0.10276368751042009,0.6785714285714286,74158.67,73420.3489916276,73925.54661188311,74719.09566599716,75159.18969642834,"{""c65"": 74700.0, ""c80"": 75200.0, ""p20"": 73400.0, ""p35"": 73900.0}",9.300000000000011,32.77182833324396,29.120924924480537,0.8162,1287.0891307775735,2095.4822664970397,2095.4822664970397,2000.0,41909.645329940795,1.0,6.0,True,eligible,0.25,73.01806817526858,60.21910604,"[{""expiry"": ""2024-05-03"", ""option_type"": ""PE"", ""premium_points"": 281.2, ""qty"": 1, ""quantity_per_lot"": 1, ""raw_open"": 280.95, ""side"": ""BUY"", ""strike"": 73900.0}, {""expiry"": ""2024-05-03"", ""option_type"": ""PE"", ""premium_points"": 148.55, ""qty"": -2, ""quantity_per_lot"": 2, ""raw_open"": 148.8, ""side"": ""SELL"", ""strike"": 73400.0}, {""expiry"": ""2024-05-03"", ""option_type"": ""CE"", ""premium_points"": 276.1, ""qty"": 1, ""quantity_per_lot"": 1, ""raw_open"": 275.85, ""side"": ""BUY"", ""strike"": 74700.0}, {""expiry"": ""2024-05-03"", ""option_type"": ""CE"", ""premium_points"": 134.75, ""qty"": -2, ""quantity_per_lot"": 2, ""raw_open"": 135.0, ""side"": ""SELL"", ""strike"": 75200.0}]",2.0,EVALUATED,73878.15,31.150000000005832,60.76535604000014,562.2346439601165,True,,
development,2024-05-03,2024-04-29,Long Synthetic Future,high,0.10276368751042009,0.6785714285714286,74158.67,73420.3489916276,73925.54661188311,74719.09566599716,75159.18969642834,"{""atm"": 74200.0}",-115.60000000000002,-23.534607290082352,-25.770598147689938,0.509,2475.9860531460663,3442.889716977611,3442.889716977611,2000.0,68857.79433955222,0.0,2.0,False,negative_net_ev,0.25,44.71981715215066,32.842273240000004,"[{""expiry"": ""2024-05-03"", ""option_type"": ""CE"", ""premium_points"": 508.25, ""qty"": 1, ""quantity_per_lot"": 1, ""raw_open"": 508.0, ""side"": ""BUY"", ""strike"": 74200.0}, {""expiry"": ""2024-05-03"", ""option_type"": ""PE"", ""premium_points"": 392.65, ""qty"": -1, ""quantity_per_lot"": 1, ""raw_open"": 392.9, ""side"": ""SELL"", ""strike"": 74200.0}]",3.0,EVALUATED,73878.15,-437.45000000000584,32.842273240000004,-8781.842273240116,True,,
development,2024-05-03,2024-04-29,Risk Reversal,high,0.10276368751042009,0.6785714285714286,74158.67,73420.3489916276,73925.54661188311,74719.09566599716,75159.18969642834,"{""c65"": 74700.0, ""p35"": 73900.0}",4.599999999999966,-12.291884511192574,-14.103792360754785,0.658,2055.361970138021,3022.265633969566,3022.265633969566,2000.0,60445.31267939132,0.0,2.0,False,negative_net_ev,0.25,36.23815699124438,30.049824479999998,"[{""expiry"": ""2024-05-03"", ""option_type"": ""CE"", ""premium_points"": 276.1, ""qty"": 1, ""quantity_per_lot"": 1, ""raw_open"": 275.85, ""side"": ""BUY"", ""strike"": 74700.0}, {""expiry"": ""2024-05-03"", ""option_type"": ""PE"", ""premium_points"": 280.7, ""qty"": -1, ""quantity_per_lot"": 1, ""raw_open"": 280.95, ""side"": ""SELL"", ""strike"": 73900.0}]",5.0,EVALUATED,73878.15,-17.250000000005855,30.049824479999998,-375.0498244801171,True,,
development,2024-05-03,2024-04-29,Sell Put,high,0.10276368751042009,0.6785714285714286,74158.67,73420.3489916276,73925.54661188311,74719.09566599716,75159.18969642834,"{""atm"": 74200.0}",392.65,9.613636223891474,8.607356546891443,0.6888,1966.5063419654584,2933.4100057970027,2933.4100057970027,2000.0,58668.20011594005,1.0,1.0,True,eligible,0.25,20.12559354,20.12559354,"[{""expiry"": ""2024-05-03"", ""option_type"": ""PE"", ""premium_points"": 392.65, ""qty"": -1, ""quantity_per_lot"": 1, ""raw_open"": 392.9, ""side"": ""SELL"", ""strike"": 74200.0}]",5.0,EVALUATED,73878.15,70.79999999999416,20.12559354,1395.8744064598832,True,,
development,2024-05-03,2024-04-29,Batman,high,0.10276368751042009,0.6785714285714286,74158.67,73420.3489916276,73925.54661188311,74719.09566599716,75159.18969642834,"{""c65"": 74700.0, ""c80"": 75200.0, ""p20"": 73400.0, ""p35"": 73900.0}",9.300000000000011,32.77182833324396,29.120924924480537,0.8162,1287.0891307775735,2095.4822664970397,2095.4822664970397,2000.0,41909.645329940795,1.0,6.0,True,eligible,0.25,73.01806817526858,60.21910604,"[{""expiry"": ""2024-05-03"", ""option_type"": ""PE"", ""premium_points"": 281.2, ""qty"": 1, ""quantity_per_lot"": 1, ""raw_open"": 280.95, ""side"": ""BUY"", ""strike"": 73900.0}, {""expiry"": ""2024-05-03"", ""option_type"": ""PE"", ""premium_points"": 148.55, ""qty"": -2, ""quantity_per_lot"": 2, ""raw_open"": 148.8, ""side"": ""SELL"", ""strike"": 73400.0}, {""expiry"": ""2024-05-03"", ""option_type"": ""CE"", ""premium_points"": 276.1, ""qty"": 1, ""quantity_per_lot"": 1, ""raw_open"": 275.85, ""side"": ""BUY"", ""strike"": 74700.0}, {""expiry"": ""2024-05-03"", ""option_type"": ""CE"", ""premium_points"": 134.75, ""qty"": -2, ""quantity_per_lot"": 2, ""raw_open"": 135.0, ""side"": ""SELL"", ""strike"": 75200.0}]",2.0,EVALUATED,73878.15,31.150000000005832,60.76535604000014,562.2346439601165,True,Batman_standalone,
development,2024-05-10,2024-05-07,Batman,high,0.11047089381182582,0.7777777777777778,74001.39,73294.39072436177,73779.72916616229,74535.37488069486,75021.71964576335,"{""c65"": 74500.0, ""c80"": 75000.0, ""p20"": 73300.0, ""p35"": 73800.0}",17.0,28.070240875741455,24.314206848328148,0.8032,1397.3891614288161,2196.2297503306136,2196.2297503306136,2000.0,43924.595006612275,1.0,6.0,True,eligible,0.25,75.12068054826626,61.44530639999999,"[{""expiry"": ""2024-05-10"", ""option_type"": ""PE"", ""premium_points"": 340.25, ""qty"": 1, ""quantity_per_lot"": 1, ""raw_open"": 340.0, ""side"": ""BUY"", ""strike"": 73800.0}, {""expiry"": ""2024-05-10"", ""option_type"": ""PE"", ""premium_points"": 178.65, ""qty"": -2, ""quantity_per_lot"": 2, ""raw_open"": 178.9, ""side"": ""SELL"", ""strike"": 73300.0}, {""expiry"": ""2024-05-10"", ""option_type"": ""CE"", ""premium_points"": 263.25, ""qty"": 1, ""quantity_per_lot"": 1, ""raw_open"": 263.0, ""side"": ""BUY"", ""strike"": 74500.0}, {""expiry"": ""2024-05-10"", ""option_type"": ""CE"", ""premium_points"": 131.6, ""qty"": -2, ""quantity_per_lot"": 2, ""raw_open"": 131.85, ""side"": ""SELL"", ""strike"": 75000.0}]",2.0,EVALUATED,72664.47,-118.52999999999884,89.83355639999996,-2460.4335563999766,True,,
development,2024-05-10,2024-05-07,Long Synthetic Future,high,0.11047089381182582,0.7777777777777778,74001.39,73294.39072436177,73779.72916616229,74535.37488069486,75021.71964576335,"{""atm"": 74000.0}",-50.69999999999999,91.89981939473964,89.59493545704925,0.5468,2382.8244982923297,3346.87179521088,3346.87179521088,2000.0,66937.4359042176,1.0,2.0,True,eligible,0.25,46.097678753806505,33.57418528,"[{""expiry"": ""2024-05-10"", ""option_type"": ""CE"", ""premium_points"": 480.25, ""qty"": 1, ""quantity_per_lot"": 1, ""raw_open"": 480.0, ""side"": ""BUY"", ""strike"": 74000.0}, {""expiry"": ""2024-05-10"", ""option_type"": ""PE"", ""premium_points"": 429.55, ""qty"": -1, ""quantity_per_lot"": 1, ""raw_open"": 429.8, ""side"": ""SELL"", ""strike"": 74000.0}]",3.0,EVALUATED,72664.47,-1386.2299999999989,33.57418528,-27758.174185279975,True,,
development,2024-05-10,2024-05-07,Risk Reversal,high,0.11047089381182582,0.7777777777777778,74001.39,73294.39072436177,73779.72916616229,74535.37488069486,75021.71964576335,"{""c65"": 74500.0, ""p35"": 73800.0}",76.5,65.97089088062846,64.07165118012142,0.6684,2055.218854055146,3019.2661509736977,3019.2661509736977,2000.0,60385.32301947395,1.0,2.0,True,eligible,0.25,37.984794010140995,31.278720800000002,"[{""expiry"": ""2024-05-10"", ""option_type"": ""CE"", ""premium_points"": 263.25, ""qty"": 1, ""quantity_per_lot"": 1, ""raw_open"": 263.0, ""side"": ""BUY"", ""strike"": 74500.0}, {""expiry"": ""2024-05-10"", ""option_type"": ""PE"", ""premium_points"": 339.75, ""qty"": -1, ""quantity_per_lot"": 1, ""raw_open"": 340.0, ""side"": ""SELL"", ""strike"": 73800.0}]",5.0,EVALUATED,72664.47,-1059.0299999999988,31.278720800000002,-21211.878720799978,True,,
development,2024-05-10,2024-05-07,Sell Put,high,0.11047089381182582,0.7777777777777778,74001.39,73294.39072436177,73779.72916616229,74535.37488069486,75021.71964576335,"{""atm"": 74000.0}",429.55,71.2100804424794,70.16468012347936,0.719,1901.3150146736386,2865.36231159219,2865.36231159219,2000.0,57307.246231843805,1.0,1.0,True,eligible,0.25,20.90800638,20.90800638,"[{""expiry"": ""2024-05-10"", ""option_type"": ""PE"", ""premium_points"": 429.55, ""qty"": -1, ""quantity_per_lot"": 1, ""raw_open"": 429.8, ""side"": ""SELL"", ""strike"": 74000.0}]",5.0,EVALUATED,72664.47,-905.9799999999989,20.90800638,-18140.508006379976,True,,
development,2024-05-10,2024-05-07,Batman,high,0.11047089381182582,0.7777777777777778,74001.39,73294.39072436177,73779.72916616229,74535.37488069486,75021.71964576335,"{""c65"": 74500.0, ""c80"": 75000.0, ""p20"": 73300.0, ""p35"": 73800.0}",17.0,28.070240875741455,24.314206848328148,0.8032,1397.3891614288161,2196.2297503306136,2196.2297503306136,2000.0,43924.595006612275,1.0,6.0,True,eligible,0.25,75.12068054826626,61.44530639999999,"[{""expiry"": ""2024-05-10"", ""option_type"": ""PE"", ""premium_points"": 340.25, ""qty"": 1, ""quantity_per_lot"": 1, ""raw_open"": 340.0, ""side"": ""BUY"", ""strike"": 73800.0}, {""expiry"": ""2024-05-10"", ""option_type"": ""PE"", ""premium_points"": 178.65, ""qty"": -2, ""quantity_per_lot"": 2, ""raw_open"": 178.9, ""side"": ""SELL"", ""strike"": 73300.0}, {""expiry"": ""2024-05-10"", ""option_type"": ""CE"", ""premium_points"": 263.25, ""qty"": 1, ""quantity_per_lot"": 1, ""raw_open"": 263.0, ""side"": ""BUY"", ""strike"": 74500.0}, {""expiry"": ""2024-05-10"", ""option_type"": ""CE"", ""premium_points"": 131.6, ""qty"": -2, ""quantity_per_lot"": 2, ""raw_open"": 131.85, ""side"": ""SELL"", ""strike"": 75000.0}]",2.0,EVALUATED,72664.47,-118.52999999999884,89.83355639999996,-2460.4335563999766,True,Batman_standalone,
development,2024-05-17,2024-05-14,Batman,high,0.11736407163029824,0.8968253968253969,72836.6,72139.11821308103,72585.59569689054,73358.55245771153,73810.37402926991,"{""c65"": 73400.0, ""c80"": 73800.0, ""p20"": 72100.0, ""p35"": 72600.0}",88.10000000000002,76.29526298739812,72.54419447585947,0.8158,1261.5209214729884,2066.8270849701316,2066.8270849701316,2000.0,41336.54169940263,1.0,6.0,True,eligible,0.25,75.02137023077313,62.699803159999995,"[{""expiry"": ""2024-05-17"", ""option_type"": ""PE"", ""premium_points"": 330.25, ""qty"": 1, ""quantity_per_lot"": 1, ""raw_open"": 330.0, ""side"": ""BUY"", ""strike"": 72600.0}, {""expiry"": ""2024-05-17"", ""option_type"": ""PE"", ""premium_points"": 193.15, ""qty"": -2, ""quantity_per_lot"": 2, ""raw_open"": 193.4, ""side"": ""SELL"", ""strike"": 72100.0}, {""expiry"": ""2024-05-17"", ""option_type"": ""CE"", ""premium_points"": 262.25, ""qty"": 1, ""quantity_per_lot"": 1, ""raw_open"": 262.0, ""side"": ""BUY"", ""strike"": 73400.0}, {""expiry"": ""2024-05-17"", ""option_type"": ""CE"", ""premium_points"": 147.15, ""qty"": -2, ""quantity_per_lot"": 2, ""raw_open"": 147.4, ""side"": ""SELL"", ""strike"": 73800.0}]",2.0,EVALUATED,73917.03,371.0700000000012,75.62555315999997,7345.774446840023,True,,
development,2024-05-17,2024-05-14,Long Synthetic Future,high,0.11736407163029824,0.8968253968253969,72836.6,72139.11821308103,72585.59569689054,73358.55245771153,73810.37402926991,"{""atm"": 72800.0}",-137.20000000000005,30.709998762813942,28.416399832746905,0.517,2279.58148581085,3173.1618655991815,3173.1618655991815,2000.0,63463.23731198363,1.0,2.0,True,eligible,0.25,45.87197860134,33.228639720000004,"[{""expiry"": ""2024-05-17"", ""option_type"": ""CE"", ""premium_points"": 544.95, ""qty"": 1, ""quantity_per_lot"": 1, ""raw_open"": 544.7, ""side"": ""BUY"", ""strike"": 72800.0}, {""expiry"": ""2024-05-17"", ""option_type"": ""PE"", ""premium_points"": 407.75, ""qty"": -1, ""quantity_per_lot"": 1, ""raw_open"": 408.0, ""side"": ""SELL"", ""strike"": 72800.0}]",3.0,EVALUATED,73917.03,979.8299999999988,61.154389719999976,19535.445610279978,True,,
development,2024-05-17,2024-05-14,Risk Reversal,high,0.11736407163029824,0.8968253968253969,72836.6,72139.11821308103,72585.59569689054,73358.55245771153,73810.37402926991,"{""c65"": 73400.0, ""p35"": 72600.0}",67.5,41.44682691640174,39.601826912809685,0.6698,1874.432886884375,2768.013266672706,2768.013266672706,2000.0,55360.26533345412,1.0,2.0,True,eligible,0.25,36.90000007184159,31.0648812,"[{""expiry"": ""2024-05-17"", ""option_type"": ""CE"", ""premium_points"": 262.25, ""qty"": 1, ""quantity_per_lot"": 1, ""raw_open"": 262.0, ""side"": ""BUY"", ""strike"": 73400.0}, {""expiry"": ""2024-05-17"", ""option_type"": ""PE"", ""premium_points"": 329.75, ""qty"": -1, ""quantity_per_lot"": 1, ""raw_open"": 330.0, ""side"": ""SELL"", ""strike"": 72600.0}]",5.0,EVALUATED,73917.03,584.5299999999988,43.99063119999997,11646.609368799976,True,,
development,2024-05-17,2024-05-14,Sell Put,high,0.11736407163029824,0.8968253968253969,72836.6,72139.11821308103,72585.59569689054,73358.55245771153,73810.37402926991,"{""atm"": 72800.0}",407.75,69.92644350921417,68.90415511421416,0.7228,1733.3601752757836,2626.940555064114,2626.940555064114,2000.0,52538.81110128228,1.0,1.0,True,eligible,0.25,20.4457679,20.4457679,"[{""expiry"": ""2024-05-17"", ""option_type"": ""PE"", ""premium_points"": 407.75, ""qty"": -1, ""quantity_per_lot"": 1, ""raw_open"": 408.0, ""side"": ""SELL"", ""strike"": 72800.0}]",5.0,EVALUATED,73917.03,407.75,20.4457679,8134.5542321,True,,
development,2024-05-17,2024-05-14,Batman,high,0.11736407163029824,0.8968253968253969,72836.6,72139.11821308103,72585.59569689054,73358.55245771153,73810.37402926991,"{""c65"": 73400.0, ""c80"": 73800.0, ""p20"": 72100.0, ""p35"": 72600.0}",88.10000000000002,76.29526298739812,72.54419447585947,0.8158,1261.5209214729884,2066.8270849701316,2066.8270849701316,2000.0,41336.54169940263,1.0,6.0,True,eligible,0.25,75.02137023077313,62.699803159999995,"[{""expiry"": ""2024-05-17"", ""option_type"": ""PE"", ""premium_points"": 330.25, ""qty"": 1, ""quantity_per_lot"": 1, ""raw_open"": 330.0, ""side"": ""BUY"", ""strike"": 72600.0}, {""expiry"": ""2024-05-17"", ""option_type"": ""PE"", ""premium_points"": 193.15, ""qty"": -2, ""quantity_per_lot"": 2, ""raw_open"": 193.4, ""side"": ""SELL"", ""strike"": 72100.0}, {""expiry"": ""2024-05-17"", ""option_type"": ""CE"", ""premium_points"": 262.25, ""qty"": 1, ""quantity_per_lot"": 1, ""raw_open"": 262.0, ""side"": ""BUY"", ""strike"": 73400.0}, {""expiry"": ""2024-05-17"", ""option_type"": ""CE"", ""premium_points"": 147.15, ""qty"": -2, ""quantity_per_lot"": 2, ""raw_open"": 147.4, ""side"": ""SELL"", ""strike"": 73800.0}]",2.0,EVALUATED,73917.03,371.0700000000012,75.62555315999997,7345.774446840023,True,Batman_standalone,
development,2024-05-24,2024-05-21,Buy Put,medium,0.10359244412447306,0.623015873015873,73869.29,73159.84103690716,73652.89784049231,74420.9835883213,74907.55556822543,"{""atm"": 73900.0}",-479.5,-116.68223975958021,-117.76900326988068,0.2702,480.5867635103005,480.5867635103005,480.5867635103005,2000.0,9611.73527020601,0.0,1.0,False,negative_net_ev,0.25,21.735270206010494,12.664826199999998,"[{""expiry"": ""2024-05-24"", ""option_type"": ""PE"", ""premium_points"": 479.5, ""qty"": 1, ""quantity_per_lot"": 1, ""raw_open"": 479.25, ""side"": ""BUY"", ""strike"": 73900.0}]",1.0,EVALUATED,75410.39,-479.5,12.664826199999998,-9602.6648262,True,,
development,2024-05-24,2024-05-21,Put Ratio Spread,medium,0.10359244412447306,0.623015873015873,73869.29,73159.84103690716,73652.89784049231,74420.9835883213,74907.55556822543,"{""atm"": 73900.0, ""p35"": 73700.0}",303.70000000000005,103.3583226469513,100.8512261606508,0.7886,1520.2614427745725,2507.714592372507,2507.714592372507,2000.0,50154.29184745014,1.0,3.0,True,eligible,0.25,50.141929726010495,41.07148572,"[{""expiry"": ""2024-05-24"", ""option_type"": ""PE"", ""premium_points"": 479.5, ""qty"": 1, ""quantity_per_lot"": 1, ""raw_open"": 479.25, ""side"": ""BUY"", ""strike"": 73900.0}, {""expiry"": ""2024-05-24"", ""option_type"": ""PE"", ""premium_points"": 391.6, ""qty"": -2, ""quantity_per_lot"": 2, ""raw_open"": 391.85, ""side"": ""SELL"", ""strike"": 73700.0}]",4.0,EVALUATED,75410.39,303.70000000000005,41.07148572,6032.928514280001,True,,
development,2024-05-24,2024-05-21,Short Straddle,medium,0.10359244412447306,0.623015873015873,73869.29,73159.84103690716,73652.89784049231,74420.9835883213,74907.55556822543,"{""atm"": 73900.0}",1007.5,152.19558947846414,149.9474581284641,0.6548,1675.9502751295147,2590.3597040360496,2590.3597040360496,2000.0,51807.19408072099,1.0,2.0,True,eligible,0.25,44.962627,44.962627,"[{""expiry"": ""2024-05-24"", ""option_type"": ""CE"", ""premium_points"": 528.5, ""qty"": -1, ""quantity_per_lot"": 1, ""raw_open"": 528.75, ""side"": ""SELL"", ""strike"": 73900.0}, {""expiry"": ""2024-05-24"", ""option_type"": ""PE"", ""premium_points"": 479.0, ""qty"": -1, ""quantity_per_lot"": 1, ""raw_open"": 479.25, ""side"": ""SELL"", ""strike"": 73900.0}]",4.0,EVALUATED,75410.39,-502.8899999999994,44.962627,-10102.76262699999,True,,
development,2024-05-24,2024-05-21,Short Strangle,medium,0.10359244412447306,0.623015873015873,73869.29,73159.84103690716,73652.89784049231,74420.9835883213,74907.55556822543,"{""c65"": 74400.0, ""p35"": 73700.0}",706.3,162.1906970625819,160.2618919285819,0.6824,1621.105520687529,2559.6938883359394,2559.6938883359394,2000.0,51193.87776671879,1.0,2.0,True,eligible,0.25,38.57610268,38.57610268,"[{""expiry"": ""2024-05-24"", ""option_type"": ""PE"", ""premium_points"": 391.6, ""qty"": -1, ""quantity_per_lot"": 1, ""raw_open"": 391.85, ""side"": ""SELL"", ""strike"": 73700.0}, {""expiry"": ""2024-05-24"", ""option_type"": ""CE"", ""premium_points"": 314.7, ""qty"": -1, ""quantity_per_lot"": 1, ""raw_open"": 314.95, ""side"": ""SELL"", ""strike"": 74400.0}]",3.0,EVALUATED,75410.39,-304.08999999999946,38.57610268,-6120.376102679989,True,,
development,2024-05-24,2024-05-21,Strip,medium,0.10359244412447306,0.623015873015873,73869.29,73159.84103690716,73652.89784049231,74420.9835883213,74907.55556822543,"{""atm"": 73900.0}",-1488.0,-269.87782923804434,-272.7146697914968,0.2944,1442.7428364053387,1481.2812091155586,1481.2812091155586,2000.0,29625.62418231117,0.0,3.0,False,negative_net_ev,0.25,56.7368110690489,26.2837568,"[{""expiry"": ""2024-05-24"", ""option_type"": ""CE"", ""premium_points"": 529.0, ""qty"": 1, ""quantity_per_lot"": 1, ""raw_open"": 528.75, ""side"": ""BUY"", ""strike"": 73900.0}, {""expiry"": ""2024-05-24"", ""option_type"": ""PE"", ""premium_points"": 479.5, ""qty"": 2, ""quantity_per_lot"": 2, ""raw_open"": 479.25, ""side"": ""BUY"", ""strike"": 73900.0}]",3.0,EVALUATED,75410.39,22.389999999999418,64.04350679999999,383.75649319998837,True,,
development,2024-05-24,2024-05-21,Batman,medium,0.10359244412447306,0.623015873015873,73869.29,73159.84103690716,73652.89784049231,74420.9835883213,74907.55556822543,"{""c65"": 74400.0, ""c80"": 74900.0, ""p20"": 73200.0, ""p35"": 73700.0}",72.09999999999997,90.9219414072684,86.99171617259665,0.8226,1257.3069407882006,2195.895308436612,2195.895308436612,2000.0,43917.90616873224,0.0,6.0,False,no_risk_sized_lot,0.25,78.60450469343544,65.00177212,"[{""expiry"": ""2024-05-24"", ""option_type"": ""PE"", ""premium_points"": 392.1, ""qty"": 1, ""quantity_per_lot"": 1, ""raw_open"": 391.85, ""side"": ""BUY"", ""strike"": 73700.0}, {""expiry"": ""2024-05-24"", ""option_type"": ""PE"", ""premium_points"": 217.7, ""qty"": -2, ""quantity_per_lot"": 2, ""raw_open"": 217.95, ""side"": ""SELL"", ""strike"": 73200.0}, {""expiry"": ""2024-05-24"", ""option_type"": ""CE"", ""premium_points"": 315.2, ""qty"": 1, ""quantity_per_lot"": 1, ""raw_open"": 314.95, ""side"": ""BUY"", ""strike"": 74400.0}, {""expiry"": ""2024-05-24"", ""option_type"": ""CE"", ""premium_points"": 172.0, ""qty"": -2, ""quantity_per_lot"": 2, ""raw_open"": 172.25, ""side"": ""SELL"", ""strike"": 74900.0}]",0.0,STANDALONE_EVALUATED,75410.39,61.71000000000055,90.26152211999998,1143.938477880011,True,Batman_standalone,
development,2024-05-31,2024-05-28,Batman,high,0.108564849322581,0.6944444444444444,75532.92,74796.17097960567,75290.45902258843,76086.75889948699,76552.39211823586,"{""c65"": 76100.0, ""c80"": 76600.0, ""p20"": 74800.0, ""p35"": 75300.0}",54.80000000000001,72.43927345032127,68.66205496431475,0.824,1251.1470024756554,2048.451168234027,2048.451168234027,2000.0,40969.02336468054,1.0,6.0,True,eligible,0.25,75.54436972013028,62.55739968,"[{""expiry"": ""2024-05-31"", ""option_type"": ""PE"", ""premium_points"": 341.85, ""qty"": 1, ""quantity_per_lot"": 1, ""raw_open"": 341.6, ""side"": ""BUY"", ""strike"": 75300.0}, {""expiry"": ""2024-05-31"", ""option_type"": ""PE"", ""premium_points"": 191.9, ""qty"": -2, ""quantity_per_lot"": 2, ""raw_open"": 192.15, ""side"": ""SELL"", ""strike"": 74800.0}, {""expiry"": ""2024-05-31"", ""option_type"": ""CE"", ""premium_points"": 275.15, ""qty"": 1, ""quantity_per_lot"": 1, ""raw_open"": 274.9, ""side"": ""BUY"", ""strike"": 76100.0}, {""expiry"": ""2024-05-31"", ""option_type"": ""CE"", ""premium_points"": 144.0, ""qty"": -2, ""quantity_per_lot"": 2, ""raw_open"": 144.25, ""side"": ""SELL"", ""strike"": 76600.0}]",2.0,EVALUATED,73961.31,-283.8900000000023,96.02464968000007,-5773.824649680047,True,,
development,2024-05-31,2024-05-28,Long Synthetic Future,high,0.108564849322581,0.6944444444444444,75532.92,74796.17097960567,75290.45902258843,76086.75889948699,76552.39211823586,"{""atm"": 75500.0}",-118.35000000000002,48.84712251644285,46.52175215173415,0.529,2368.264408096562,3283.4260835417367,3283.4260835417367,2000.0,65668.52167083473,1.0,2.0,True,eligible,0.25,46.5074072941736,33.490284380000006,"[{""expiry"": ""2024-05-31"", ""option_type"": ""CE"", ""premium_points"": 538.95, ""qty"": 1, ""quantity_per_lot"": 1, ""raw_open"": 538.7, ""side"": ""BUY"", ""strike"": 75500.0}, {""expiry"": ""2024-05-31"", ""option_type"": ""PE"", ""premium_points"": 420.6, ""qty"": -1, ""quantity_per_lot"": 1, ""raw_open"": 420.85, ""side"": ""SELL"", ""strike"": 75500.0}]",3.0,EVALUATED,73961.31,-1657.0400000000022,33.490284380000006,-33174.29028438005,True,,
development,2024-05-31,2024-05-28,Risk Reversal,high,0.108564849322581,0.6944444444444444,75532.92,74796.17097960567,75290.45902258843,76086.75889948699,76552.39211823586,"{""c65"": 76100.0, ""p35"": 75300.0}",66.20000000000005,34.587406904349265,32.71578505403085,0.6686,1983.2606595821721,2898.4223350273473,2898.4223350273473,2000.0,57968.44670054695,1.0,2.0,True,eligible,0.25,37.4324370063695,31.334109399999996,"[{""expiry"": ""2024-05-31"", ""option_type"": ""CE"", ""premium_points"": 275.15, ""qty"": 1, ""quantity_per_lot"": 1, ""raw_open"": 274.9, ""side"": ""BUY"", ""strike"": 76100.0}, {""expiry"": ""2024-05-31"", ""option_type"": ""PE"", ""premium_points"": 341.35, ""qty"": -1, ""quantity_per_lot"": 1, ""raw_open"": 341.6, ""side"": ""SELL"", ""strike"": 75300.0}]",5.0,EVALUATED,73961.31,-1272.4900000000023,31.334109399999996,-25481.134109400045,True,,
development,2024-05-31,2024-05-28,Sell Put,high,0.108564849322581,0.6944444444444444,75532.92,74796.17097960567,75290.45902258843,76086.75889948699,76552.39211823586,"{""atm"": 75500.0}",420.6,67.112205949499,66.07629424149903,0.7158,1828.0249494398533,2743.186624885029,2743.186624885029,2000.0,54863.73249770058,1.0,1.0,True,eligible,0.25,20.718234159999998,20.718234159999998,"[{""expiry"": ""2024-05-31"", ""option_type"": ""PE"", ""premium_points"": 420.6, ""qty"": -1, ""quantity_per_lot"": 1, ""raw_open"": 420.85, ""side"": ""SELL"", ""strike"": 75500.0}]",5.0,EVALUATED,73961.31,-1118.0900000000024,20.718234159999998,-22382.518234160045,True,,
development,2024-05-31,2024-05-28,Batman,high,0.108564849322581,0.6944444444444444,75532.92,74796.17097960567,75290.45902258843,76086.75889948699,76552.39211823586,"{""c65"": 76100.0, ""c80"": 76600.0, ""p20"": 74800.0, ""p35"": 75300.0}",54.80000000000001,72.43927345032127,68.66205496431475,0.824,1251.1470024756554,2048.451168234027,2048.451168234027,2000.0,40969.02336468054,1.0,6.0,True,eligible,0.25,75.54436972013028,62.55739968,"[{""expiry"": ""2024-05-31"", ""option_type"": ""PE"", ""premium_points"": 341.85, ""qty"": 1, ""quantity_per_lot"": 1, ""raw_open"": 341.6, ""side"": ""BUY"", ""strike"": 75300.0}, {""expiry"": ""2024-05-31"", ""option_type"": ""PE"", ""premium_points"": 191.9, ""qty"": -2, ""quantity_per_lot"": 2, ""raw_open"": 192.15, ""side"": ""SELL"", ""strike"": 74800.0}, {""expiry"": ""2024-05-31"", ""option_type"": ""CE"", ""premium_points"": 275.15, ""qty"": 1, ""quantity_per_lot"": 1, ""raw_open"": 274.9, ""side"": ""BUY"", ""strike"": 76100.0}, {""expiry"": ""2024-05-31"", ""option_type"": ""CE"", ""premium_points"": 144.0, ""qty"": -2, ""quantity_per_lot"": 2, ""raw_open"": 144.25, ""side"": ""SELL"", ""strike"": 76600.0}]",2.0,EVALUATED,73961.31,-283.8900000000023,96.02464968000007,-5773.824649680047,True,Batman_standalone,
development,2024-06-07,2024-06-04,Batman,high,0.15694227323253937,0.9880952380952381,73913.65,73169.13603074758,73646.41764823928,74414.28160002851,74869.21071707447,"{""c65"": 74400.0, ""c80"": 74900.0, ""p20"": 73200.0, ""p35"": 73600.0}",1991.75,1971.0213327839308,1963.0442122815336,0.9946,0.0,253.36552099319968,253.36552099319968,2000.0,5067.310419863994,1.0,6.0,True,eligible,0.25,159.542410047941,146.9675257,"[{""expiry"": ""2024-06-07"", ""option_type"": ""PE"", ""premium_points"": 1200.25, ""qty"": 1, ""quantity_per_lot"": 1, ""raw_open"": 1200.0, ""side"": ""BUY"", ""strike"": 73600.0}, {""expiry"": ""2024-06-07"", ""option_type"": ""PE"", ""premium_points"": 1182.6, ""qty"": -2, ""quantity_per_lot"": 2, ""raw_open"": 1182.85, ""side"": ""SELL"", ""strike"": 73200.0}, {""expiry"": ""2024-06-07"", ""option_type"": ""CE"", ""premium_points"": 1300.5, ""qty"": 1, ""quantity_per_lot"": 1, ""raw_open"": 1300.25, ""side"": ""BUY"", ""strike"": 74400.0}, {""expiry"": ""2024-06-07"", ""option_type"": ""CE"", ""premium_points"": 1063.65, ""qty"": -2, ""quantity_per_lot"": 2, ""raw_open"": 1063.9, ""side"": ""SELL"", ""strike"": 74900.0}]",2.0,EVALUATED,76693.36,698.3899999999994,204.3015257,13763.498474299988,True,,
development,2024-06-07,2024-06-04,Long Synthetic Future,high,0.15694227323253937,0.9880952380952381,73913.65,73169.13603074758,73646.41764823928,74414.28160002851,74869.21071707447,"{""atm"": 73900.0}",-410.75,-292.77130404127075,-296.12241667205126,0.3922,2686.248347627327,3619.297817290056,3619.297817290056,2000.0,72385.95634580113,0.0,2.0,False,negative_net_ev,0.25,67.02225261561091,54.96801334,"[{""expiry"": ""2024-06-07"", ""option_type"": ""CE"", ""premium_points"": 1741.95, ""qty"": 1, ""quantity_per_lot"": 1, ""raw_open"": 1741.7, ""side"": ""BUY"", ""strike"": 73900.0}, {""expiry"": ""2024-06-07"", ""option_type"": ""PE"", ""premium_points"": 1331.2, ""qty"": -1, ""quantity_per_lot"": 1, ""raw_open"": 1331.45, ""side"": ""SELL"", ""strike"": 73900.0}]",3.0,EVALUATED,76693.36,2382.6100000000006,124.80201334000002,47527.39798666001,True,,
development,2024-06-07,2024-06-04,Risk Reversal,high,0.15694227323253937,0.9880952380952381,73913.65,73169.13603074758,73646.41764823928,74414.28160002851,74869.21071707447,"{""c65"": 74400.0, ""p35"": 73600.0}",-100.75,-92.40100018368888,-95.28982046227263,0.3188,2075.78605527513,3008.83552493786,3008.83552493786,2000.0,60176.7104987572,0.0,2.0,False,negative_net_ev,0.25,57.77640557167438,51.3846009,"[{""expiry"": ""2024-06-07"", ""option_type"": ""CE"", ""premium_points"": 1300.5, ""qty"": 1, ""quantity_per_lot"": 1, ""raw_open"": 1300.25, ""side"": ""BUY"", ""strike"": 74400.0}, {""expiry"": ""2024-06-07"", ""option_type"": ""PE"", ""premium_points"": 1199.75, ""qty"": -1, ""quantity_per_lot"": 1, ""raw_open"": 1200.0, ""side"": ""SELL"", ""strike"": 73600.0}]",5.0,EVALUATED,76693.36,2192.6100000000006,108.71860090000001,43743.48139910001,True,,
development,2024-06-07,2024-06-04,Sell Put,high,0.15694227323253937,0.9880952380952381,73913.65,73169.13603074758,73646.41764823928,74414.28160002851,74869.21071707447,"{""atm"": 73900.0}",1331.2,967.0091249342928,965.0078133182928,0.915,942.9485466125468,1875.998016275277,1875.998016275277,2000.0,37519.96032550554,1.0,1.0,True,eligible,0.25,40.026232320000005,40.026232320000005,"[{""expiry"": ""2024-06-07"", ""option_type"": ""PE"", ""premium_points"": 1331.2, ""qty"": -1, ""quantity_per_lot"": 1, ""raw_open"": 1331.45, ""side"": ""SELL"", ""strike"": 73900.0}]",5.0,EVALUATED,76693.36,1331.2,40.026232320000005,26583.97376768,True,,
development,2024-06-07,2024-06-04,Batman,high,0.15694227323253937,0.9880952380952381,73913.65,73169.13603074758,73646.41764823928,74414.28160002851,74869.21071707447,"{""c65"": 74400.0, ""c80"": 74900.0, ""p20"": 73200.0, ""p35"": 73600.0}",1991.75,1971.0213327839308,1963.0442122815336,0.9946,0.0,253.36552099319968,253.36552099319968,2000.0,5067.310419863994,1.0,6.0,True,eligible,0.25,159.542410047941,146.9675257,"[{""expiry"": ""2024-06-07"", ""option_type"": ""PE"", ""premium_points"": 1200.25, ""qty"": 1, ""quantity_per_lot"": 1, ""raw_open"": 1200.0, ""side"": ""BUY"", ""strike"": 73600.0}, {""expiry"": ""2024-06-07"", ""option_type"": ""PE"", ""premium_points"": 1182.6, ""qty"": -2, ""quantity_per_lot"": 2, ""raw_open"": 1182.85, ""side"": ""SELL"", ""strike"": 73200.0}, {""expiry"": ""2024-06-07"", ""option_type"": ""CE"", ""premium_points"": 1300.5, ""qty"": 1, ""quantity_per_lot"": 1, ""raw_open"": 1300.25, ""side"": ""BUY"", ""strike"": 74400.0}, {""expiry"": ""2024-06-07"", ""option_type"": ""CE"", ""premium_points"": 1063.65, ""qty"": -2, ""quantity_per_lot"": 2, ""raw_open"": 1063.9, ""side"": ""SELL"", ""strike"": 74900.0}]",2.0,EVALUATED,76693.36,698.3899999999994,204.3015257,13763.498474299988,True,Batman_standalone,
development,2024-06-14,2024-06-11,Batman,high,0.2951793345379927,1.0,76555.38,75789.75347426819,76304.19094717657,77134.45854111668,77635.60852091876,"{""c65"": 77100.0, ""c80"": 77600.0, ""p20"": 75800.0, ""p35"": 76300.0}",169.79999999999995,143.2534275243945,139.02997666721674,0.8276,1575.1544940412093,2845.55080940928,2845.55080940928,2000.0,56911.016188185604,1.0,6.0,True,eligible,0.25,84.46901714355523,69.89174584,"[{""expiry"": ""2024-06-14"", ""option_type"": ""PE"", ""premium_points"": 462.95, ""qty"": 1, ""quantity_per_lot"": 1, ""raw_open"": 462.7, ""side"": ""BUY"", ""strike"": 76300.0}, {""expiry"": ""2024-06-14"", ""option_type"": ""PE"", ""premium_points"": 278.65, ""qty"": -2, ""quantity_per_lot"": 2, ""raw_open"": 278.9, ""side"": ""SELL"", ""strike"": 75800.0}, {""expiry"": ""2024-06-14"", ""option_type"": ""CE"", ""premium_points"": 366.85, ""qty"": 1, ""quantity_per_lot"": 1, ""raw_open"": 366.6, ""side"": ""BUY"", ""strike"": 77100.0}, {""expiry"": ""2024-06-14"", ""option_type"": ""CE"", ""premium_points"": 221.15, ""qty"": -2, ""quantity_per_lot"": 2, ""raw_open"": 221.4, ""side"": ""SELL"", ""strike"": 77600.0}]",2.0,EVALUATED,76992.77,169.79999999999995,69.89174584,3326.108254159999,True,,
development,2024-06-14,2024-06-11,Long Synthetic Future,high,0.2951793345379927,1.0,76555.38,75789.75347426819,76304.19094717657,77134.45854111668,77635.60852091876,"{""atm"": 76600.0}",39.94999999999993,134.28838232623616,131.77636025327206,0.5636,2687.382560923005,4155.099644227402,4155.099644227402,2000.0,83101.99288454803,1.0,2.0,True,eligible,0.25,50.24044145928119,37.43119714,"[{""expiry"": ""2024-06-14"", ""option_type"": ""CE"", ""premium_points"": 564.35, ""qty"": 1, ""quantity_per_lot"": 1, ""raw_open"": 564.1, ""side"": ""BUY"", ""strike"": 76600.0}, {""expiry"": ""2024-06-14"", ""option_type"": ""PE"", ""premium_points"": 604.3, ""qty"": -1, ""quantity_per_lot"": 1, ""raw_open"": 604.55, ""side"": ""SELL"", ""strike"": 76600.0}]",3.0,EVALUATED,76992.77,432.720000000004,47.250447140000105,8607.149552860079,True,,
development,2024-06-14,2024-06-11,Risk Reversal,high,0.2951793345379927,1.0,76555.38,75789.75347426819,76304.19094717657,77134.45854111668,77635.60852091876,"{""c65"": 77100.0, ""p35"": 76300.0}",95.59999999999997,81.95035604502144,79.8910925159044,0.6812,2331.2798023791574,3798.9968856835535,3798.9968856835535,2000.0,75979.93771367107,1.0,2.0,True,eligible,0.25,41.18527058234039,34.06725548,"[{""expiry"": ""2024-06-14"", ""option_type"": ""CE"", ""premium_points"": 366.85, ""qty"": 1, ""quantity_per_lot"": 1, ""raw_open"": 366.6, ""side"": ""BUY"", ""strike"": 77100.0}, {""expiry"": ""2024-06-14"", ""option_type"": ""PE"", ""premium_points"": 462.45, ""qty"": -1, ""quantity_per_lot"": 1, ""raw_open"": 462.7, ""side"": ""SELL"", ""strike"": 76300.0}]",5.0,EVALUATED,76992.77,95.59999999999997,34.06725548,1877.9327445199992,True,,
development,2024-06-14,2024-06-11,Sell Put,high,0.2951793345379927,1.0,76555.38,75789.75347426819,76304.19094717657,77134.45854111668,77635.60852091876,"{""atm"": 76600.0}",604.3,186.2686095549887,185.0379427809886,0.7444,2121.7512056240403,3589.468288928437,3589.468288928437,2000.0,71789.36577856874,1.0,1.0,True,eligible,0.25,24.61333548,24.61333548,"[{""expiry"": ""2024-06-14"", ""option_type"": ""PE"", ""premium_points"": 604.3, ""qty"": -1, ""quantity_per_lot"": 1, ""raw_open"": 604.55, ""side"": ""SELL"", ""strike"": 76600.0}]",5.0,EVALUATED,76992.77,604.3,24.61333548,12061.38666452,True,,
development,2024-06-14,2024-06-11,Batman,high,0.2951793345379927,1.0,76555.38,75789.75347426819,76304.19094717657,77134.45854111668,77635.60852091876,"{""c65"": 77100.0, ""c80"": 77600.0, ""p20"": 75800.0, ""p35"": 76300.0}",169.79999999999995,143.2534275243945,139.02997666721674,0.8276,1575.1544940412093,2845.55080940928,2845.55080940928,2000.0,56911.016188185604,1.0,6.0,True,eligible,0.25,84.46901714355523,69.89174584,"[{""expiry"": ""2024-06-14"", ""option_type"": ""PE"", ""premium_points"": 462.95, ""qty"": 1, ""quantity_per_lot"": 1, ""raw_open"": 462.7, ""side"": ""BUY"", ""strike"": 76300.0}, {""expiry"": ""2024-06-14"", ""option_type"": ""PE"", ""premium_points"": 278.65, ""qty"": -2, ""quantity_per_lot"": 2, ""raw_open"": 278.9, ""side"": ""SELL"", ""strike"": 75800.0}, {""expiry"": ""2024-06-14"", ""option_type"": ""CE"", ""premium_points"": 366.85, ""qty"": 1, ""quantity_per_lot"": 1, ""raw_open"": 366.6, ""side"": ""BUY"", ""strike"": 77100.0}, {""expiry"": ""2024-06-14"", ""option_type"": ""CE"", ""premium_points"": 221.15, ""qty"": -2, ""quantity_per_lot"": 2, ""raw_open"": 221.4, ""side"": ""SELL"", ""strike"": 77600.0}]",2.0,EVALUATED,76992.77,169.79999999999995,69.89174584,3326.108254159999,True,Batman_standalone,
development,2024-06-21,2024-06-18,Batman,high,0.29377548503318485,0.9801587301587301,77134.89,76368.0148770384,76873.27062353637,77681.05737177728,78180.33717069142,"{""c65"": 77700.0, ""c80"": 78200.0, ""p20"": 76400.0, ""p35"": 76900.0}",-8.649999999999977,-25.901231258789746,-29.518838075671358,0.4902,1675.3196956559648,2845.565997159557,2845.565997159557,2000.0,56911.319943191134,0.0,6.0,False,negative_net_ev,0.25,72.35213633763226,58.32807873999999,"[{""expiry"": ""2024-06-21"", ""option_type"": ""PE"", ""premium_points"": 303.7, ""qty"": 1, ""quantity_per_lot"": 1, ""raw_open"": 303.45, ""side"": ""BUY"", ""strike"": 76900.0}, {""expiry"": ""2024-06-21"", ""option_type"": ""PE"", ""premium_points"": 155.35, ""qty"": -2, ""quantity_per_lot"": 2, ""raw_open"": 155.6, ""side"": ""SELL"", ""strike"": 76400.0}, {""expiry"": ""2024-06-21"", ""option_type"": ""CE"", ""premium_points"": 187.95, ""qty"": 1, ""quantity_per_lot"": 1, ""raw_open"": 187.7, ""side"": ""BUY"", ""strike"": 77700.0}, {""expiry"": ""2024-06-21"", ""option_type"": ""CE"", ""premium_points"": 86.15, ""qty"": -2, ""quantity_per_lot"": 2, ""raw_open"": 86.4, ""side"": ""SELL"", ""strike"": 78200.0}]",2.0,EVALUATED,77209.9,-8.649999999999977,58.32807873999999,-231.32807873999954,True,,
development,2024-06-21,2024-06-18,Long Synthetic Future,high,0.29377548503318485,0.9801587301587301,77134.89,76368.0148770384,76873.27062353637,77681.05737177728,78180.33717069142,"{""atm"": 77100.0}",-33.55000000000001,119.75863203575234,117.45526141079786,0.5514,2603.993024436417,4009.589593616538,4009.589593616538,2000.0,80191.79187233077,1.0,2.0,True,eligible,0.25,46.067412499090715,32.75410658,"[{""expiry"": ""2024-06-21"", ""option_type"": ""CE"", ""premium_points"": 428.8, ""qty"": 1, ""quantity_per_lot"": 1, ""raw_open"": 428.55, ""side"": ""BUY"", ""strike"": 77100.0}, {""expiry"": ""2024-06-21"", ""option_type"": ""PE"", ""premium_points"": 395.25, ""qty"": -1, ""quantity_per_lot"": 1, ""raw_open"": 395.5, ""side"": ""SELL"", ""strike"": 77100.0}]",3.0,EVALUATED,77209.9,76.34999999999417,35.50160657999985,1491.4983934198835,True,,
development,2024-06-21,2024-06-18,Risk Reversal,high,0.29377548503318485,0.9801587301587301,77134.89,76368.0148770384,76873.27062353637,77681.05737177728,78180.33717069142,"{""c65"": 77700.0, ""p35"": 76900.0}",115.25,78.033466959729,76.18772994593836,0.6804,2254.735390825253,3660.3319600053733,3660.3319600053733,2000.0,73206.63920010747,1.0,2.0,True,eligible,0.25,36.914740275812754,30.367918140000004,"[{""expiry"": ""2024-06-21"", ""option_type"": ""CE"", ""premium_points"": 187.95, ""qty"": 1, ""quantity_per_lot"": 1, ""raw_open"": 187.7, ""side"": ""BUY"", ""strike"": 77700.0}, {""expiry"": ""2024-06-21"", ""option_type"": ""PE"", ""premium_points"": 303.2, ""qty"": -1, ""quantity_per_lot"": 1, ""raw_open"": 303.45, ""side"": ""SELL"", ""strike"": 76900.0}]",5.0,EVALUATED,77209.9,115.25,30.367918140000004,2274.63208186,True,,
development,2024-06-21,2024-06-18,Sell Put,high,0.29377548503318485,0.9801587301587301,77134.89,76368.0148770384,76873.27062353637,77681.05737177728,78180.33717069142,"{""atm"": 77100.0}",395.25,16.026395272123786,15.017359127123775,0.7044,2173.898689956462,3579.495259136583,3579.495259136583,2000.0,71589.90518273166,1.0,1.0,True,eligible,0.25,20.1807229,20.1807229,"[{""expiry"": ""2024-06-21"", ""option_type"": ""PE"", ""premium_points"": 395.25, ""qty"": -1, ""quantity_per_lot"": 1, ""raw_open"": 395.5, ""side"": ""SELL"", ""strike"": 77100.0}]",5.0,EVALUATED,77209.9,395.25,20.1807229,7884.8192771,True,,
development,2024-06-21,2024-06-18,Batman,high,0.29377548503318485,0.9801587301587301,77134.89,76368.0148770384,76873.27062353637,77681.05737177728,78180.33717069142,"{""c65"": 77700.0, ""c80"": 78200.0, ""p20"": 76400.0, ""p35"": 76900.0}",-8.649999999999977,-25.901231258789746,-29.518838075671358,0.4902,1675.3196956559648,2845.565997159557,2845.565997159557,2000.0,56911.319943191134,0.0,6.0,False,negative_net_ev,0.25,72.35213633763226,58.32807873999999,"[{""expiry"": ""2024-06-21"", ""option_type"": ""PE"", ""premium_points"": 303.7, ""qty"": 1, ""quantity_per_lot"": 1, ""raw_open"": 303.45, ""side"": ""BUY"", ""strike"": 76900.0}, {""expiry"": ""2024-06-21"", ""option_type"": ""PE"", ""premium_points"": 155.35, ""qty"": -2, ""quantity_per_lot"": 2, ""raw_open"": 155.6, ""side"": ""SELL"", ""strike"": 76400.0}, {""expiry"": ""2024-06-21"", ""option_type"": ""CE"", ""premium_points"": 187.95, ""qty"": 1, ""quantity_per_lot"": 1, ""raw_open"": 187.7, ""side"": ""BUY"", ""strike"": 77700.0}, {""expiry"": ""2024-06-21"", ""option_type"": ""CE"", ""premium_points"": 86.15, ""qty"": -2, ""quantity_per_lot"": 2, ""raw_open"": 86.4, ""side"": ""SELL"", ""strike"": 78200.0}]",2.0,EVALUATED,77209.9,-8.649999999999977,58.32807873999999,-231.32807873999954,True,Batman_standalone,
development,2024-06-28,2024-06-25,Batman,high,0.28956205814879804,0.9563492063492064,77505.0,76697.77169365057,77237.7474203603,78088.78920823903,78594.54846597304,"{""c65"": 78100.0, ""c80"": 78600.0, ""p20"": 76700.0, ""p35"": 77200.0}",13.949999999999989,-8.882901076181655,-12.533276130084442,0.7936,1652.2924371706072,3006.1255549718853,3006.1255549718853,2000.0,60122.5110994377,0.0,6.0,False,negative_net_ev,0.25,73.00750107805572,59.044254259999995,"[{""expiry"": ""2024-06-28"", ""option_type"": ""PE"", ""premium_points"": 321.05, ""qty"": 1, ""quantity_per_lot"": 1, ""raw_open"": 320.8, ""side"": ""BUY"", ""strike"": 77200.0}, {""expiry"": ""2024-06-28"", ""option_type"": ""PE"", ""premium_points"": 179.4, ""qty"": -2, ""quantity_per_lot"": 2, ""raw_open"": 179.65, ""side"": ""SELL"", ""strike"": 76700.0}, {""expiry"": ""2024-06-28"", ""option_type"": ""CE"", ""premium_points"": 180.9, ""qty"": 1, ""quantity_per_lot"": 1, ""raw_open"": 180.65, ""side"": ""BUY"", ""strike"": 78100.0}, {""expiry"": ""2024-06-28"", ""option_type"": ""CE"", ""premium_points"": 78.55, ""qty"": -2, ""quantity_per_lot"": 2, ""raw_open"": 78.8, ""side"": ""SELL"", ""strike"": 78600.0}]",2.0,EVALUATED,79032.73,81.22000000000406,82.3625042599999,1542.0374957400813,True,,
development,2024-06-28,2024-06-25,Long Synthetic Future,high,0.28956205814879804,0.9563492063492064,77505.0,76697.77169365057,77237.7474203603,78088.78920823903,78594.54846597304,"{""atm"": 77500.0}",28.850000000000023,171.1690734284017,168.80114643548595,0.5756,2586.976586615134,4153.310971696436,4153.310971696436,2000.0,83066.21943392872,1.0,2.0,True,eligible,0.25,47.358539858314465,33.759711859999996,"[{""expiry"": ""2024-06-28"", ""option_type"": ""CE"", ""premium_points"": 415.0, ""qty"": 1, ""quantity_per_lot"": 1, ""raw_open"": 414.75, ""side"": ""BUY"", ""strike"": 77500.0}, {""expiry"": ""2024-06-28"", ""option_type"": ""PE"", ""premium_points"": 443.85, ""qty"": -1, ""quantity_per_lot"": 1, ""raw_open"": 444.1, ""side"": ""SELL"", ""strike"": 77500.0}]",3.0,EVALUATED,79032.73,1561.5799999999958,72.0779618599999,31159.52203813992,True,,
development,2024-06-28,2024-06-25,Risk Reversal,high,0.28956205814879804,0.9563492063492064,77505.0,76697.77169365057,77237.7474203603,78088.78920823903,78594.54846597304,"{""c65"": 78100.0, ""p35"": 77200.0}",139.65,125.55041096384711,123.67398777554338,0.7006,2175.685082810522,3742.019467891825,3742.019467891825,2000.0,74840.38935783651,1.0,2.0,True,eligible,0.25,37.52846376607595,30.72308522,"[{""expiry"": ""2024-06-28"", ""option_type"": ""CE"", ""premium_points"": 180.9, ""qty"": 1, ""quantity_per_lot"": 1, ""raw_open"": 180.65, ""side"": ""BUY"", ""strike"": 78100.0}, {""expiry"": ""2024-06-28"", ""option_type"": ""PE"", ""premium_points"": 320.55, ""qty"": -1, ""quantity_per_lot"": 1, ""raw_open"": 320.8, ""side"": ""SELL"", ""strike"": 77200.0}]",5.0,EVALUATED,79032.73,1072.379999999996,54.0413352199999,21393.558664779917,True,,
development,2024-06-28,2024-06-25,Sell Put,high,0.28956205814879804,0.9563492063492064,77505.0,76697.77169365057,77237.7474203603,78088.78920823903,78594.54846597304,"{""atm"": 77500.0}",443.85,42.215953495822966,41.155392602822964,0.7028,2170.6692205152185,3737.003605596521,3737.003605596521,2000.0,74740.07211193042,1.0,1.0,True,eligible,0.25,21.211217859999998,21.211217859999998,"[{""expiry"": ""2024-06-28"", ""option_type"": ""PE"", ""premium_points"": 443.85, ""qty"": -1, ""quantity_per_lot"": 1, ""raw_open"": 444.1, ""side"": ""SELL"", ""strike"": 77500.0}]",5.0,EVALUATED,79032.73,443.85,21.211217859999998,8855.78878214,True,,
development,2024-06-28,2024-06-25,Batman,high,0.28956205814879804,0.9563492063492064,77505.0,76697.77169365057,77237.7474203603,78088.78920823903,78594.54846597304,"{""c65"": 78100.0, ""c80"": 78600.0, ""p20"": 76700.0, ""p35"": 77200.0}",13.949999999999989,-8.882901076181655,-12.533276130084442,0.7936,1652.2924371706072,3006.1255549718853,3006.1255549718853,2000.0,60122.5110994377,0.0,6.0,False,negative_net_ev,0.25,73.00750107805572,59.044254259999995,"[{""expiry"": ""2024-06-28"", ""option_type"": ""PE"", ""premium_points"": 321.05, ""qty"": 1, ""quantity_per_lot"": 1, ""raw_open"": 320.8, ""side"": ""BUY"", ""strike"": 77200.0}, {""expiry"": ""2024-06-28"", ""option_type"": ""PE"", ""premium_points"": 179.4, ""qty"": -2, ""quantity_per_lot"": 2, ""raw_open"": 179.65, ""side"": ""SELL"", ""strike"": 76700.0}, {""expiry"": ""2024-06-28"", ""option_type"": ""CE"", ""premium_points"": 180.9, ""qty"": 1, ""quantity_per_lot"": 1, ""raw_open"": 180.65, ""side"": ""BUY"", ""strike"": 78100.0}, {""expiry"": ""2024-06-28"", ""option_type"": ""CE"", ""premium_points"": 78.55, ""qty"": -2, ""quantity_per_lot"": 2, ""raw_open"": 78.8, ""side"": ""SELL"", ""strike"": 78600.0}]",2.0,EVALUATED,79032.73,81.22000000000406,82.3625042599999,1542.0374957400813,True,Batman_standalone,
development,2024-07-05,2024-07-02,Batman,high,0.2861531852127274,0.9325396825396826,79503.66,78708.14604008052,79226.70455602427,80089.42304650547,80593.81805408695,"{""c65"": 80100.0, ""c80"": 80600.0, ""p20"": 78700.0, ""p35"": 79200.0}",43.5,17.561286091219966,13.782629966611461,0.8036,1692.9826666404163,2961.6973315958244,2961.6973315958244,2000.0,59233.946631916486,1.0,6.0,True,eligible,0.25,75.57312249217041,61.45963043999999,"[{""expiry"": ""2024-07-05"", ""option_type"": ""PE"", ""premium_points"": 350.25, ""qty"": 1, ""quantity_per_lot"": 1, ""raw_open"": 350.0, ""side"": ""BUY"", ""strike"": 79200.0}, {""expiry"": ""2024-07-05"", ""option_type"": ""PE"", ""premium_points"": 197.25, ""qty"": -2, ""quantity_per_lot"": 2, ""raw_open"": 197.5, ""side"": ""SELL"", ""strike"": 78700.0}, {""expiry"": ""2024-07-05"", ""option_type"": ""CE"", ""premium_points"": 229.45, ""qty"": 1, ""quantity_per_lot"": 1, ""raw_open"": 229.2, ""side"": ""BUY"", ""strike"": 80100.0}, {""expiry"": ""2024-07-05"", ""option_type"": ""CE"", ""premium_points"": 114.35, ""qty"": -2, ""quantity_per_lot"": 2, ""raw_open"": 114.6, ""side"": ""SELL"", ""strike"": 80600.0}]",2.0,EVALUATED,79996.6,43.5,61.45963043999999,808.54036956,True,,
development,2024-07-05,2024-07-02,Long Synthetic Future,high,0.2861531852127274,0.9325396825396826,79503.66,78708.14604008052,79226.70455602427,80089.42304650547,80593.81805408695,"{""atm"": 79500.0}",5.300000000000011,143.43744403699725,141.02427147885092,0.5568,2664.52045947073,4179.372892949539,4179.372892949539,2000.0,83587.45785899079,1.0,2.0,True,eligible,0.25,48.263451162925506,34.605137920000004,"[{""expiry"": ""2024-07-05"", ""option_type"": ""CE"", ""premium_points"": 473.45, ""qty"": 1, ""quantity_per_lot"": 1, ""raw_open"": 473.2, ""side"": ""BUY"", ""strike"": 79500.0}, {""expiry"": ""2024-07-05"", ""option_type"": ""PE"", ""premium_points"": 478.75, ""qty"": -1, ""quantity_per_lot"": 1, ""raw_open"": 479.0, ""side"": ""SELL"", ""strike"": 79500.0}]",3.0,EVALUATED,79996.6,501.90000000000583,47.02013792000015,9990.979862080116,True,,
development,2024-07-05,2024-07-02,Risk Reversal,high,0.2861531852127274,0.9325396825396826,79503.66,78708.14604008052,79226.70455602427,80089.42304650547,80593.81805408695,"{""c65"": 80100.0, ""p35"": 79200.0}",120.30000000000001,102.56313522222375,100.64989370540562,0.6942,2249.020528429402,3763.872961908211,3763.872961908211,2000.0,75277.45923816421,1.0,2.0,True,eligible,0.25,38.26483033636301,31.42979512,"[{""expiry"": ""2024-07-05"", ""option_type"": ""CE"", ""premium_points"": 229.45, ""qty"": 1, ""quantity_per_lot"": 1, ""raw_open"": 229.2, ""side"": ""BUY"", ""strike"": 80100.0}, {""expiry"": ""2024-07-05"", ""option_type"": ""PE"", ""premium_points"": 349.75, ""qty"": -1, ""quantity_per_lot"": 1, ""raw_open"": 350.0, ""side"": ""SELL"", ""strike"": 79200.0}]",5.0,EVALUATED,79996.6,120.30000000000001,31.42979512,2374.57020488,True,,
development,2024-07-05,2024-07-02,Sell Put,high,0.2861531852127274,0.9325396825396826,79503.66,78708.14604008052,79226.70455602427,80089.42304650547,80593.81805408695,"{""atm"": 79500.0}",478.75,70.55491431997704,69.45735314497705,0.7116,2189.7548480875835,3704.6072815663933,3704.6072815663933,2000.0,74092.14563132786,1.0,1.0,True,eligible,0.25,21.951223499999998,21.951223499999998,"[{""expiry"": ""2024-07-05"", ""option_type"": ""PE"", ""premium_points"": 478.75, ""qty"": -1, ""quantity_per_lot"": 1, ""raw_open"": 479.0, ""side"": ""SELL"", ""strike"": 79500.0}]",5.0,EVALUATED,79996.6,478.75,21.951223499999998,9553.0487765,True,,
development,2024-07-05,2024-07-02,Batman,high,0.2861531852127274,0.9325396825396826,79503.66,78708.14604008052,79226.70455602427,80089.42304650547,80593.81805408695,"{""c65"": 80100.0, ""c80"": 80600.0, ""p20"": 78700.0, ""p35"": 79200.0}",43.5,17.561286091219966,13.782629966611461,0.8036,1692.9826666404163,2961.6973315958244,2961.6973315958244,2000.0,59233.946631916486,1.0,6.0,True,eligible,0.25,75.57312249217041,61.45963043999999,"[{""expiry"": ""2024-07-05"", ""option_type"": ""PE"", ""premium_points"": 350.25, ""qty"": 1, ""quantity_per_lot"": 1, ""raw_open"": 350.0, ""side"": ""BUY"", ""strike"": 79200.0}, {""expiry"": ""2024-07-05"", ""option_type"": ""PE"", ""premium_points"": 197.25, ""qty"": -2, ""quantity_per_lot"": 2, ""raw_open"": 197.5, ""side"": ""SELL"", ""strike"": 78700.0}, {""expiry"": ""2024-07-05"", ""option_type"": ""CE"", ""premium_points"": 229.45, ""qty"": 1, ""quantity_per_lot"": 1, ""raw_open"": 229.2, ""side"": ""BUY"", ""strike"": 80100.0}, {""expiry"": ""2024-07-05"", ""option_type"": ""CE"", ""premium_points"": 114.35, ""qty"": -2, ""quantity_per_lot"": 2, ""raw_open"": 114.6, ""side"": ""SELL"", ""strike"": 80600.0}]",2.0,EVALUATED,79996.6,43.5,61.45963043999999,808.54036956,True,Batman_standalone,
development,2024-07-12,2024-07-09,Buy Call,low,0.05834348378947759,0.003968253968253968,80119.61,79320.5532415342,79857.11232102956,80709.16818765957,81211.51830166153,"{""atm"": 80100.0}",-391.65,163.35418089609882,162.03510667297869,0.4208,392.9690742231202,392.9690742231202,392.9690742231202,2000.0,7859.381484462403,1.0,1.0,True,eligible,0.25,26.38148446240247,12.50637994,"[{""expiry"": ""2024-07-12"", ""option_type"": ""CE"", ""premium_points"": 391.65, ""qty"": 1, ""quantity_per_lot"": 1, ""raw_open"": 391.4, ""side"": ""BUY"", ""strike"": 80100.0}]",2.0,EVALUATED,80519.34,27.68999999999653,22.989879939999913,530.8101200599307,True,,
development,2024-07-12,2024-07-09,Long Synthetic Future,low,0.05834348378947759,0.003968253968253968,80119.61,79320.5532415342,79857.11232102956,80709.16818765957,81211.51830166153,"{""atm"": 80100.0}",-5.099999999999966,149.38879197415483,147.06990517203468,0.5594,2674.9389439923852,4285.203249751043,4285.203249751043,2000.0,85704.06499502086,1.0,2.0,True,eligible,0.25,46.37773604240247,32.50263152,"[{""expiry"": ""2024-07-12"", ""option_type"": ""CE"", ""premium_points"": 391.65, ""qty"": 1, ""quantity_per_lot"": 1, ""raw_open"": 391.4, ""side"": ""BUY"", ""strike"": 80100.0}, {""expiry"": ""2024-07-12"", ""option_type"": ""PE"", ""premium_points"": 386.55, ""qty"": -1, ""quantity_per_lot"": 1, ""raw_open"": 386.8, ""side"": ""SELL"", ""strike"": 80100.0}]",4.0,EVALUATED,80519.34,414.23999999999654,42.986131519999915,8241.81386847993,True,,
development,2024-07-12,2024-07-09,Risk Reversal,low,0.05834348378947759,0.003968253968253968,80119.61,79320.5532415342,79857.11232102956,80709.16818765957,81211.51830166153,"{""c65"": 80700.0, ""p35"": 79900.0}",138.75,101.57116523865906,99.7030207363051,0.6774,2330.6382016926195,3940.902507451277,3940.902507451277,2000.0,78818.05014902554,1.0,2.0,True,eligible,0.25,37.36289004707799,30.2864213,"[{""expiry"": ""2024-07-12"", ""option_type"": ""CE"", ""premium_points"": 162.75, ""qty"": 1, ""quantity_per_lot"": 1, ""raw_open"": 162.5, ""side"": ""BUY"", ""strike"": 80700.0}, {""expiry"": ""2024-07-12"", ""option_type"": ""PE"", ""premium_points"": 301.5, ""qty"": -1, ""quantity_per_lot"": 1, ""raw_open"": 301.75, ""side"": ""SELL"", ""strike"": 79900.0}]",9.0,EVALUATED,80519.34,138.75,30.2864213,2744.7135787,True,,
development,2024-07-12,2024-07-09,Batman,low,0.05834348378947759,0.003968253968253968,80119.61,79320.5532415342,79857.11232102956,80709.16818765957,81211.51830166153,"{""c65"": 80700.0, ""c80"": 81200.0, ""p20"": 79300.0, ""p35"": 79900.0}",-59.349999999999994,-58.87078015379624,-62.45660869895571,0.463,1822.7167988977903,3219.6550624095266,3219.6550624095266,2000.0,64393.101248190535,0.0,6.0,False,negative_net_ev,0.25,71.7165709031895,56.634162540000005,"[{""expiry"": ""2024-07-12"", ""option_type"": ""PE"", ""premium_points"": 302.0, ""qty"": 1, ""quantity_per_lot"": 1, ""raw_open"": 301.75, ""side"": ""BUY"", ""strike"": 79900.0}, {""expiry"": ""2024-07-12"", ""option_type"": ""PE"", ""premium_points"": 130.65, ""qty"": -2, ""quantity_per_lot"": 2, ""raw_open"": 130.9, ""side"": ""SELL"", ""strike"": 79300.0}, {""expiry"": ""2024-07-12"", ""option_type"": ""CE"", ""premium_points"": 162.75, ""qty"": 1, ""quantity_per_lot"": 1, ""raw_open"": 162.5, ""side"": ""BUY"", ""strike"": 80700.0}, {""expiry"": ""2024-07-12"", ""option_type"": ""CE"", ""premium_points"": 72.05, ""qty"": -2, ""quantity_per_lot"": 2, ""raw_open"": 72.3, ""side"": ""SELL"", ""strike"": 81200.0}]",0.0,STANDALONE_EVALUATED,80519.34,-59.349999999999994,56.634162540000005,-1243.63416254,True,Batman_standalone,
development,2024-07-19,2024-07-15,Buy Call,low,0.06583448316048186,0.06349206349206349,80721.75,79936.14480747447,80473.78678923805,81309.32183842806,81826.87562869606,"{""atm"": 80700.0}",-487.55,79.50836825760203,78.16557803828003,0.3938,488.8927902193219,488.8927902193219,488.8927902193219,2000.0,9777.855804386438,1.0,1.0,True,eligible,0.25,26.85580438644005,12.679345179999999,"[{""expiry"": ""2024-07-19"", ""option_type"": ""CE"", ""premium_points"": 487.55, ""qty"": 1, ""quantity_per_lot"": 1, ""raw_open"": 487.3, ""side"": ""BUY"", ""strike"": 80700.0}]",2.0,EVALUATED,80604.65,-487.55,12.679345179999999,-9763.67934518,True,,
development,2024-07-19,2024-07-15,Long Synthetic Future,low,0.06583448316048186,0.06349206349206349,80721.75,79936.14480747447,80473.78678923805,81309.32183842806,81826.87562869606,"{""atm"": 80700.0}",-13.800000000000011,159.92688351138128,157.49183301705926,0.567,2711.9903953057687,4326.255037948488,4326.255037948488,2000.0,86525.10075896977,1.0,2.0,True,eligible,0.25,48.70100988644005,34.52455068,"[{""expiry"": ""2024-07-19"", ""option_type"": ""CE"", ""premium_points"": 487.55, ""qty"": 1, ""quantity_per_lot"": 1, ""raw_open"": 487.3, ""side"": ""BUY"", ""strike"": 80700.0}, {""expiry"": ""2024-07-19"", ""option_type"": ""PE"", ""premium_points"": 473.75, ""qty"": -1, ""quantity_per_lot"": 1, ""raw_open"": 474.0, ""side"": ""SELL"", ""strike"": 80700.0}]",4.0,EVALUATED,80604.65,-109.15000000000583,34.52455068,-2217.5245506801166,True,,
development,2024-07-19,2024-07-15,Risk Reversal,low,0.06583448316048186,0.06349206349206349,80721.75,79936.14480747447,80473.78678923805,81309.32183842806,81826.87562869606,"{""c65"": 81300.0, ""p35"": 80500.0}",153.8,128.52991013604876,126.55573695367006,0.687,2343.929517993825,3958.194160636544,3958.194160636544,2000.0,79163.88321273089,1.0,2.0,True,eligible,0.25,39.483463647573345,32.243648119999996,"[{""expiry"": ""2024-07-19"", ""option_type"": ""CE"", ""premium_points"": 233.95, ""qty"": 1, ""quantity_per_lot"": 1, ""raw_open"": 233.7, ""side"": ""BUY"", ""strike"": 81300.0}, {""expiry"": ""2024-07-19"", ""option_type"": ""PE"", ""premium_points"": 387.75, ""qty"": -1, ""quantity_per_lot"": 1, ""raw_open"": 388.0, ""side"": ""SELL"", ""strike"": 80500.0}]",9.0,EVALUATED,80604.65,153.8,32.243648119999996,3043.75635188,True,,
development,2024-07-19,2024-07-15,Batman,low,0.06583448316048186,0.06349206349206349,80721.75,79936.14480747447,80473.78678923805,81309.32183842806,81826.87562869606,"{""c65"": 81300.0, ""c80"": 81800.0, ""p20"": 79900.0, ""p35"": 80500.0}",3.5,-2.1218854551805184,-5.9569192422677935,0.514,1801.1306314293429,3076.800157128275,3076.800157128275,2000.0,61536.003142565496,0.0,6.0,False,negative_net_ev,0.25,76.70067574174548,61.58929244,"[{""expiry"": ""2024-07-19"", ""option_type"": ""PE"", ""premium_points"": 388.25, ""qty"": 1, ""quantity_per_lot"": 1, ""raw_open"": 388.0, ""side"": ""BUY"", ""strike"": 80500.0}, {""expiry"": ""2024-07-19"", ""option_type"": ""PE"", ""premium_points"": 199.75, ""qty"": -2, ""quantity_per_lot"": 2, ""raw_open"": 200.0, ""side"": ""SELL"", ""strike"": 79900.0}, {""expiry"": ""2024-07-19"", ""option_type"": ""CE"", ""premium_points"": 233.95, ""qty"": 1, ""quantity_per_lot"": 1, ""raw_open"": 233.7, ""side"": ""BUY"", ""strike"": 81300.0}, {""expiry"": ""2024-07-19"", ""option_type"": ""CE"", ""premium_points"": 113.1, ""qty"": -2, ""quantity_per_lot"": 2, ""raw_open"": 113.35, ""side"": ""SELL"", ""strike"": 81800.0}]",0.0,STANDALONE_EVALUATED,80604.65,3.5,61.58929244,8.410707559999999,True,Batman_standalone,
development,2024-07-26,2024-07-23,Buy Call,low,0.07827392329041062,0.13095238095238096,80598.28,79824.99265465414,80343.12951472828,81205.61581240612,81699.16580619244,"{""atm"": 80600.0}",-788.45,-234.10272133891286,-235.45675785823926,0.288,789.8040365193262,789.8040365193262,789.8040365193262,2000.0,15796.080730386526,0.0,1.0,False,negative_net_ev,0.25,27.08073038652718,13.22204842,"[{""expiry"": ""2024-07-26"", ""option_type"": ""CE"", ""premium_points"": 788.45, ""qty"": 1, ""quantity_per_lot"": 1, ""raw_open"": 788.2, ""side"": ""BUY"", ""strike"": 80600.0}]",2.0,EVALUATED,81332.72,-55.72999999999888,31.54004842000003,-1146.1400484199776,True,,
development,2024-07-26,2024-07-23,Long Synthetic Future,low,0.07827392329041062,0.13095238095238096,80598.28,79824.99265465414,80343.12951472828,81205.61581240612,81699.16580619244,"{""atm"": 80600.0}",-5.650000000000091,143.8586284405853,141.08468301725887,0.5564,2761.3467857352503,4478.333509454404,4478.333509454404,2000.0,89566.67018908806,1.0,2.0,True,eligible,0.25,55.47890846652717,41.620226499999994,"[{""expiry"": ""2024-07-26"", ""option_type"": ""CE"", ""premium_points"": 788.45, ""qty"": 1, ""quantity_per_lot"": 1, ""raw_open"": 788.2, ""side"": ""BUY"", ""strike"": 80600.0}, {""expiry"": ""2024-07-26"", ""option_type"": ""PE"", ""premium_points"": 782.8, ""qty"": -1, ""quantity_per_lot"": 1, ""raw_open"": 783.05, ""side"": ""SELL"", ""strike"": 80600.0}]",4.0,EVALUATED,81332.72,727.0700000000011,59.93822650000003,14481.461773500021,True,,
development,2024-07-26,2024-07-23,Risk Reversal,low,0.07827392329041062,0.13095238095238096,80598.28,79824.99265465414,80343.12951472828,81205.61581240612,81699.16580619244,"{""c65"": 81200.0, ""p35"": 80300.0}",110.39999999999998,103.7252170397573,101.46687625972949,0.701,2344.7811810919525,4061.767904811106,4061.767904811106,2000.0,81235.35809622212,1.0,2.0,True,eligible,0.25,45.1668156005561,38.119738760000004,"[{""expiry"": ""2024-07-26"", ""option_type"": ""CE"", ""premium_points"": 529.35, ""qty"": 1, ""quantity_per_lot"": 1, ""raw_open"": 529.1, ""side"": ""BUY"", ""strike"": 81200.0}, {""expiry"": ""2024-07-26"", ""option_type"": ""PE"", ""premium_points"": 639.75, ""qty"": -1, ""quantity_per_lot"": 1, ""raw_open"": 640.0, ""side"": ""SELL"", ""strike"": 80300.0}]",9.0,EVALUATED,81332.72,243.12000000000114,41.43773876000003,4820.9622612400235,True,,
development,2024-07-26,2024-07-23,Batman,low,0.07827392329041062,0.13095238095238096,80598.28,79824.99265465414,80343.12951472828,81205.61581240612,81699.16580619244,"{""c65"": 81200.0, ""c80"": 81700.0, ""p20"": 79800.0, ""p35"": 80300.0}",474.29999999999995,436.16858884079556,431.24723324803955,0.8894,1389.6829613047285,2839.9883524202655,2839.9883524202655,2000.0,56799.76704840531,0.0,6.0,False,no_risk_sized_lot,0.25,98.42711185511826,84.1660886,"[{""expiry"": ""2024-07-26"", ""option_type"": ""PE"", ""premium_points"": 640.25, ""qty"": 1, ""quantity_per_lot"": 1, ""raw_open"": 640.0, ""side"": ""BUY"", ""strike"": 80300.0}, {""expiry"": ""2024-07-26"", ""option_type"": ""PE"", ""premium_points"": 459.15, ""qty"": -2, ""quantity_per_lot"": 2, ""raw_open"": 459.4, ""side"": ""SELL"", ""strike"": 79800.0}, {""expiry"": ""2024-07-26"", ""option_type"": ""CE"", ""premium_points"": 529.35, ""qty"": 1, ""quantity_per_lot"": 1, ""raw_open"": 529.1, ""side"": ""BUY"", ""strike"": 81200.0}, {""expiry"": ""2024-07-26"", ""option_type"": ""CE"", ""premium_points"": 362.8, ""qty"": -2, ""quantity_per_lot"": 2, ""raw_open"": 363.05, ""side"": ""SELL"", ""strike"": 81700.0}]",0.0,STANDALONE_EVALUATED,81332.72,607.0200000000011,87.48408860000002,12052.915911400023,True,Batman_standalone,
development,2024-08-02,2024-07-30,Buy Call,low,0.08696141519022146,0.20238095238095238,81324.08,80539.54292490963,81092.70301194004,81934.30764101468,82457.730408759,"{""atm"": 81300.0}",-467.75,109.54726033732565,108.19345706690396,0.4072,469.10380327042185,469.10380327042185,469.10380327042185,2000.0,9382.076065408437,1.0,1.0,True,eligible,0.25,27.076065408433138,12.6436339,"[{""expiry"": ""2024-08-02"", ""option_type"": ""CE"", ""premium_points"": 467.75, ""qty"": 1, ""quantity_per_lot"": 1, ""raw_open"": 467.5, ""side"": ""BUY"", ""strike"": 81300.0}]",2.0,EVALUATED,80981.95,-467.75,12.6436339,-9367.6436339,True,,
development,2024-08-02,2024-07-30,Long Synthetic Future,low,0.08696141519022146,0.20238095238095238,81324.08,80539.54292490963,81092.70301194004,81934.30764101468,82457.730408759,"{""atm"": 81300.0}",-56.14999999999998,128.71764601911627,126.33747266069464,0.5528,2727.424232051139,4220.949440048115,4220.949440048115,2000.0,84418.98880096231,1.0,2.0,True,eligible,0.25,47.60346716843314,33.17103566,"[{""expiry"": ""2024-08-02"", ""option_type"": ""CE"", ""premium_points"": 467.75, ""qty"": 1, ""quantity_per_lot"": 1, ""raw_open"": 467.5, ""side"": ""BUY"", ""strike"": 81300.0}, {""expiry"": ""2024-08-02"", ""option_type"": ""PE"", ""premium_points"": 411.6, ""qty"": -1, ""quantity_per_lot"": 1, ""raw_open"": 411.85, ""side"": ""SELL"", ""strike"": 81300.0}]",4.0,EVALUATED,80981.95,-374.2000000000029,33.17103566,-7517.171035660058,True,,
development,2024-08-02,2024-07-30,Risk Reversal,low,0.08696141519022146,0.20238095238095238,81324.08,80539.54292490963,81092.70301194004,81934.30764101468,82457.730408759,"{""c65"": 81900.0, ""p35"": 81100.0}",98.55000000000001,80.82715151701218,78.91054030919555,0.6766,2372.260669900534,3865.7858778975105,3865.7858778975105,2000.0,77315.7175579502,1.0,2.0,True,eligible,0.25,38.33222415633166,30.899595220000002,"[{""expiry"": ""2024-08-02"", ""option_type"": ""CE"", ""premium_points"": 226.45, ""qty"": 1, ""quantity_per_lot"": 1, ""raw_open"": 226.2, ""side"": ""BUY"", ""strike"": 81900.0}, {""expiry"": ""2024-08-02"", ""option_type"": ""PE"", ""premium_points"": 325.0, ""qty"": -1, ""quantity_per_lot"": 1, ""raw_open"": 325.25, ""side"": ""SELL"", ""strike"": 81100.0}]",9.0,EVALUATED,80981.95,-19.5000000000029,30.899595220000002,-420.89959522005796,True,,
development,2024-08-02,2024-07-30,Batman,low,0.08696141519022146,0.20238095238095238,81324.08,80539.54292490963,81092.70301194004,81934.30764101468,82457.730408759,"{""c65"": 81900.0, ""c80"": 82500.0, ""p20"": 80500.0, ""p35"": 81100.0}",-54.54999999999998,-23.043226854570747,-26.745751691807644,0.4838,1733.854817315403,3048.8407935414753,3048.8407935414753,2000.0,60976.81587082951,0.0,6.0,False,negative_net_ev,0.25,74.05049674473801,58.74216765999999,"[{""expiry"": ""2024-08-02"", ""option_type"": ""PE"", ""premium_points"": 325.5, ""qty"": 1, ""quantity_per_lot"": 1, ""raw_open"": 325.25, ""side"": ""BUY"", ""strike"": 81100.0}, {""expiry"": ""2024-08-02"", ""option_type"": ""PE"", ""premium_points"": 147.25, ""qty"": -2, ""quantity_per_lot"": 2, ""raw_open"": 147.5, ""side"": ""SELL"", ""strike"": 80500.0}, {""expiry"": ""2024-08-02"", ""option_type"": ""CE"", ""premium_points"": 226.45, ""qty"": 1, ""quantity_per_lot"": 1, ""raw_open"": 226.2, ""side"": ""BUY"", ""strike"": 81900.0}, {""expiry"": ""2024-08-02"", ""option_type"": ""CE"", ""premium_points"": 101.45, ""qty"": -2, ""quantity_per_lot"": 2, ""raw_open"": 101.7, ""side"": ""SELL"", ""strike"": 82500.0}]",0.0,STANDALONE_EVALUATED,80981.95,63.50000000000293,61.693417660000065,1208.3065823400586,True,Batman_standalone,
development,2024-08-09,2024-08-06,Batman,high,0.13769490401996076,0.8650793650793651,79640.96,78813.47320064534,79368.04603492693,80209.75638674211,80722.12148385892,"{""c65"": 80200.0, ""c80"": 80700.0, ""p20"": 78800.0, ""p35"": 79400.0}",175.89999999999998,180.7403896958693,176.4405641641911,0.848,1501.9546787997335,2689.9439694901916,2689.9439694901916,2000.0,53798.879389803835,1.0,6.0,True,eligible,0.25,85.99651063356319,71.08632116,"[{""expiry"": ""2024-08-09"", ""option_type"": ""PE"", ""premium_points"": 489.55, ""qty"": 1, ""quantity_per_lot"": 1, ""raw_open"": 489.3, ""side"": ""BUY"", ""strike"": 79400.0}, {""expiry"": ""2024-08-09"", ""option_type"": ""PE"", ""premium_points"": 292.25, ""qty"": -2, ""quantity_per_lot"": 2, ""raw_open"": 292.5, ""side"": ""SELL"", ""strike"": 78800.0}, {""expiry"": ""2024-08-09"", ""option_type"": ""CE"", ""premium_points"": 386.55, ""qty"": 1, ""quantity_per_lot"": 1, ""raw_open"": 386.3, ""side"": ""BUY"", ""strike"": 80200.0}, {""expiry"": ""2024-08-09"", ""option_type"": ""CE"", ""premium_points"": 233.75, ""qty"": -2, ""quantity_per_lot"": 2, ""raw_open"": 234.0, ""side"": ""SELL"", ""strike"": 80700.0}]",2.0,EVALUATED,79705.91,175.89999999999998,71.08632116,3446.9136788399996,True,,
development,2024-08-09,2024-08-06,Long Synthetic Future,high,0.13769490401996076,0.8650793650793651,79640.96,78813.47320064534,79368.04603492693,80209.75638674211,80722.12148385892,"{""atm"": 79600.0}",-79.89999999999998,83.1231198840586,80.57883926995224,0.5444,2749.798238593133,4159.48593534999,4159.48593534999,2000.0,83189.71870699979,1.0,2.0,True,eligible,0.25,50.885612282126566,36.938736840000004,"[{""expiry"": ""2024-08-09"", ""option_type"": ""CE"", ""premium_points"": 653.4, ""qty"": 1, ""quantity_per_lot"": 1, ""raw_open"": 653.15, ""side"": ""BUY"", ""strike"": 79600.0}, {""expiry"": ""2024-08-09"", ""option_type"": ""PE"", ""premium_points"": 573.5, ""qty"": -1, ""quantity_per_lot"": 1, ""raw_open"": 573.75, ""side"": ""SELL"", ""strike"": 79600.0}]",3.0,EVALUATED,79705.91,26.010000000003515,39.58648684000009,480.6135131600702,True,,
development,2024-08-09,2024-08-06,Risk Reversal,high,0.13769490401996076,0.8650793650793651,79640.96,78813.47320064534,79368.04603492693,80209.75638674211,80722.12148385892,"{""c65"": 80200.0, ""p35"": 79400.0}",102.5,66.88265172241206,64.79881772024653,0.6728,2366.9377919811923,3776.6254887380496,3776.6254887380496,2000.0,75532.509774761,1.0,2.0,True,eligible,0.25,41.67668004331175,34.666802159999996,"[{""expiry"": ""2024-08-09"", ""option_type"": ""CE"", ""premium_points"": 386.55, ""qty"": 1, ""quantity_per_lot"": 1, ""raw_open"": 386.3, ""side"": ""BUY"", ""strike"": 80200.0}, {""expiry"": ""2024-08-09"", ""option_type"": ""PE"", ""premium_points"": 489.05, ""qty"": -1, ""quantity_per_lot"": 1, ""raw_open"": 489.3, ""side"": ""SELL"", ""strike"": 79400.0}]",5.0,EVALUATED,79705.91,102.5,34.666802159999996,2015.33319784,True,,
development,2024-08-09,2024-08-06,Sell Put,high,0.13769490401996076,0.8650793650793651,79640.96,78813.47320064534,79368.04603492693,80209.75638674211,80722.12148385892,"{""atm"": 79600.0}",573.5,178.64810219899616,177.45008896899614,0.7482,2095.051971209027,3504.7396679658846,3504.7396679658846,2000.0,70094.79335931769,1.0,1.0,True,eligible,0.25,23.9602646,23.9602646,"[{""expiry"": ""2024-08-09"", ""option_type"": ""PE"", ""premium_points"": 573.5, ""qty"": -1, ""quantity_per_lot"": 1, ""raw_open"": 573.75, ""side"": ""SELL"", ""strike"": 79600.0}]",5.0,EVALUATED,79705.91,573.5,23.9602646,11446.0397354,True,,
development,2024-08-09,2024-08-06,Batman,high,0.13769490401996076,0.8650793650793651,79640.96,78813.47320064534,79368.04603492693,80209.75638674211,80722.12148385892,"{""c65"": 80200.0, ""c80"": 80700.0, ""p20"": 78800.0, ""p35"": 79400.0}",175.89999999999998,180.7403896958693,176.4405641641911,0.848,1501.9546787997335,2689.9439694901916,2689.9439694901916,2000.0,53798.879389803835,1.0,6.0,True,eligible,0.25,85.99651063356319,71.08632116,"[{""expiry"": ""2024-08-09"", ""option_type"": ""PE"", ""premium_points"": 489.55, ""qty"": 1, ""quantity_per_lot"": 1, ""raw_open"": 489.3, ""side"": ""BUY"", ""strike"": 79400.0}, {""expiry"": ""2024-08-09"", ""option_type"": ""PE"", ""premium_points"": 292.25, ""qty"": -2, ""quantity_per_lot"": 2, ""raw_open"": 292.5, ""side"": ""SELL"", ""strike"": 78800.0}, {""expiry"": ""2024-08-09"", ""option_type"": ""CE"", ""premium_points"": 386.55, ""qty"": 1, ""quantity_per_lot"": 1, ""raw_open"": 386.3, ""side"": ""BUY"", ""strike"": 80200.0}, {""expiry"": ""2024-08-09"", ""option_type"": ""CE"", ""premium_points"": 233.75, ""qty"": -2, ""quantity_per_lot"": 2, ""raw_open"": 234.0, ""side"": ""SELL"", ""strike"": 80700.0}]",2.0,EVALUATED,79705.91,175.89999999999998,71.08632116,3446.9136788399996,True,Batman_standalone,
development,2024-08-16,2024-08-12,Batman,high,,,,,,,,,,,,,,,,,,,,,,,,,,,NO_TRADE,,,,,,,missing 09:30 bar CE 80500.0
development,2024-08-16,2024-08-12,Long Synthetic Future,high,0.1491269564119669,0.8650793650793651,79406.36,78649.5645717576,79181.05818731766,80018.08830906407,80541.80949606792,"{""atm"": 79400.0}",-128.30000000000007,52.711158646110654,50.1956773645512,0.5258,2787.0120701893793,4209.120020908821,4209.120020908821,2000.0,84182.40041817642,1.0,2.0,True,eligible,0.25,50.30962563119046,36.06087904,"[{""expiry"": ""2024-08-16"", ""option_type"": ""CE"", ""premium_points"": 659.85, ""qty"": 1, ""quantity_per_lot"": 1, ""raw_open"": 659.6, ""side"": ""BUY"", ""strike"": 79400.0}, {""expiry"": ""2024-08-16"", ""option_type"": ""PE"", ""premium_points"": 531.55, ""qty"": -1, ""quantity_per_lot"": 1, ""raw_open"": 531.8, ""side"": ""SELL"", ""strike"": 79400.0}]",3.0,EVALUATED,80436.84,908.5399999999964,61.98187903999992,18108.81812095993,True,,
development,2024-08-16,2024-08-12,Risk Reversal,high,0.1491269564119669,0.8650793650793651,79406.36,78649.5645717576,79181.05818731766,80018.08830906407,80541.80949606792,"{""c65"": 80000.0, ""p35"": 79200.0}",104.89999999999998,84.1807618412376,82.12197455552392,0.6792,2353.355376193532,3775.4633269129745,3775.4633269129745,2000.0,75509.26653825949,1.0,2.0,True,eligible,0.25,41.175745714273596,33.91358916,"[{""expiry"": ""2024-08-16"", ""option_type"": ""CE"", ""premium_points"": 351.6, ""qty"": 1, ""quantity_per_lot"": 1, ""raw_open"": 351.35, ""side"": ""BUY"", ""strike"": 80000.0}, {""expiry"": ""2024-08-16"", ""option_type"": ""PE"", ""premium_points"": 456.5, ""qty"": -1, ""quantity_per_lot"": 1, ""raw_open"": 456.75, ""side"": ""SELL"", ""strike"": 79200.0}]",5.0,EVALUATED,80436.84,541.7399999999965,44.834589159999915,10789.96541083993,True,,
development,2024-08-16,2024-08-12,Sell Put,high,0.1491269564119669,0.8650793650793651,79406.36,78649.5645717576,79181.05818731766,80018.08830906407,80541.80949606792,"{""atm"": 79400.0}",531.55,142.61129499849267,141.45775631949263,0.7464,2125.8001275868182,3547.908078306261,3547.908078306261,2000.0,70958.16156612521,1.0,1.0,True,eligible,0.25,23.07077358,23.07077358,"[{""expiry"": ""2024-08-16"", ""option_type"": ""PE"", ""premium_points"": 531.55, ""qty"": -1, ""quantity_per_lot"": 1, ""raw_open"": 531.8, ""side"": ""SELL"", ""strike"": 79400.0}]",5.0,EVALUATED,80436.84,531.55,23.07077358,10607.92922642,True,,
development,2024-08-16,2024-08-12,Batman,high,,,,,,,,,,,,,,,,,,,,,,,,,,,NO_TRADE,,,,,,Batman_standalone,missing 09:30 bar CE 80500.0
development,2024-08-23,2024-08-20,Batman,high,,,,,,,,,,,,,,,,,,,,,,,,,,,NO_TRADE,,,,,,,missing 09:30 bar CE 81700.0
development,2024-08-23,2024-08-20,Long Synthetic Future,high,0.15573904951526615,0.8849206349206349,80575.52,79763.70401550597,80298.10578105971,81188.38808348853,81720.85248409014,"{""atm"": 80600.0}",-0.14999999999997726,113.19304841498982,110.87036335024894,0.5474,2768.5024950904935,4166.292587415256,4166.292587415256,2000.0,83325.85174830513,1.0,2.0,True,eligible,0.25,46.45370129481735,32.92048726,"[{""expiry"": ""2024-08-23"", ""option_type"": ""CE"", ""premium_points"": 405.25, ""qty"": 1, ""quantity_per_lot"": 1, ""raw_open"": 405.0, ""side"": ""BUY"", ""strike"": 80600.0}, {""expiry"": ""2024-08-23"", ""option_type"": ""PE"", ""premium_points"": 405.1, ""qty"": -1, ""quantity_per_lot"": 1, ""raw_open"": 405.35, ""side"": ""SELL"", ""strike"": 80600.0}]",3.0,EVALUATED,81086.21,486.0600000000064,45.07573726000016,9676.124262740128,True,,
development,2024-08-23,2024-08-20,Risk Reversal,high,0.15573904951526615,0.8849206349206349,80575.52,79763.70401550597,80298.10578105971,81188.38808348853,81720.85248409014,"{""c65"": 81200.0, ""p35"": 80300.0}",113.09999999999997,79.13900411239538,77.3057094827438,0.6848,2354.763104655404,3752.553196980167,3752.553196980167,2000.0,75051.06393960334,1.0,2.0,True,eligible,0.25,36.6658925930315,29.818472720000003,"[{""expiry"": ""2024-08-23"", ""option_type"": ""CE"", ""premium_points"": 166.05, ""qty"": 1, ""quantity_per_lot"": 1, ""raw_open"": 165.8, ""side"": ""BUY"", ""strike"": 81200.0}, {""expiry"": ""2024-08-23"", ""option_type"": ""PE"", ""premium_points"": 279.15, ""qty"": -1, ""quantity_per_lot"": 1, ""raw_open"": 279.4, ""side"": ""SELL"", ""strike"": 80300.0}]",5.0,EVALUATED,81086.21,113.09999999999997,29.818472720000003,2232.181527279999,True,,
development,2024-08-23,2024-08-20,Sell Put,high,0.15573904951526615,0.8849206349206349,80575.52,79763.70401550597,80298.10578105971,81188.38808348853,81720.85248409014,"{""atm"": 80600.0}",405.1,-22.885512977704177,-23.90499189570419,0.6824,2361.9492889437524,3759.739381268515,3759.739381268515,2000.0,75194.7876253703,0.0,1.0,False,negative_net_ev,0.25,20.38957836,20.38957836,"[{""expiry"": ""2024-08-23"", ""option_type"": ""PE"", ""premium_points"": 405.1, ""qty"": -1, ""quantity_per_lot"": 1, ""raw_open"": 405.35, ""side"": ""SELL"", ""strike"": 80600.0}]",5.0,EVALUATED,81086.21,405.1,20.38957836,8081.61042164,True,,
development,2024-08-23,2024-08-20,Batman,high,,,,,,,,,,,,,,,,,,,,,,,,,,,NO_TRADE,,,,,,Batman_standalone,missing 09:30 bar CE 81700.0
development,2024-08-30,2024-08-27,Batman,high,0.14740978032944582,0.8293650793650794,81691.45,80848.55602844968,81389.24086090818,82284.67120307361,82783.38745759784,"{""c65"": 82300.0, ""c80"": 82800.0, ""p20"": 80800.0, ""p35"": 81400.0}",-67.30000000000001,-68.13204734743853,-71.61552101805559,0.4408,1758.559730308217,2801.1729371277966,2801.1729371277966,2000.0,56023.45874255593,0.0,6.0,False,negative_net_ev,0.25,69.66947341234115,54.97127628,"[{""expiry"": ""2024-08-30"", ""option_type"": ""PE"", ""premium_points"": 259.0, ""qty"": 1, ""quantity_per_lot"": 1, ""raw_open"": 258.75, ""side"": ""BUY"", ""strike"": 81400.0}, {""expiry"": ""2024-08-30"", ""option_type"": ""PE"", ""premium_points"": 111.25, ""qty"": -2, ""quantity_per_lot"": 2, ""raw_open"": 111.5, ""side"": ""SELL"", ""strike"": 80800.0}, {""expiry"": ""2024-08-30"", ""option_type"": ""CE"", ""premium_points"": 140.8, ""qty"": 1, ""quantity_per_lot"": 1, ""raw_open"": 140.55, ""side"": ""BUY"", ""strike"": 82300.0}, {""expiry"": ""2024-08-30"", ""option_type"": ""CE"", ""premium_points"": 55.0, ""qty"": -2, ""quantity_per_lot"": 2, ""raw_open"": 55.25, ""side"": ""SELL"", ""strike"": 82800.0}]",2.0,EVALUATED,82365.77,-1.5299999999959368,56.6155262800001,-87.21552627991883,True,,
development,2024-08-30,2024-08-27,Long Synthetic Future,high,0.14740978032944582,0.8293650793650794,81691.45,80848.55602844968,81389.24086090818,82284.67120307361,82783.38745759784,"{""atm"": 81700.0}",6.550000000000011,114.2937713636905,111.99916185330656,0.549,2761.6753662264014,4015.000511441929,4015.000511441929,2000.0,80300.01022883858,1.0,2.0,True,eligible,0.25,45.8921902076775,32.33207278,"[{""expiry"": ""2024-08-30"", ""option_type"": ""CE"", ""premium_points"": 373.5, ""qty"": 1, ""quantity_per_lot"": 1, ""raw_open"": 373.25, ""side"": ""BUY"", ""strike"": 81700.0}, {""expiry"": ""2024-08-30"", ""option_type"": ""PE"", ""premium_points"": 380.05, ""qty"": -1, ""quantity_per_lot"": 1, ""raw_open"": 380.3, ""side"": ""SELL"", ""strike"": 81700.0}]",3.0,EVALUATED,82365.77,672.320000000004,48.9763227800001,13397.423677220082,True,,
development,2024-08-30,2024-08-27,Risk Reversal,high,0.14740978032944582,0.8293650793650794,81691.45,80848.55602844968,81389.24086090818,82284.67120307361,82783.38745759784,"{""c65"": 82300.0, ""p35"": 81400.0}",117.69999999999999,78.29497315280464,76.48539249227568,0.681,2350.040337376547,3603.3654825920744,3603.3654825920744,2000.0,72067.30965184148,1.0,2.0,True,eligible,0.25,36.191613210580634,29.33507748,"[{""expiry"": ""2024-08-30"", ""option_type"": ""CE"", ""premium_points"": 140.8, ""qty"": 1, ""quantity_per_lot"": 1, ""raw_open"": 140.55, ""side"": ""BUY"", ""strike"": 82300.0}, {""expiry"": ""2024-08-30"", ""option_type"": ""PE"", ""premium_points"": 258.5, ""qty"": -1, ""quantity_per_lot"": 1, ""raw_open"": 258.75, ""side"": ""SELL"", ""strike"": 81400.0}]",5.0,EVALUATED,82365.77,183.47000000000406,30.9793274800001,3638.4206725200816,True,,
development,2024-08-30,2024-08-27,Sell Put,high,0.14740978032944582,0.8293650793650794,81691.45,80848.55602844968,81389.24086090818,82284.67120307361,82783.38745759784,"{""atm"": 81700.0}",380.05,-54.61092574340976,-55.603847152409784,0.6706,2386.8736781250172,3640.198823340545,3640.198823340545,2000.0,72803.9764668109,0.0,1.0,False,negative_net_ev,0.25,19.85842818,19.85842818,"[{""expiry"": ""2024-08-30"", ""option_type"": ""PE"", ""premium_points"": 380.05, ""qty"": -1, ""quantity_per_lot"": 1, ""raw_open"": 380.3, ""side"": ""SELL"", ""strike"": 81700.0}]",5.0,EVALUATED,82365.77,380.05,19.85842818,7581.14157182,True,,
development,2024-08-30,2024-08-27,Batman,high,0.14740978032944582,0.8293650793650794,81691.45,80848.55602844968,81389.24086090818,82284.67120307361,82783.38745759784,"{""c65"": 82300.0, ""c80"": 82800.0, ""p20"": 80800.0, ""p35"": 81400.0}",-67.30000000000001,-68.13204734743853,-71.61552101805559,0.4408,1758.559730308217,2801.1729371277966,2801.1729371277966,2000.0,56023.45874255593,0.0,6.0,False,negative_net_ev,0.25,69.66947341234115,54.97127628,"[{""expiry"": ""2024-08-30"", ""option_type"": ""PE"", ""premium_points"": 259.0, ""qty"": 1, ""quantity_per_lot"": 1, ""raw_open"": 258.75, ""side"": ""BUY"", ""strike"": 81400.0}, {""expiry"": ""2024-08-30"", ""option_type"": ""PE"", ""premium_points"": 111.25, ""qty"": -2, ""quantity_per_lot"": 2, ""raw_open"": 111.5, ""side"": ""SELL"", ""strike"": 80800.0}, {""expiry"": ""2024-08-30"", ""option_type"": ""CE"", ""premium_points"": 140.8, ""qty"": 1, ""quantity_per_lot"": 1, ""raw_open"": 140.55, ""side"": ""BUY"", ""strike"": 82300.0}, {""expiry"": ""2024-08-30"", ""option_type"": ""CE"", ""premium_points"": 55.0, ""qty"": -2, ""quantity_per_lot"": 2, ""raw_open"": 55.25, ""side"": ""SELL"", ""strike"": 82800.0}]",2.0,EVALUATED,82365.77,-1.5299999999959368,56.6155262800001,-87.21552627991883,True,Batman_standalone,
development,2024-09-06,2024-09-03,Batman,high,0.14192128386918434,0.7976190476190477,82515.57,81678.92702756866,82220.507563515,83129.90988625119,83665.49708180396,"{""c65"": 83100.0, ""c80"": 83700.0, ""p20"": 81700.0, ""p35"": 82200.0}",-76.60000000000001,-91.80787849088979,-95.28730346962809,0.4218,1835.7623578249807,3084.0026542157684,3084.0026542157684,2000.0,61680.05308431537,0.0,6.0,False,negative_net_ev,0.25,69.58849957476568,54.21500784,"[{""expiry"": ""2024-09-06"", ""option_type"": ""PE"", ""premium_points"": 232.6, ""qty"": 1, ""quantity_per_lot"": 1, ""raw_open"": 232.35, ""side"": ""BUY"", ""strike"": 82200.0}, {""expiry"": ""2024-09-06"", ""option_type"": ""PE"", ""premium_points"": 105.55, ""qty"": -2, ""quantity_per_lot"": 2, ""raw_open"": 105.8, ""side"": ""SELL"", ""strike"": 81700.0}, {""expiry"": ""2024-09-06"", ""option_type"": ""CE"", ""premium_points"": 142.9, ""qty"": 1, ""quantity_per_lot"": 1, ""raw_open"": 142.65, ""side"": ""BUY"", ""strike"": 83100.0}, {""expiry"": ""2024-09-06"", ""option_type"": ""CE"", ""premium_points"": 43.9, ""qty"": -2, ""quantity_per_lot"": 2, ""raw_open"": 44.15, ""side"": ""SELL"", ""strike"": 83700.0}]",2.0,EVALUATED,81183.93,-92.670000000007,79.61675784000018,-1933.0167578401401,True,,
development,2024-09-06,2024-09-03,Long Synthetic Future,high,0.14192128386918434,0.7976190476190477,82515.57,81678.92702756866,82220.507563515,83129.90988625119,83665.49708180396,"{""atm"": 82500.0}",-29.94999999999999,113.86649492667178,111.55914813809186,0.5528,2861.421752206612,4251.890680950049,4251.890680950049,2000.0,85037.81361900097,1.0,2.0,True,eligible,0.25,46.14693577159699,31.72609394,"[{""expiry"": ""2024-09-06"", ""option_type"": ""CE"", ""premium_points"": 380.8, ""qty"": 1, ""quantity_per_lot"": 1, ""raw_open"": 380.55, ""side"": ""BUY"", ""strike"": 82500.0}, {""expiry"": ""2024-09-06"", ""option_type"": ""PE"", ""premium_points"": 350.85, ""qty"": -1, ""quantity_per_lot"": 1, ""raw_open"": 351.1, ""side"": ""SELL"", ""strike"": 82500.0}]",3.0,EVALUATED,81183.93,-1346.020000000007,31.72609394,-26952.12609394014,True,,
development,2024-09-06,2024-09-03,Risk Reversal,high,0.14192128386918434,0.7976190476190477,82515.57,81678.92702756866,82220.507563515,83129.90988625119,83665.49708180396,"{""c65"": 83100.0, ""p35"": 82200.0}",89.19999999999999,71.75400149119464,69.94161344689357,0.68,2441.7767934623334,3832.245722205769,3832.245722205769,2000.0,76644.91444411539,1.0,2.0,True,eligible,0.25,36.247760886022775,28.77909,"[{""expiry"": ""2024-09-06"", ""option_type"": ""CE"", ""premium_points"": 142.9, ""qty"": 1, ""quantity_per_lot"": 1, ""raw_open"": 142.65, ""side"": ""BUY"", ""strike"": 83100.0}, {""expiry"": ""2024-09-06"", ""option_type"": ""PE"", ""premium_points"": 232.1, ""qty"": -1, ""quantity_per_lot"": 1, ""raw_open"": 232.35, ""side"": ""SELL"", ""strike"": 82200.0}]",5.0,EVALUATED,81183.93,-926.8700000000069,28.77909,-18566.17909000014,True,,
development,2024-09-06,2024-09-03,Sell Put,high,0.14192128386918434,0.7976190476190477,82515.57,81678.92702756866,82220.507563515,83129.90988625119,83665.49708180396,"{""atm"": 82500.0}",350.85,-82.16717833720809,-83.12914249020807,0.6716,2479.2763695710314,3869.7452983144676,3869.7452983144676,2000.0,77394.90596628936,0.0,1.0,False,negative_net_ev,0.25,19.239283059999998,19.239283059999998,"[{""expiry"": ""2024-09-06"", ""option_type"": ""PE"", ""premium_points"": 350.85, ""qty"": -1, ""quantity_per_lot"": 1, ""raw_open"": 351.1, ""side"": ""SELL"", ""strike"": 82500.0}]",5.0,EVALUATED,81183.93,-965.220000000007,19.239283059999998,-19323.63928306014,True,,
development,2024-09-06,2024-09-03,Batman,high,0.14192128386918434,0.7976190476190477,82515.57,81678.92702756866,82220.507563515,83129.90988625119,83665.49708180396,"{""c65"": 83100.0, ""c80"": 83700.0, ""p20"": 81700.0, ""p35"": 82200.0}",-76.60000000000001,-91.80787849088979,-95.28730346962809,0.4218,1835.7623578249807,3084.0026542157684,3084.0026542157684,2000.0,61680.05308431537,0.0,6.0,False,negative_net_ev,0.25,69.58849957476568,54.21500784,"[{""expiry"": ""2024-09-06"", ""option_type"": ""PE"", ""premium_points"": 232.6, ""qty"": 1, ""quantity_per_lot"": 1, ""raw_open"": 232.35, ""side"": ""BUY"", ""strike"": 82200.0}, {""expiry"": ""2024-09-06"", ""option_type"": ""PE"", ""premium_points"": 105.55, ""qty"": -2, ""quantity_per_lot"": 2, ""raw_open"": 105.8, ""side"": ""SELL"", ""strike"": 81700.0}, {""expiry"": ""2024-09-06"", ""option_type"": ""CE"", ""premium_points"": 142.9, ""qty"": 1, ""quantity_per_lot"": 1, ""raw_open"": 142.65, ""side"": ""BUY"", ""strike"": 83100.0}, {""expiry"": ""2024-09-06"", ""option_type"": ""CE"", ""premium_points"": 43.9, ""qty"": -2, ""quantity_per_lot"": 2, ""raw_open"": 44.15, ""side"": ""SELL"", ""strike"": 83700.0}]",2.0,EVALUATED,81183.93,-92.670000000007,79.61675784000018,-1933.0167578401401,True,Batman_standalone,
development,2024-09-13,2024-09-10,Buy Call,low,0.09172085492136227,0.21825396825396826,81741.98,80905.82041186222,81445.28227567334,82339.77861111826,82871.70823339933,"{""atm"": 81700.0}",-352.25,224.82088297242578,223.47777846371034,0.4508,353.5931045087155,353.5931045087155,353.5931045087155,2000.0,7071.86209017431,1.0,1.0,True,eligible,0.25,26.862090174310644,12.435318099999998,"[{""expiry"": ""2024-09-13"", ""option_type"": ""CE"", ""premium_points"": 352.25, ""qty"": 1, ""quantity_per_lot"": 1, ""raw_open"": 352.0, ""side"": ""BUY"", ""strike"": 81700.0}]",2.0,EVALUATED,82890.94,838.6900000000023,42.20881810000005,16731.591181900047,True,,
development,2024-09-13,2024-09-10,Long Synthetic Future,low,0.09172085492136227,0.21825396825396826,81741.98,80905.82041186222,81445.28227567334,82339.77861111826,82871.70823339933,"{""atm"": 81700.0}",-19.55000000000001,142.61330307616544,140.32747668144992,0.564,2777.2653066593302,4148.49337077521,4148.49337077521,2000.0,82969.8674155042,1.0,2.0,True,eligible,0.25,45.716527894310644,31.28975582,"[{""expiry"": ""2024-09-13"", ""option_type"": ""CE"", ""premium_points"": 352.25, ""qty"": 1, ""quantity_per_lot"": 1, ""raw_open"": 352.0, ""side"": ""BUY"", ""strike"": 81700.0}, {""expiry"": ""2024-09-13"", ""option_type"": ""PE"", ""premium_points"": 332.7, ""qty"": -1, ""quantity_per_lot"": 1, ""raw_open"": 332.95, ""side"": ""SELL"", ""strike"": 81700.0}]",4.0,EVALUATED,82890.94,1171.3900000000024,61.06325582000005,23366.736744180045,True,,
development,2024-09-13,2024-09-10,Risk Reversal,low,0.09172085492136227,0.21825396825396826,81741.98,80905.82041186222,81445.28227567334,82339.77861111826,82871.70823339933,"{""c65"": 82300.0, ""p35"": 81400.0}",74.4,71.22615182077107,69.43981205791958,0.6842,2382.815820027466,3754.0438841433456,3754.0438841433456,2000.0,75080.8776828669,1.0,2.0,True,eligible,0.25,35.72679525702972,28.30077524,"[{""expiry"": ""2024-09-13"", ""option_type"": ""CE"", ""premium_points"": 135.75, ""qty"": 1, ""quantity_per_lot"": 1, ""raw_open"": 135.5, ""side"": ""BUY"", ""strike"": 82300.0}, {""expiry"": ""2024-09-13"", ""option_type"": ""PE"", ""premium_points"": 210.15, ""qty"": -1, ""quantity_per_lot"": 1, ""raw_open"": 210.4, ""side"": ""SELL"", ""strike"": 81400.0}]",9.0,EVALUATED,82890.94,665.3400000000023,43.07427524000006,13263.725724760046,True,,
development,2024-09-13,2024-09-10,Batman,low,0.09172085492136227,0.21825396825396826,81741.98,80905.82041186222,81445.28227567334,82339.77861111826,82871.70823339933,"{""c65"": 82300.0, ""c80"": 82900.0, ""p20"": 80900.0, ""p35"": 81400.0}",-65.30000000000001,-68.90608783319935,-72.34191209512637,0.4398,1775.0360603739555,2937.5676455860876,2937.5676455860876,2000.0,58751.352911721755,0.0,6.0,False,negative_net_ev,0.25,68.71648523854016,53.78509899999999,"[{""expiry"": ""2024-09-13"", ""option_type"": ""PE"", ""premium_points"": 210.65, ""qty"": 1, ""quantity_per_lot"": 1, ""raw_open"": 210.4, ""side"": ""BUY"", ""strike"": 81400.0}, {""expiry"": ""2024-09-13"", ""option_type"": ""PE"", ""premium_points"": 93.55, ""qty"": -2, ""quantity_per_lot"": 2, ""raw_open"": 93.8, ""side"": ""SELL"", ""strike"": 80900.0}, {""expiry"": ""2024-09-13"", ""option_type"": ""CE"", ""premium_points"": 135.75, ""qty"": 1, ""quantity_per_lot"": 1, ""raw_open"": 135.5, ""side"": ""BUY"", ""strike"": 82300.0}, {""expiry"": ""2024-09-13"", ""option_type"": ""CE"", ""premium_points"": 47.0, ""qty"": -2, ""quantity_per_lot"": 2, ""raw_open"": 47.25, ""side"": ""SELL"", ""strike"": 82900.0}]",0.0,STANDALONE_EVALUATED,82890.94,525.6400000000024,68.55859900000004,10444.241401000047,True,Batman_standalone,
development,2024-09-20,2024-09-17,Buy Call,low,0.08953795938538403,0.19047619047619047,82932.75,82060.23704330939,82603.83285219944,83494.09683355672,84012.93249005801,"{""atm"": 82900.0}",-459.15,97.34081192137857,96.01379225947687,0.3944,460.4770196619017,460.4770196619017,460.4770196619017,2000.0,9209.540393238034,1.0,1.0,True,eligible,0.25,26.540393238034465,12.628122939999999,"[{""expiry"": ""2024-09-20"", ""option_type"": ""CE"", ""premium_points"": 459.15, ""qty"": 1, ""quantity_per_lot"": 1, ""raw_open"": 458.9, ""side"": ""BUY"", ""strike"": 82900.0}]",2.0,EVALUATED,84544.31,1185.1599999999976,53.735872939999936,23649.464127059953,True,,
development,2024-09-20,2024-09-17,Long Synthetic Future,low,0.08953795938538403,0.19047619047619047,82932.75,82060.23704330939,82603.83285219944,83494.09683355672,84012.93249005801,"{""atm"": 82900.0}",-85.19999999999999,36.283637806155824,33.97016383325405,0.5316,2981.8343845843274,4495.553040203826,4495.553040203826,2000.0,89911.06080407652,1.0,2.0,True,eligible,0.25,46.26947945803447,32.357209160000004,"[{""expiry"": ""2024-09-20"", ""option_type"": ""CE"", ""premium_points"": 459.15, ""qty"": 1, ""quantity_per_lot"": 1, ""raw_open"": 458.9, ""side"": ""BUY"", ""strike"": 82900.0}, {""expiry"": ""2024-09-20"", ""option_type"": ""PE"", ""premium_points"": 373.95, ""qty"": -1, ""quantity_per_lot"": 1, ""raw_open"": 374.2, ""side"": ""SELL"", ""strike"": 82900.0}]",4.0,EVALUATED,84544.31,1559.1099999999976,73.46495915999995,31108.735040839954,True,,
development,2024-09-20,2024-09-17,Risk Reversal,low,0.08953795938538403,0.19047619047619047,82932.75,82060.23704330939,82603.83285219944,83494.09683355672,84012.93249005801,"{""c65"": 83500.0, ""p35"": 82600.0}",44.29999999999998,12.69912306006576,10.874225150785922,0.6676,2551.8458085207053,4065.5644641402037,4065.5644641402037,2000.0,81311.28928280408,1.0,2.0,True,eligible,0.25,36.49795818559658,29.366230039999998,"[{""expiry"": ""2024-09-20"", ""option_type"": ""CE"", ""premium_points"": 209.8, ""qty"": 1, ""quantity_per_lot"": 1, ""raw_open"": 209.55, ""side"": ""BUY"", ""strike"": 83500.0}, {""expiry"": ""2024-09-20"", ""option_type"": ""PE"", ""premium_points"": 254.1, ""qty"": -1, ""quantity_per_lot"": 1, ""raw_open"": 254.35, ""side"": ""SELL"", ""strike"": 82600.0}]",9.0,EVALUATED,84544.31,1088.6099999999976,55.47398003999994,21716.726019959955,True,,
development,2024-09-20,2024-09-17,Batman,low,0.08953795938538403,0.19047619047619047,82932.75,82060.23704330939,82603.83285219944,83494.09683355672,84012.93249005801,"{""c65"": 83500.0, ""c80"": 84000.0, ""p20"": 82100.0, ""p35"": 82600.0}",-18.69999999999999,-75.15676940507716,-78.78384513381175,0.451,1942.3351760120397,3248.880301259575,3248.880301259575,2000.0,64977.6060251915,0.0,6.0,False,negative_net_ev,0.25,72.54151457469153,57.48803636000001,"[{""expiry"": ""2024-09-20"", ""option_type"": ""PE"", ""premium_points"": 254.6, ""qty"": 1, ""quantity_per_lot"": 1, ""raw_open"": 254.35, ""side"": ""BUY"", ""strike"": 82600.0}, {""expiry"": ""2024-09-20"", ""option_type"": ""PE"", ""premium_points"": 126.2, ""qty"": -2, ""quantity_per_lot"": 2, ""raw_open"": 126.45, ""side"": ""SELL"", ""strike"": 82100.0}, {""expiry"": ""2024-09-20"", ""option_type"": ""CE"", ""premium_points"": 209.8, ""qty"": 1, ""quantity_per_lot"": 1, ""raw_open"": 209.55, ""side"": ""BUY"", ""strike"": 83500.0}, {""expiry"": ""2024-09-20"", ""option_type"": ""CE"", ""premium_points"": 96.65, ""qty"": -2, ""quantity_per_lot"": 2, ""raw_open"": 96.9, ""side"": ""SELL"", ""strike"": 84000.0}]",0.0,STANDALONE_EVALUATED,84544.31,-63.00999999999766,83.59578635999995,-1343.7957863599531,True,Batman_standalone,
development,2024-09-27,2024-09-24,Buy Put,medium,0.10236575660628883,0.4126984126984127,84884.95,84062.631363803,84615.05090801344,85528.04882384889,86101.9591127025,"{""atm"": 84900.0}",-481.65,-43.3097628590061,-44.49112335243235,0.2874,482.83136049342636,482.83136049342636,482.83136049342636,2000.0,9656.627209868528,0.0,1.0,False,negative_net_ev,0.25,23.627209868524847,12.668703939999999,"[{""expiry"": ""2024-09-27"", ""option_type"": ""PE"", ""premium_points"": 481.65, ""qty"": 1, ""quantity_per_lot"": 1, ""raw_open"": 481.4, ""side"": ""BUY"", ""strike"": 84900.0}]",1.0,EVALUATED,85571.85,-481.65,12.668703939999999,-9645.66870394,True,,
development,2024-09-27,2024-09-24,Put Ratio Spread,medium,0.10236575660628883,0.4126984126984127,84884.95,84062.631363803,84615.05090801344,85528.04882384889,86101.9591127025,"{""atm"": 84900.0, ""p35"": 84600.0}",229.85000000000002,27.36407617731206,24.838397613885864,0.7968,2065.2920287033576,3438.873067145701,3438.873067145701,2000.0,68777.46134291402,1.0,3.0,True,eligible,0.25,50.51357126852485,39.55506534,"[{""expiry"": ""2024-09-27"", ""option_type"": ""PE"", ""premium_points"": 481.65, ""qty"": 1, ""quantity_per_lot"": 1, ""raw_open"": 481.4, ""side"": ""BUY"", ""strike"": 84900.0}, {""expiry"": ""2024-09-27"", ""option_type"": ""PE"", ""premium_points"": 355.75, ""qty"": -2, ""quantity_per_lot"": 2, ""raw_open"": 356.0, ""side"": ""SELL"", ""strike"": 84600.0}]",4.0,EVALUATED,85571.85,229.85000000000002,39.55506534,4557.44493466,True,,
development,2024-09-27,2024-09-24,Short Straddle,medium,0.10236575660628883,0.4126984126984127,84884.95,84062.631363803,84615.05090801344,85528.04882384889,86101.9591127025,"{""atm"": 84900.0}",914.4,-109.39072755441666,-111.54015614641672,0.5438,2472.860522190132,3616.85567328006,3616.85567328006,2000.0,72337.1134656012,0.0,2.0,False,negative_net_ev,0.25,42.98857183999999,42.98857183999999,"[{""expiry"": ""2024-09-27"", ""option_type"": ""CE"", ""premium_points"": 433.25, ""qty"": -1, ""quantity_per_lot"": 1, ""raw_open"": 433.5, ""side"": ""SELL"", ""strike"": 84900.0}, {""expiry"": ""2024-09-27"", ""option_type"": ""PE"", ""premium_points"": 481.15, ""qty"": -1, ""quantity_per_lot"": 1, ""raw_open"": 481.4, ""side"": ""SELL"", ""strike"": 84900.0}]",4.0,EVALUATED,85571.85,242.54999999999416,42.98857183999999,4808.0114281598835,True,,
development,2024-09-27,2024-09-24,Short Strangle,medium,0.10236575660628883,0.4126984126984127,84884.95,84062.631363803,84615.05090801344,85528.04882384889,86101.9591127025,"{""c65"": 85500.0, ""p35"": 84600.0}",550.3,-82.29304327541779,-84.05646032941785,0.5908,2392.1802144849776,3587.0918018058605,3587.0918018058605,2000.0,71741.83603611721,0.0,2.0,False,negative_net_ev,0.25,35.26834108,35.26834108,"[{""expiry"": ""2024-09-27"", ""option_type"": ""PE"", ""premium_points"": 355.75, ""qty"": -1, ""quantity_per_lot"": 1, ""raw_open"": 356.0, ""side"": ""SELL"", ""strike"": 84600.0}, {""expiry"": ""2024-09-27"", ""option_type"": ""CE"", ""premium_points"": 194.55, ""qty"": -1, ""quantity_per_lot"": 1, ""raw_open"": 194.8, ""side"": ""SELL"", ""strike"": 85500.0}]",3.0,EVALUATED,85571.85,478.44999999999413,35.26834108,9533.731658919884,True,,
development,2024-09-27,2024-09-24,Strip,medium,0.10236575660628883,0.4126984126984127,84884.95,84062.631363803,84615.05090801344,85528.04882384889,86101.9591127025,"{""atm"": 84900.0}",-1397.05,65.08096469541057,61.947315020541346,0.3886,1354.1987391146818,1392.0194578708833,1392.0194578708833,2000.0,27840.389157417667,1.0,3.0,True,eligible,0.25,62.67299349738527,26.11971938,"[{""expiry"": ""2024-09-27"", ""option_type"": ""CE"", ""premium_points"": 433.75, ""qty"": 1, ""quantity_per_lot"": 1, ""raw_open"": 433.5, ""side"": ""BUY"", ""strike"": 84900.0}, {""expiry"": ""2024-09-27"", ""option_type"": ""PE"", ""premium_points"": 481.65, ""qty"": 2, ""quantity_per_lot"": 2, ""raw_open"": 481.4, ""side"": ""BUY"", ""strike"": 84900.0}]",3.0,EVALUATED,85571.85,-725.1999999999941,42.91596938000015,-14546.915969379883,True,,
development,2024-09-27,2024-09-24,Batman,medium,0.10236575660628883,0.4126984126984127,84884.95,84062.631363803,84615.05090801344,85528.04882384889,86101.9591127025,"{""c65"": 85500.0, ""c80"": 86100.0, ""p20"": 84100.0, ""p35"": 84600.0}",29.19999999999999,-1.4421841034446874,-5.258076131538955,0.7896,1838.4415039064452,3065.2364338845273,3065.2364338845273,2000.0,61304.728677690546,0.0,6.0,False,negative_net_ev,0.25,76.31784056188543,60.50301447999999,"[{""expiry"": ""2024-09-27"", ""option_type"": ""PE"", ""premium_points"": 356.25, ""qty"": 1, ""quantity_per_lot"": 1, ""raw_open"": 356.0, ""side"": ""BUY"", ""strike"": 84600.0}, {""expiry"": ""2024-09-27"", ""option_type"": ""PE"", ""premium_points"": 210.5, ""qty"": -2, ""quantity_per_lot"": 2, ""raw_open"": 210.75, ""side"": ""SELL"", ""strike"": 84100.0}, {""expiry"": ""2024-09-27"", ""option_type"": ""CE"", ""premium_points"": 195.05, ""qty"": 1, ""quantity_per_lot"": 1, ""raw_open"": 194.8, ""side"": ""BUY"", ""strike"": 85500.0}, {""expiry"": ""2024-09-27"", ""option_type"": ""CE"", ""premium_points"": 79.75, ""qty"": -2, ""quantity_per_lot"": 2, ""raw_open"": 80.0, ""side"": ""SELL"", ""strike"": 86100.0}]",0.0,STANDALONE_EVALUATED,85571.85,101.05000000000581,62.29926448000013,1958.700735520116,True,Batman_standalone,
development,2024-10-04,2024-09-30,Buy Put,medium,0.10585079488965284,0.4880952380952381,85184.88,84307.09722244013,84877.09592006805,85799.46352340688,86341.17751408092,"{""atm"": 85200.0}",-403.5,53.75854649469713,52.56058568157877,0.3226,404.69796081311824,404.69796081311824,404.69796081311824,2000.0,8093.959216262365,1.0,1.0,True,eligible,0.25,23.959216262367427,12.5277526,"[{""expiry"": ""2024-10-04"", ""option_type"": ""PE"", ""premium_points"": 403.5, ""qty"": 1, ""quantity_per_lot"": 1, ""raw_open"": 403.25, ""side"": ""BUY"", ""strike"": 85200.0}]",1.0,EVALUATED,81688.45,3108.050000000003,100.31650260000008,62060.68349740006,True,,
development,2024-10-04,2024-09-30,Put Ratio Spread,medium,0.10585079488965284,0.4880952380952381,85184.88,84307.09722244013,84877.09592006805,85799.46352340688,86341.17751408092,"{""atm"": 85200.0, ""p35"": 84900.0}",181.70000000000005,-31.289740494240267,-33.69811864335861,0.7726,2172.6023025469517,3930.1493311543345,3930.1493311543345,2000.0,78602.98662308669,0.0,3.0,False,negative_net_ev,0.25,48.167562982367436,36.73609932000001,"[{""expiry"": ""2024-10-04"", ""option_type"": ""PE"", ""premium_points"": 403.5, ""qty"": 1, ""quantity_per_lot"": 1, ""raw_open"": 403.25, ""side"": ""BUY"", ""strike"": 85200.0}, {""expiry"": ""2024-10-04"", ""option_type"": ""PE"", ""premium_points"": 292.6, ""qty"": -2, ""quantity_per_lot"": 2, ""raw_open"": 292.85, ""side"": ""SELL"", ""strike"": 84900.0}]",4.0,EVALUATED,81688.45,-2729.850000000003,124.52484932000009,-54721.524849320056,True,,
development,2024-10-04,2024-09-30,Short Straddle,medium,0.10585079488965284,0.4880952380952381,85184.88,84307.09722244013,84877.09592006805,85799.46352340688,86341.17751408092,"{""atm"": 85200.0}",918.2,-101.08764302929471,-103.24110030529468,0.5502,2532.346251661747,4011.15442084376,4011.15442084376,2000.0,80223.0884168752,0.0,2.0,False,negative_net_ev,0.25,43.06914551999999,43.06914551999999,"[{""expiry"": ""2024-10-04"", ""option_type"": ""CE"", ""premium_points"": 515.2, ""qty"": -1, ""quantity_per_lot"": 1, ""raw_open"": 515.45, ""side"": ""SELL"", ""strike"": 85200.0}, {""expiry"": ""2024-10-04"", ""option_type"": ""PE"", ""premium_points"": 403.0, ""qty"": -1, ""quantity_per_lot"": 1, ""raw_open"": 403.25, ""side"": ""SELL"", ""strike"": 85200.0}]",4.0,EVALUATED,81688.45,-2593.350000000003,43.06914551999999,-51910.06914552006,True,,
development,2024-10-04,2024-09-30,Short Strangle,medium,0.10585079488965284,0.4880952380952381,85184.88,84307.09722244013,84877.09592006805,85799.46352340688,86341.17751408092,"{""c65"": 85800.0, ""p35"": 84900.0}",533.5,-95.26775580247771,-97.01336183247773,0.5834,2469.7269605682864,4008.955505271596,4008.955505271596,2000.0,80179.11010543192,0.0,2.0,False,negative_net_ev,0.25,34.9121206,34.9121206,"[{""expiry"": ""2024-10-04"", ""option_type"": ""PE"", ""premium_points"": 292.6, ""qty"": -1, ""quantity_per_lot"": 1, ""raw_open"": 292.85, ""side"": ""SELL"", ""strike"": 84900.0}, {""expiry"": ""2024-10-04"", ""option_type"": ""CE"", ""premium_points"": 240.9, ""qty"": -1, ""quantity_per_lot"": 1, ""raw_open"": 241.15, ""side"": ""SELL"", ""strike"": 85800.0}]",3.0,EVALUATED,81688.45,-2678.050000000003,34.9121206,-53595.91212060006,True,,
development,2024-10-04,2024-09-30,Strip,medium,0.10585079488965284,0.4880952380952381,85184.88,84307.09722244013,84877.09592006805,85799.46352340688,86341.17751408092,"{""atm"": 85200.0}",-1322.7,153.84618952399185,150.70122570108683,0.42,1272.9729059830777,1316.0215647520263,1316.0215647520263,2000.0,26320.431295040526,1.0,3.0,True,eligible,0.25,62.8992764580998,25.985621720000005,"[{""expiry"": ""2024-10-04"", ""option_type"": ""CE"", ""premium_points"": 515.7, ""qty"": 1, ""quantity_per_lot"": 1, ""raw_open"": 515.45, ""side"": ""BUY"", ""strike"": 85200.0}, {""expiry"": ""2024-10-04"", ""option_type"": ""PE"", ""premium_points"": 403.5, ""qty"": 2, ""quantity_per_lot"": 2, ""raw_open"": 403.25, ""side"": ""BUY"", ""strike"": 85200.0}]",3.0,EVALUATED,81688.45,5700.400000000006,201.56312172000017,113806.43687828012,True,,
development,2024-10-04,2024-09-30,Batman,medium,0.10585079488965284,0.4880952380952381,85184.88,84307.09722244013,84877.09592006805,85799.46352340688,86341.17751408092,"{""c65"": 85800.0, ""c80"": 86300.0, ""p20"": 84300.0, ""p35"": 84900.0}",-11.200000000000045,-34.86958006481287,-38.61853316356597,0.4836,1909.8265806037732,3412.0188377970876,3412.0188377970876,2000.0,68240.37675594175,0.0,6.0,False,negative_net_ev,0.25,74.97906197506195,59.259868080000004,"[{""expiry"": ""2024-10-04"", ""option_type"": ""PE"", ""premium_points"": 293.1, ""qty"": 1, ""quantity_per_lot"": 1, ""raw_open"": 292.85, ""side"": ""BUY"", ""strike"": 84900.0}, {""expiry"": ""2024-10-04"", ""option_type"": ""PE"", ""premium_points"": 141.35, ""qty"": -2, ""quantity_per_lot"": 2, ""raw_open"": 141.6, ""side"": ""SELL"", ""strike"": 84300.0}, {""expiry"": ""2024-10-04"", ""option_type"": ""CE"", ""premium_points"": 241.4, ""qty"": 1, ""quantity_per_lot"": 1, ""raw_open"": 241.15, ""side"": ""BUY"", ""strike"": 85800.0}, {""expiry"": ""2024-10-04"", ""option_type"": ""CE"", ""premium_points"": 120.3, ""qty"": -2, ""quantity_per_lot"": 2, ""raw_open"": 120.55, ""side"": ""SELL"", ""strike"": 86300.0}]",0.0,STANDALONE_EVALUATED,81688.45,-2022.750000000003,139.5486180800001,-40594.54861808006,True,Batman_standalone,
development,2024-10-11,2024-10-08,Batman,high,0.14479872589623716,0.8015873015873016,81224.36,80364.3328867136,80905.05497937977,81764.86005799715,82325.50928464605,"{""c65"": 81800.0, ""c80"": 82300.0, ""p20"": 80400.0, ""p35"": 80900.0}",308.04999999999995,256.7060568067441,251.44853422363735,0.8518,1612.1470800068191,2960.113122022778,2960.113122022778,2000.0,59202.26244045556,1.0,6.0,True,eligible,0.25,105.15045166213487,90.22294532,"[{""expiry"": ""2024-10-11"", ""option_type"": ""PE"", ""premium_points"": 511.1, ""qty"": 1, ""quantity_per_lot"": 1, ""raw_open"": 510.85, ""side"": ""BUY"", ""strike"": 80900.0}, {""expiry"": ""2024-10-11"", ""option_type"": ""PE"", ""premium_points"": 357.65, ""qty"": -2, ""quantity_per_lot"": 2, ""raw_open"": 357.9, ""side"": ""SELL"", ""strike"": 80400.0}, {""expiry"": ""2024-10-11"", ""option_type"": ""CE"", ""premium_points"": 447.35, ""qty"": 1, ""quantity_per_lot"": 1, ""raw_open"": 447.1, ""side"": ""BUY"", ""strike"": 81800.0}, {""expiry"": ""2024-10-11"", ""option_type"": ""CE"", ""premium_points"": 275.6, ""qty"": -2, ""quantity_per_lot"": 2, ""raw_open"": 275.85, ""side"": ""SELL"", ""strike"": 82300.0}]",2.0,EVALUATED,81381.36,308.04999999999995,90.22294532,6070.777054679999,True,,
development,2024-10-11,2024-10-08,Long Synthetic Future,high,0.14479872589623716,0.8015873015873016,81224.36,80364.3328867136,80905.05497937977,81764.86005799715,82325.50928464605,"{""atm"": 81200.0}",-105.64999999999998,1.636007998309312,-1.396261191718746,0.5092,3016.7405344986732,4590.49463096116,4590.49463096116,2000.0,91809.89261922319,0.0,2.0,False,negative_net_ev,0.25,60.64538380056136,47.029397079999995,"[{""expiry"": ""2024-10-11"", ""option_type"": ""CE"", ""premium_points"": 732.35, ""qty"": 1, ""quantity_per_lot"": 1, ""raw_open"": 732.1, ""side"": ""BUY"", ""strike"": 81200.0}, {""expiry"": ""2024-10-11"", ""option_type"": ""PE"", ""premium_points"": 626.7, ""qty"": -1, ""quantity_per_lot"": 1, ""raw_open"": 626.95, ""side"": ""SELL"", ""strike"": 81200.0}]",3.0,EVALUATED,81381.36,75.7100000000006,51.56339708000001,1462.6366029200121,True,,
development,2024-10-11,2024-10-08,Risk Reversal,high,0.14479872589623716,0.8015873015873016,81224.36,80364.3328867136,80905.05497937977,81764.86005799715,82325.50928464605,"{""c65"": 81800.0, ""p35"": 80900.0}",63.25,24.693535803708414,22.27192122927773,0.6698,2547.229879883076,4120.983976345564,4120.983976345564,2000.0,82419.67952691128,1.0,2.0,True,eligible,0.25,48.432291488613785,41.450494119999995,"[{""expiry"": ""2024-10-11"", ""option_type"": ""CE"", ""premium_points"": 447.35, ""qty"": 1, ""quantity_per_lot"": 1, ""raw_open"": 447.1, ""side"": ""BUY"", ""strike"": 81800.0}, {""expiry"": ""2024-10-11"", ""option_type"": ""PE"", ""premium_points"": 510.6, ""qty"": -1, ""quantity_per_lot"": 1, ""raw_open"": 510.85, ""side"": ""SELL"", ""strike"": 80900.0}]",5.0,EVALUATED,81381.36,63.25,41.450494119999995,1223.54950588,True,,
development,2024-10-11,2024-10-08,Sell Put,high,0.14479872589623716,0.8015873015873016,81224.36,80364.3328867136,80905.05497937977,81764.86005799715,82325.50928464605,"{""atm"": 81200.0}",626.7,189.34653917585473,187.88876021985482,0.7452,2282.8160442646454,3856.5701407271326,3856.5701407271326,2000.0,77131.40281454266,1.0,1.0,True,eligible,0.25,29.155579120000002,29.155579120000002,"[{""expiry"": ""2024-10-11"", ""option_type"": ""PE"", ""premium_points"": 626.7, ""qty"": -1, ""quantity_per_lot"": 1, ""raw_open"": 626.95, ""side"": ""SELL"", ""strike"": 81200.0}]",5.0,EVALUATED,81381.36,626.7,29.155579120000002,12504.84442088,True,,
development,2024-10-11,2024-10-08,Batman,high,0.14479872589623716,0.8015873015873016,81224.36,80364.3328867136,80905.05497937977,81764.86005799715,82325.50928464605,"{""c65"": 81800.0, ""c80"": 82300.0, ""p20"": 80400.0, ""p35"": 80900.0}",308.04999999999995,256.7060568067441,251.44853422363735,0.8518,1612.1470800068191,2960.113122022778,2960.113122022778,2000.0,59202.26244045556,1.0,6.0,True,eligible,0.25,105.15045166213487,90.22294532,"[{""expiry"": ""2024-10-11"", ""option_type"": ""PE"", ""premium_points"": 511.1, ""qty"": 1, ""quantity_per_lot"": 1, ""raw_open"": 510.85, ""side"": ""BUY"", ""strike"": 80900.0}, {""expiry"": ""2024-10-11"", ""option_type"": ""PE"", ""premium_points"": 357.65, ""qty"": -2, ""quantity_per_lot"": 2, ""raw_open"": 357.9, ""side"": ""SELL"", ""strike"": 80400.0}, {""expiry"": ""2024-10-11"", ""option_type"": ""CE"", ""premium_points"": 447.35, ""qty"": 1, ""quantity_per_lot"": 1, ""raw_open"": 447.1, ""side"": ""BUY"", ""strike"": 81800.0}, {""expiry"": ""2024-10-11"", ""option_type"": ""CE"", ""premium_points"": 275.6, ""qty"": -2, ""quantity_per_lot"": 2, ""raw_open"": 275.85, ""side"": ""SELL"", ""strike"": 82300.0}]",2.0,EVALUATED,81381.36,308.04999999999995,90.22294532,6070.777054679999,True,Batman_standalone,
development,2024-10-18,2024-10-15,Batman,high,0.13243998057799675,0.7420634920634921,82160.08,81291.9547696136,81837.31926670134,82733.197224007,83282.4315385564,"{""c65"": 82700.0, ""c80"": 83300.0, ""p20"": 81300.0, ""p35"": 81800.0}",-54.25,-61.049540275865816,-64.79961995985504,0.4482,1716.5046227877683,2823.1265562431918,2823.1265562431918,2000.0,56462.53112486383,0.0,6.0,False,negative_net_ev,0.25,75.00159367978446,59.87118092000001,"[{""expiry"": ""2024-10-18"", ""option_type"": ""PE"", ""premium_points"": 212.7, ""qty"": 1, ""quantity_per_lot"": 1, ""raw_open"": 212.45, ""side"": ""BUY"", ""strike"": 81800.0}, {""expiry"": ""2024-10-18"", ""option_type"": ""PE"", ""premium_points"": 104.85, ""qty"": -2, ""quantity_per_lot"": 2, ""raw_open"": 105.1, ""side"": ""SELL"", ""strike"": 81300.0}, {""expiry"": ""2024-10-18"", ""option_type"": ""CE"", ""premium_points"": 181.15, ""qty"": 1, ""quantity_per_lot"": 1, ""raw_open"": 180.9, ""side"": ""BUY"", ""strike"": 82700.0}, {""expiry"": ""2024-10-18"", ""option_type"": ""CE"", ""premium_points"": 64.95, ""qty"": -2, ""quantity_per_lot"": 2, ""raw_open"": 65.2, ""side"": ""SELL"", ""strike"": 83300.0}]",2.0,EVALUATED,81224.75,370.5,74.25243092000001,7335.74756908,True,,
development,2024-10-18,2024-10-15,Long Synthetic Future,high,0.13243998057799675,0.7420634920634921,82160.08,81291.9547696136,81837.31926670134,82733.197224007,83282.4315385564,"{""atm"": 82200.0}",-31.19999999999999,29.876040991430877,27.38160650765789,0.5138,2839.5899997135916,4089.0373592964525,4089.0373592964525,2000.0,81780.74718592905,1.0,2.0,True,eligible,0.25,49.88868967545924,36.77996448,"[{""expiry"": ""2024-10-18"", ""option_type"": ""CE"", ""premium_points"": 390.25, ""qty"": 1, ""quantity_per_lot"": 1, ""raw_open"": 390.0, ""side"": ""BUY"", ""strike"": 82200.0}, {""expiry"": ""2024-10-18"", ""option_type"": ""PE"", ""premium_points"": 359.05, ""qty"": -1, ""quantity_per_lot"": 1, ""raw_open"": 359.3, ""side"": ""SELL"", ""strike"": 82200.0}]",3.0,EVALUATED,81224.75,-1006.45,36.77996448,-20165.77996448,True,,
development,2024-10-18,2024-10-15,Risk Reversal,high,0.13243998057799675,0.7420634920634921,82160.08,81291.9547696136,81837.31926670134,82733.197224007,83282.4315385564,"{""c65"": 82700.0, ""p35"": 81800.0}",31.049999999999983,33.65734332342084,31.72850503684905,0.6674,2376.7744035163905,3626.2217630992513,3626.2217630992513,2000.0,72524.43526198503,1.0,2.0,True,eligible,0.25,38.57676573143499,30.97896756,"[{""expiry"": ""2024-10-18"", ""option_type"": ""CE"", ""premium_points"": 181.15, ""qty"": 1, ""quantity_per_lot"": 1, ""raw_open"": 180.9, ""side"": ""BUY"", ""strike"": 82700.0}, {""expiry"": ""2024-10-18"", ""option_type"": ""PE"", ""premium_points"": 212.2, ""qty"": -1, ""quantity_per_lot"": 1, ""raw_open"": 212.45, ""side"": ""SELL"", ""strike"": 81800.0}]",5.0,EVALUATED,81224.75,-544.2,30.97896756,-10914.97896756,True,,
development,2024-10-18,2024-10-15,Sell Put,high,0.13243998057799675,0.7420634920634921,82160.08,81291.9547696136,81837.31926670134,82733.197224007,83282.4315385564,"{""atm"": 82200.0}",359.05,-104.22296682693893,-105.31013618093898,0.6488,2447.932734583819,3697.3800941666805,3697.3800941666805,2000.0,73947.60188333361,0.0,1.0,False,negative_net_ev,0.25,21.74338708,21.74338708,"[{""expiry"": ""2024-10-18"", ""option_type"": ""PE"", ""premium_points"": 359.05, ""qty"": -1, ""quantity_per_lot"": 1, ""raw_open"": 359.3, ""side"": ""SELL"", ""strike"": 82200.0}]",5.0,EVALUATED,81224.75,-616.2,21.74338708,-12345.74338708,True,,
development,2024-10-18,2024-10-15,Batman,high,0.13243998057799675,0.7420634920634921,82160.08,81291.9547696136,81837.31926670134,82733.197224007,83282.4315385564,"{""c65"": 82700.0, ""c80"": 83300.0, ""p20"": 81300.0, ""p35"": 81800.0}",-54.25,-61.049540275865816,-64.79961995985504,0.4482,1716.5046227877683,2823.1265562431918,2823.1265562431918,2000.0,56462.53112486383,0.0,6.0,False,negative_net_ev,0.25,75.00159367978446,59.87118092000001,"[{""expiry"": ""2024-10-18"", ""option_type"": ""PE"", ""premium_points"": 212.7, ""qty"": 1, ""quantity_per_lot"": 1, ""raw_open"": 212.45, ""side"": ""BUY"", ""strike"": 81800.0}, {""expiry"": ""2024-10-18"", ""option_type"": ""PE"", ""premium_points"": 104.85, ""qty"": -2, ""quantity_per_lot"": 2, ""raw_open"": 105.1, ""side"": ""SELL"", ""strike"": 81300.0}, {""expiry"": ""2024-10-18"", ""option_type"": ""CE"", ""premium_points"": 181.15, ""qty"": 1, ""quantity_per_lot"": 1, ""raw_open"": 180.9, ""side"": ""BUY"", ""strike"": 82700.0}, {""expiry"": ""2024-10-18"", ""option_type"": ""CE"", ""premium_points"": 64.95, ""qty"": -2, ""quantity_per_lot"": 2, ""raw_open"": 65.2, ""side"": ""SELL"", ""strike"": 83300.0}]",2.0,EVALUATED,81224.75,370.5,74.25243092000001,7335.74756908,True,Batman_standalone,
development,2024-10-25,2024-10-22,Buy Put,medium,0.11703016821667454,0.6587301587301587,81305.97,80420.32675584313,80966.93304525624,81877.50306919565,82408.49124942394,"{""atm"": 81300.0}",-401.9,51.16983708587077,49.846839897513455,0.3268,403.2229971883573,403.2229971883573,403.2229971883573,2000.0,8064.459943767146,1.0,1.0,True,eligible,0.25,26.459943767146772,15.13319784,"[{""expiry"": ""2024-10-25"", ""option_type"": ""PE"", ""premium_points"": 401.9, ""qty"": 1, ""quantity_per_lot"": 1, ""raw_open"": 401.65, ""side"": ""BUY"", ""strike"": 81300.0}]",1.0,EVALUATED,79402.29,1495.8100000000063,62.57594784000016,29853.62405216013,True,,
development,2024-10-25,2024-10-22,Put Ratio Spread,medium,0.11703016821667454,0.6587301587301587,81305.97,80420.32675584313,80966.93304525624,81877.50306919565,82408.49124942394,"{""atm"": 81300.0, ""p35"": 81000.0}",148.30000000000007,-59.0925398452759,-61.76738796963325,0.7684,2124.060029969194,3570.9455175503927,3570.9455175503927,2000.0,71418.91035100786,0.0,3.0,False,negative_net_ev,0.25,53.496962487146774,42.17021656,"[{""expiry"": ""2024-10-25"", ""option_type"": ""PE"", ""premium_points"": 401.9, ""qty"": 1, ""quantity_per_lot"": 1, ""raw_open"": 401.65, ""side"": ""BUY"", ""strike"": 81300.0}, {""expiry"": ""2024-10-25"", ""option_type"": ""PE"", ""premium_points"": 275.1, ""qty"": -2, ""quantity_per_lot"": 2, ""raw_open"": 275.35, ""side"": ""SELL"", ""strike"": 81000.0}]",4.0,EVALUATED,79402.29,-1149.4100000000062,89.61296656000016,-23077.812966560126,True,,
development,2024-10-25,2024-10-22,Short Straddle,medium,0.11703016821667454,0.6587301587301587,81305.97,80420.32675584313,80966.93304525624,81877.50306919565,82408.49124942394,"{""atm"": 81300.0}",821.65,-175.1962787684597,-177.51400109045971,0.515,2542.5908677466336,3770.0118280693523,3770.0118280693523,2000.0,75400.23656138705,0.0,2.0,False,negative_net_ev,0.25,46.35444644,46.35444644,"[{""expiry"": ""2024-10-25"", ""option_type"": ""CE"", ""premium_points"": 420.25, ""qty"": -1, ""quantity_per_lot"": 1, ""raw_open"": 420.5, ""side"": ""SELL"", ""strike"": 81300.0}, {""expiry"": ""2024-10-25"", ""option_type"": ""PE"", ""premium_points"": 401.4, ""qty"": -1, ""quantity_per_lot"": 1, ""raw_open"": 401.65, ""side"": ""SELL"", ""strike"": 81300.0}]",4.0,EVALUATED,79402.29,-1076.0600000000063,46.35444644,-21567.55444644013,True,,
development,2024-10-25,2024-10-22,Short Strangle,medium,0.11703016821667454,0.6587301587301587,81305.97,80420.32675584313,80966.93304525624,81877.50306919565,82408.49124942394,"{""c65"": 81900.0, ""p35"": 81000.0}",462.1,-149.30545217993657,-151.12531280793652,0.5624,2457.204729235363,3751.679746762094,3751.679746762094,2000.0,75033.59493524188,0.0,2.0,False,negative_net_ev,0.25,36.39721256,36.39721256,"[{""expiry"": ""2024-10-25"", ""option_type"": ""PE"", ""premium_points"": 275.1, ""qty"": -1, ""quantity_per_lot"": 1, ""raw_open"": 275.35, ""side"": ""SELL"", ""strike"": 81000.0}, {""expiry"": ""2024-10-25"", ""option_type"": ""CE"", ""premium_points"": 187.0, ""qty"": -1, ""quantity_per_lot"": 1, ""raw_open"": 187.25, ""side"": ""SELL"", ""strike"": 81900.0}]",3.0,EVALUATED,79402.29,-1135.6100000000065,36.39721256,-22748.59721256013,True,,
development,2024-10-25,2024-10-22,Strip,medium,0.11703016821667454,0.6587301587301587,81305.97,80420.32675584313,80966.93304525624,81877.50306919565,82408.49124942394,"{""atm"": 81300.0}",-1224.55,225.36611585433045,221.86592431551264,0.4372,1182.2534695395855,1219.1117754866352,1219.1117754866352,2000.0,24382.235509732705,1.0,3.0,True,eligible,0.25,70.00383077635826,33.75592788,"[{""expiry"": ""2024-10-25"", ""option_type"": ""CE"", ""premium_points"": 420.75, ""qty"": 1, ""quantity_per_lot"": 1, ""raw_open"": 420.5, ""side"": ""BUY"", ""strike"": 81300.0}, {""expiry"": ""2024-10-25"", ""option_type"": ""PE"", ""premium_points"": 401.9, ""qty"": 2, ""quantity_per_lot"": 2, ""raw_open"": 401.65, ""side"": ""BUY"", ""strike"": 81300.0}]",3.0,EVALUATED,79402.29,2570.8700000000126,128.64142788000032,51288.758572120256,True,,
development,2024-10-25,2024-10-22,Batman,medium,0.11703016821667454,0.6587301587301587,81305.97,80420.32675584313,80966.93304525624,81877.50306919565,82408.49124942394,"{""c65"": 81900.0, ""c80"": 82400.0, ""p20"": 80400.0, ""p35"": 81000.0}",-8.30000000000004,-27.437228376552653,-31.38327596377756,0.4882,1822.5965689321356,3074.1160413713583,3074.1160413713583,2000.0,61482.32082742717,0.0,6.0,False,negative_net_ev,0.25,78.92095174449841,63.63581543999999,"[{""expiry"": ""2024-10-25"", ""option_type"": ""PE"", ""premium_points"": 275.6, ""qty"": 1, ""quantity_per_lot"": 1, ""raw_open"": 275.35, ""side"": ""BUY"", ""strike"": 81000.0}, {""expiry"": ""2024-10-25"", ""option_type"": ""PE"", ""premium_points"": 134.95, ""qty"": -2, ""quantity_per_lot"": 2, ""raw_open"": 135.2, ""side"": ""SELL"", ""strike"": 80400.0}, {""expiry"": ""2024-10-25"", ""option_type"": ""CE"", ""premium_points"": 187.5, ""qty"": 1, ""quantity_per_lot"": 1, ""raw_open"": 187.25, ""side"": ""BUY"", ""strike"": 81900.0}, {""expiry"": ""2024-10-25"", ""option_type"": ""CE"", ""premium_points"": 92.45, ""qty"": -2, ""quantity_per_lot"": 2, ""raw_open"": 92.7, ""side"": ""SELL"", ""strike"": 82400.0}]",0.0,STANDALONE_EVALUATED,79402.29,-406.01000000000647,103.57856544000015,-8223.77856544013,True,Batman_standalone,
development,2024-11-08,2024-11-05,Buy Call,low,0.0936738465905811,0.19047619047619047,78696.42,77859.79176997724,78392.40272651355,79224.2394176546,79718.54719854124,"{""atm"": 78700.0}",-725.9,-219.31025292578065,-220.83450632162337,0.2832,727.4242533958426,727.4242533958426,727.4242533958426,2000.0,14548.485067916852,0.0,1.0,False,negative_net_ev,0.25,30.485067916855485,17.82032424,"[{""expiry"": ""2024-11-08"", ""option_type"": ""CE"", ""premium_points"": 725.9, ""qty"": 1, ""quantity_per_lot"": 1, ""raw_open"": 725.65, ""side"": ""BUY"", ""strike"": 78700.0}]",2.0,EVALUATED,79486.32,60.42000000000701,37.47832424000018,1170.92167576014,True,,
development,2024-11-08,2024-11-05,Long Synthetic Future,low,0.0936738465905811,0.19047619047619047,78696.42,77859.79176997724,78392.40272651355,79224.2394176546,79718.54719854124,"{""atm"": 78700.0}",-78.0,4.445444186924427,1.4340566190817015,0.5124,2815.6348016838238,4296.115599931241,4296.115599931241,2000.0,85922.31199862482,1.0,2.0,True,eligible,0.25,60.227751356855485,47.56300768,"[{""expiry"": ""2024-11-08"", ""option_type"": ""CE"", ""premium_points"": 725.9, ""qty"": 1, ""quantity_per_lot"": 1, ""raw_open"": 725.65, ""side"": ""BUY"", ""strike"": 78700.0}, {""expiry"": ""2024-11-08"", ""option_type"": ""PE"", ""premium_points"": 647.9, ""qty"": -1, ""quantity_per_lot"": 1, ""raw_open"": 648.15, ""side"": ""SELL"", ""strike"": 78700.0}]",4.0,EVALUATED,79486.32,708.320000000007,67.22100768000017,14099.17899232014,True,,
development,2024-11-08,2024-11-05,Risk Reversal,low,0.0936738465905811,0.19047619047619047,78696.42,77859.79176997724,78392.40272651355,79224.2394176546,79718.54719854124,"{""c65"": 79200.0, ""p35"": 78400.0}",25.950000000000045,3.492065256670989,1.0452379097597482,0.6556,2411.120241462893,3891.601039710309,3891.601039710309,2000.0,77832.02079420618,1.0,2.0,True,eligible,0.25,48.93654693822625,41.934383319999995,"[{""expiry"": ""2024-11-08"", ""option_type"": ""CE"", ""premium_points"": 489.5, ""qty"": 1, ""quantity_per_lot"": 1, ""raw_open"": 489.25, ""side"": ""BUY"", ""strike"": 79200.0}, {""expiry"": ""2024-11-08"", ""option_type"": ""PE"", ""premium_points"": 515.45, ""qty"": -1, ""quantity_per_lot"": 1, ""raw_open"": 515.7, ""side"": ""SELL"", ""strike"": 78400.0}]",9.0,EVALUATED,79486.32,312.27000000000703,49.09238332000017,6196.30761668014,True,,
development,2024-11-08,2024-11-05,Batman,low,0.0936738465905811,0.19047619047619047,78696.42,77859.79176997724,78392.40272651355,79224.2394176546,79718.54719854124,"{""c65"": 79200.0, ""c80"": 79700.0, ""p20"": 77900.0, ""p35"": 78400.0}",308.65,276.1487308292249,270.82389405497315,0.8612,1463.0500428145992,2735.120206337978,2735.120206337978,2000.0,54702.40412675956,0.0,6.0,False,no_risk_sized_lot,0.25,106.49673548503574,91.93095988,"[{""expiry"": ""2024-11-08"", ""option_type"": ""PE"", ""premium_points"": 515.95, ""qty"": 1, ""quantity_per_lot"": 1, ""raw_open"": 515.7, ""side"": ""BUY"", ""strike"": 78400.0}, {""expiry"": ""2024-11-08"", ""option_type"": ""PE"", ""premium_points"": 349.75, ""qty"": -2, ""quantity_per_lot"": 2, ""raw_open"": 350.0, ""side"": ""SELL"", ""strike"": 77900.0}, {""expiry"": ""2024-11-08"", ""option_type"": ""CE"", ""premium_points"": 489.5, ""qty"": 1, ""quantity_per_lot"": 1, ""raw_open"": 489.25, ""side"": ""BUY"", ""strike"": 79200.0}, {""expiry"": ""2024-11-08"", ""option_type"": ""CE"", ""premium_points"": 307.3, ""qty"": -2, ""quantity_per_lot"": 2, ""raw_open"": 307.55, ""side"": ""SELL"", ""strike"": 79700.0}]",0.0,STANDALONE_EVALUATED,79486.32,594.970000000007,99.08895988000017,11800.31104012014,True,Batman_standalone,
development,2024-11-14,2024-11-11,Buy Put,medium,0.11053508325119604,0.5158730158730159,79304.49,78469.44922901355,79006.00567267761,79855.5928476777,80372.59121179894,"{""atm"": 79300.0}",-432.75,-10.722001948002498,-12.018989715567512,0.3064,434.046987767565,434.046987767565,434.046987767565,2000.0,8680.939755351299,0.0,1.0,False,negative_net_ev,0.25,25.939755351299937,15.3890554,"[{""expiry"": ""2024-11-14"", ""option_type"": ""PE"", ""premium_points"": 432.75, ""qty"": 1, ""quantity_per_lot"": 1, ""raw_open"": 432.5, ""side"": ""BUY"", ""strike"": 79300.0}]",1.0,EVALUATED,77580.31,1286.9400000000023,58.38130540000006,25680.41869460005,True,,
development,2024-11-14,2024-11-11,Put Ratio Spread,medium,0.11053508325119604,0.5158730158730159,79304.49,78469.44922901355,79006.00567267761,79855.5928476777,80372.59121179894,"{""atm"": 79300.0, ""p35"": 79000.0}",183.45000000000005,1.4840498803157904,-1.2561777032491863,0.7892,1948.7321075873585,3434.165711268637,3434.165711268637,2000.0,68683.31422537274,0.0,3.0,False,negative_net_ev,0.25,54.80455167129993,44.25385172,"[{""expiry"": ""2024-11-14"", ""option_type"": ""PE"", ""premium_points"": 432.75, ""qty"": 1, ""quantity_per_lot"": 1, ""raw_open"": 432.5, ""side"": ""BUY"", ""strike"": 79300.0}, {""expiry"": ""2024-11-14"", ""option_type"": ""PE"", ""premium_points"": 308.1, ""qty"": -2, ""quantity_per_lot"": 2, ""raw_open"": 308.35, ""side"": ""SELL"", ""strike"": 79000.0}]",4.0,EVALUATED,77580.31,-936.2400000000023,87.24610172000007,-18812.046101720047,True,,
development,2024-11-14,2024-11-11,Short Straddle,medium,0.11053508325119604,0.5158730158730159,79304.49,78469.44922901355,79006.00567267761,79855.5928476777,80372.59121179894,"{""atm"": 79300.0}",882.0,-72.5702665616542,-74.97155432165417,0.564,2353.6286652398476,3556.8931023414216,3556.8931023414216,2000.0,71137.86204682844,0.0,2.0,False,negative_net_ev,0.25,48.025755200000006,48.025755200000006,"[{""expiry"": ""2024-11-14"", ""option_type"": ""CE"", ""premium_points"": 449.75, ""qty"": -1, ""quantity_per_lot"": 1, ""raw_open"": 450.0, ""side"": ""SELL"", ""strike"": 79300.0}, {""expiry"": ""2024-11-14"", ""option_type"": ""PE"", ""premium_points"": 432.25, ""qty"": -1, ""quantity_per_lot"": 1, ""raw_open"": 432.5, ""side"": ""SELL"", ""strike"": 79300.0}]",4.0,EVALUATED,77580.31,-837.6900000000023,48.025755200000006,-16801.825755200047,True,,
development,2024-11-14,2024-11-11,Short Strangle,medium,0.11053508325119604,0.5158730158730159,79304.49,78469.44922901355,79006.00567267761,79855.5928476777,80372.59121179894,"{""c65"": 79900.0, ""p35"": 79000.0}",516.3,-54.63364239157426,-56.52855267557431,0.6042,2273.0624607624354,3532.1149957758757,3532.1149957758757,2000.0,70642.29991551752,0.0,2.0,False,negative_net_ev,0.25,37.89820568,37.89820568,"[{""expiry"": ""2024-11-14"", ""option_type"": ""PE"", ""premium_points"": 308.1, ""qty"": -1, ""quantity_per_lot"": 1, ""raw_open"": 308.35, ""side"": ""SELL"", ""strike"": 79000.0}, {""expiry"": ""2024-11-14"", ""option_type"": ""CE"", ""premium_points"": 208.2, ""qty"": -1, ""quantity_per_lot"": 1, ""raw_open"": 208.45, ""side"": ""SELL"", ""strike"": 79900.0}]",3.0,EVALUATED,77580.31,-903.3900000000024,37.89820568,-18105.698205680048,True,,
development,2024-11-14,2024-11-11,Strip,medium,0.11053508325119604,0.5158730158730159,79304.49,78469.44922901355,79006.00567267761,79855.5928476777,80372.59121179894,"{""atm"": 79300.0}",-1315.75,60.84826461365169,57.40190157288462,0.3924,1272.2108197124796,1311.1844457884258,1311.1844457884258,2000.0,26223.688915768515,1.0,3.0,True,eligible,0.25,68.9272608153413,34.512304199999996,"[{""expiry"": ""2024-11-14"", ""option_type"": ""CE"", ""premium_points"": 450.25, ""qty"": 1, ""quantity_per_lot"": 1, ""raw_open"": 450.0, ""side"": ""BUY"", ""strike"": 79300.0}, {""expiry"": ""2024-11-14"", ""option_type"": ""PE"", ""premium_points"": 432.75, ""qty"": 2, ""quantity_per_lot"": 2, ""raw_open"": 432.5, ""side"": ""BUY"", ""strike"": 79300.0}]",3.0,EVALUATED,77580.31,2123.6300000000047,120.49680420000013,42352.10319580009,True,,
development,2024-11-14,2024-11-11,Batman,medium,0.11053508325119604,0.5158730158730159,79304.49,78469.44922901355,79006.00567267761,79855.5928476777,80372.59121179894,"{""c65"": 79900.0, ""c80"": 80400.0, ""p20"": 78500.0, ""p35"": 79000.0}",17.399999999999977,-21.010882792264233,-25.0394522052537,0.791,1774.0961198914254,3033.148654904865,3033.148654904865,2000.0,60662.973098097296,0.0,6.0,False,negative_net_ev,0.25,80.57138825978936,66.2980472,"[{""expiry"": ""2024-11-14"", ""option_type"": ""PE"", ""premium_points"": 308.6, ""qty"": 1, ""quantity_per_lot"": 1, ""raw_open"": 308.35, ""side"": ""BUY"", ""strike"": 79000.0}, {""expiry"": ""2024-11-14"", ""option_type"": ""PE"", ""premium_points"": 166.5, ""qty"": -2, ""quantity_per_lot"": 2, ""raw_open"": 166.75, ""side"": ""SELL"", ""strike"": 78500.0}, {""expiry"": ""2024-11-14"", ""option_type"": ""CE"", ""premium_points"": 208.7, ""qty"": 1, ""quantity_per_lot"": 1, ""raw_open"": 208.45, ""side"": ""BUY"", ""strike"": 79900.0}, {""expiry"": ""2024-11-14"", ""option_type"": ""CE"", ""premium_points"": 100.85, ""qty"": -2, ""quantity_per_lot"": 2, ""raw_open"": 101.1, ""side"": ""SELL"", ""strike"": 80400.0}]",0.0,STANDALONE_EVALUATED,77580.31,-402.29000000000235,101.79029720000005,-8147.590297200047,True,Batman_standalone,
development,2024-11-22,2024-11-18,Buy Put,medium,0.11605951306356825,0.6190476190476191,77376.63,76564.58708333495,77106.90929973398,77926.08040498804,78400.7928007509,"{""atm"": 77400.0}",-532.45,-106.38827818956064,-107.73165170782376,0.2746,533.7933735182631,533.7933735182631,533.7933735182631,2000.0,10675.867470365263,0.0,1.0,False,negative_net_ev,0.25,26.867470365260985,16.215927320000002,"[{""expiry"": ""2024-11-22"", ""option_type"": ""PE"", ""premium_points"": 532.45, ""qty"": 1, ""quantity_per_lot"": 1, ""raw_open"": 532.2, ""side"": ""BUY"", ""strike"": 77400.0}]",1.0,EVALUATED,79117.11,-532.45,16.215927320000002,-10665.21592732,True,,
development,2024-11-22,2024-11-18,Put Ratio Spread,medium,0.11605951306356825,0.6190476190476191,77376.63,76564.58708333495,77106.90929973398,77926.08040498804,78400.7928007509,"{""atm"": 77400.0, ""p35"": 77100.0}",280.15,94.92730617987692,91.86874169361386,0.8082,1863.0961729839482,3248.49718026282,3248.49718026282,2000.0,64969.943605256405,1.0,3.0,True,eligible,0.25,61.17128972526098,50.51974668,"[{""expiry"": ""2024-11-22"", ""option_type"": ""PE"", ""premium_points"": 532.45, ""qty"": 1, ""quantity_per_lot"": 1, ""raw_open"": 532.2, ""side"": ""BUY"", ""strike"": 77400.0}, {""expiry"": ""2024-11-22"", ""option_type"": ""PE"", ""premium_points"": 406.3, ""qty"": -2, ""quantity_per_lot"": 2, ""raw_open"": 406.55, ""side"": ""SELL"", ""strike"": 77100.0}]",4.0,EVALUATED,79117.11,280.15,50.51974668,5552.48025332,True,,
development,2024-11-22,2024-11-18,Short Straddle,medium,0.11605951306356825,0.6190476190476191,77376.63,76564.58708333495,77106.90929973398,77926.08040498804,78400.7928007509,"{""atm"": 77400.0}",1053.0,130.63268021160573,127.99461217160577,0.659,2075.6751806684397,3278.7484489214803,3278.7484489214803,2000.0,65574.9689784296,1.0,2.0,True,eligible,0.25,52.7613608,52.7613608,"[{""expiry"": ""2024-11-22"", ""option_type"": ""CE"", ""premium_points"": 521.05, ""qty"": -1, ""quantity_per_lot"": 1, ""raw_open"": 521.3, ""side"": ""SELL"", ""strike"": 77400.0}, {""expiry"": ""2024-11-22"", ""option_type"": ""PE"", ""premium_points"": 531.95, ""qty"": -1, ""quantity_per_lot"": 1, ""raw_open"": 532.2, ""side"": ""SELL"", ""strike"": 77400.0}]",4.0,EVALUATED,79117.11,-664.1100000000006,52.7613608,-13334.96136080001,True,,
development,2024-11-22,2024-11-18,Short Strangle,medium,0.11605951306356825,0.6190476190476191,77376.63,76564.58708333495,77106.90929973398,77926.08040498804,78400.7928007509,"{""c65"": 77900.0, ""p35"": 77100.0}",708.45,131.88273872654216,129.72176218054216,0.6854,2033.49181799873,3267.442450290352,3267.442450290352,2000.0,65348.849005807046,1.0,2.0,True,eligible,0.25,43.219530920000004,43.219530920000004,"[{""expiry"": ""2024-11-22"", ""option_type"": ""PE"", ""premium_points"": 406.3, ""qty"": -1, ""quantity_per_lot"": 1, ""raw_open"": 406.55, ""side"": ""SELL"", ""strike"": 77100.0}, {""expiry"": ""2024-11-22"", ""option_type"": ""CE"", ""premium_points"": 302.15, ""qty"": -1, ""quantity_per_lot"": 1, ""raw_open"": 302.4, ""side"": ""SELL"", ""strike"": 77900.0}]",3.0,EVALUATED,79117.11,-508.66000000000054,43.219530920000004,-10216.419530920011,True,,
development,2024-11-22,2024-11-18,Strip,medium,0.11605951306356825,0.6190476190476191,77376.63,76564.58708333495,77106.90929973398,77926.08040498804,78400.7928007509,"{""atm"": 77400.0}",-1586.45,-238.02095840116638,-241.54436378916492,0.2958,1544.2252690131108,1579.765585666073,1579.765585666073,2000.0,31595.311713321462,0.0,3.0,False,negative_net_ev,0.25,70.46810775997085,36.75738172,"[{""expiry"": ""2024-11-22"", ""option_type"": ""CE"", ""premium_points"": 521.55, ""qty"": 1, ""quantity_per_lot"": 1, ""raw_open"": 521.3, ""side"": ""BUY"", ""strike"": 77400.0}, {""expiry"": ""2024-11-22"", ""option_type"": ""PE"", ""premium_points"": 532.45, ""qty"": 2, ""quantity_per_lot"": 2, ""raw_open"": 532.2, ""side"": ""BUY"", ""strike"": 77400.0}]",3.0,EVALUATED,79117.11,130.66000000000054,79.68513172000002,2533.514868280011,True,,
development,2024-11-22,2024-11-18,Batman,medium,0.11605951306356825,0.6190476190476191,77376.63,76564.58708333495,77106.90929973398,77926.08040498804,78400.7928007509,"{""c65"": 77900.0, ""c80"": 78400.0, ""p20"": 76600.0, ""p35"": 77100.0}",121.85000000000002,92.81115636080575,88.28516807421397,0.816,1622.4568297393214,2856.407462030944,2856.407462030944,2000.0,57128.14924061888,0.0,6.0,False,no_risk_sized_lot,0.25,90.51976573183644,76.1055842,"[{""expiry"": ""2024-11-22"", ""option_type"": ""PE"", ""premium_points"": 406.8, ""qty"": 1, ""quantity_per_lot"": 1, ""raw_open"": 406.55, ""side"": ""BUY"", ""strike"": 77100.0}, {""expiry"": ""2024-11-22"", ""option_type"": ""PE"", ""premium_points"": 250.6, ""qty"": -2, ""quantity_per_lot"": 2, ""raw_open"": 250.85, ""side"": ""SELL"", ""strike"": 76600.0}, {""expiry"": ""2024-11-22"", ""option_type"": ""CE"", ""premium_points"": 302.65, ""qty"": 1, ""quantity_per_lot"": 1, ""raw_open"": 302.4, ""side"": ""BUY"", ""strike"": 77900.0}, {""expiry"": ""2024-11-22"", ""option_type"": ""CE"", ""premium_points"": 165.05, ""qty"": -2, ""quantity_per_lot"": 2, ""raw_open"": 165.3, ""side"": ""SELL"", ""strike"": 78400.0}]",0.0,STANDALONE_EVALUATED,79117.11,-95.26000000000056,106.53333420000001,-2011.733334200011,True,Batman_standalone,
development,2024-11-29,2024-11-26,Batman,high,0.1544924897093339,0.8650793650793651,80362.52,79518.23311052355,80041.90809311415,80937.17160324272,81493.41808251315,"{""c65"": 80900.0, ""c80"": 81500.0, ""p20"": 79500.0, ""p35"": 80000.0}",61.599999999999966,56.27194807961403,51.91193208086712,0.8158,1679.6270917548516,2870.7382960345712,2870.7382960345712,2000.0,57414.765920691425,1.0,6.0,True,eligible,0.25,87.20031997493868,72.25801984,"[{""expiry"": ""2024-11-29"", ""option_type"": ""PE"", ""premium_points"": 382.8, ""qty"": 1, ""quantity_per_lot"": 1, ""raw_open"": 382.55, ""side"": ""BUY"", ""strike"": 80000.0}, {""expiry"": ""2024-11-29"", ""option_type"": ""PE"", ""premium_points"": 231.75, ""qty"": -2, ""quantity_per_lot"": 2, ""raw_open"": 232.0, ""side"": ""SELL"", ""strike"": 79500.0}, {""expiry"": ""2024-11-29"", ""option_type"": ""CE"", ""premium_points"": 266.1, ""qty"": 1, ""quantity_per_lot"": 1, ""raw_open"": 265.85, ""side"": ""BUY"", ""strike"": 80900.0}, {""expiry"": ""2024-11-29"", ""option_type"": ""CE"", ""premium_points"": 123.5, ""qty"": -2, ""quantity_per_lot"": 2, ""raw_open"": 123.75, ""side"": ""SELL"", ""strike"": 81500.0}]",2.0,EVALUATED,79802.79,258.81000000000637,77.18826984000016,5099.011730160127,True,,
development,2024-11-29,2024-11-26,Long Synthetic Future,high,0.1544924897093339,0.8650793650793651,80362.52,79518.23311052355,80041.90809311415,80937.17160324272,81493.41808251315,"{""atm"": 80400.0}",92.05000000000001,175.04216548203152,172.2375730266387,0.5628,2713.044435266598,4162.544449773176,4162.544449773176,2000.0,83250.88899546352,1.0,2.0,True,eligible,0.25,56.09184910785531,42.80047332,"[{""expiry"": ""2024-11-29"", ""option_type"": ""CE"", ""premium_points"": 462.7, ""qty"": 1, ""quantity_per_lot"": 1, ""raw_open"": 462.45, ""side"": ""BUY"", ""strike"": 80400.0}, {""expiry"": ""2024-11-29"", ""option_type"": ""PE"", ""premium_points"": 554.75, ""qty"": -1, ""quantity_per_lot"": 1, ""raw_open"": 555.0, ""side"": ""SELL"", ""strike"": 80400.0}]",3.0,EVALUATED,79802.79,-505.1600000000064,42.80047332,-10146.000473320128,True,,
development,2024-11-29,2024-11-26,Risk Reversal,high,0.1544924897093339,0.8650793650793651,80362.52,79518.23311052355,80041.90809311415,80937.17160324272,81493.41808251315,"{""c65"": 80900.0, ""p35"": 80000.0}",116.19999999999999,137.1413955268311,134.93504013925335,0.7018,2288.2961981987833,3737.79621270536,3737.79621270536,2000.0,74755.9242541072,1.0,2.0,True,eligible,0.25,44.127107751554725,36.39419024,"[{""expiry"": ""2024-11-29"", ""option_type"": ""CE"", ""premium_points"": 266.1, ""qty"": 1, ""quantity_per_lot"": 1, ""raw_open"": 265.85, ""side"": ""BUY"", ""strike"": 80900.0}, {""expiry"": ""2024-11-29"", ""option_type"": ""PE"", ""premium_points"": 382.3, ""qty"": -1, ""quantity_per_lot"": 1, ""raw_open"": 382.55, ""side"": ""SELL"", ""strike"": 80000.0}]",5.0,EVALUATED,79802.79,-81.01000000000641,36.39419024,-1656.5941902401282,True,,
development,2024-11-29,2024-11-26,Sell Put,high,0.1544924897093339,0.8650793650793651,80362.52,79518.23311052355,80041.90809311415,80937.17160324272,81493.41808251315,"{""atm"": 80400.0}",554.75,106.08713396781923,104.72898273781928,0.7132,2248.897994041206,3698.398008547783,3698.398008547783,2000.0,73967.96017095566,1.0,1.0,True,eligible,0.25,27.1630246,27.1630246,"[{""expiry"": ""2024-11-29"", ""option_type"": ""PE"", ""premium_points"": 554.75, ""qty"": -1, ""quantity_per_lot"": 1, ""raw_open"": 555.0, ""side"": ""SELL"", ""strike"": 80400.0}]",5.0,EVALUATED,79802.79,-42.4600000000064,27.1630246,-876.363024600128,True,,
development,2024-11-29,2024-11-26,Batman,high,0.1544924897093339,0.8650793650793651,80362.52,79518.23311052355,80041.90809311415,80937.17160324272,81493.41808251315,"{""c65"": 80900.0, ""c80"": 81500.0, ""p20"": 79500.0, ""p35"": 80000.0}",61.599999999999966,56.27194807961403,51.91193208086712,0.8158,1679.6270917548516,2870.7382960345712,2870.7382960345712,2000.0,57414.765920691425,1.0,6.0,True,eligible,0.25,87.20031997493868,72.25801984,"[{""expiry"": ""2024-11-29"", ""option_type"": ""PE"", ""premium_points"": 382.8, ""qty"": 1, ""quantity_per_lot"": 1, ""raw_open"": 382.55, ""side"": ""BUY"", ""strike"": 80000.0}, {""expiry"": ""2024-11-29"", ""option_type"": ""PE"", ""premium_points"": 231.75, ""qty"": -2, ""quantity_per_lot"": 2, ""raw_open"": 232.0, ""side"": ""SELL"", ""strike"": 79500.0}, {""expiry"": ""2024-11-29"", ""option_type"": ""CE"", ""premium_points"": 266.1, ""qty"": 1, ""quantity_per_lot"": 1, ""raw_open"": 265.85, ""side"": ""BUY"", ""strike"": 80900.0}, {""expiry"": ""2024-11-29"", ""option_type"": ""CE"", ""premium_points"": 123.5, ""qty"": -2, ""quantity_per_lot"": 2, ""raw_open"": 123.75, ""side"": ""SELL"", ""strike"": 81500.0}]",2.0,EVALUATED,79802.79,258.81000000000637,77.18826984000016,5099.011730160127,True,Batman_standalone,
development,2024-12-06,2024-12-03,Batman,high,0.15982821729843882,0.9166666666666666,80298.92,79419.1470662015,79978.23809916794,80852.1134471757,81412.83717582394,"{""c65"": 80900.0, ""c80"": 81400.0, ""p20"": 79400.0, ""p35"": 80000.0}",171.75,162.34529921492603,157.452911551404,0.8438,1620.4133391911332,2977.426143563818,2977.426143563818,2000.0,59548.522871276364,1.0,6.0,True,eligible,0.25,97.84775327044053,82.806403,"[{""expiry"": ""2024-12-06"", ""option_type"": ""PE"", ""premium_points"": 477.0, ""qty"": 1, ""quantity_per_lot"": 1, ""raw_open"": 476.75, ""side"": ""BUY"", ""strike"": 80000.0}, {""expiry"": ""2024-12-06"", ""option_type"": ""PE"", ""premium_points"": 296.8, ""qty"": -2, ""quantity_per_lot"": 2, ""raw_open"": 297.05, ""side"": ""SELL"", ""strike"": 79400.0}, {""expiry"": ""2024-12-06"", ""option_type"": ""CE"", ""premium_points"": 380.25, ""qty"": 1, ""quantity_per_lot"": 1, ""raw_open"": 380.0, ""side"": ""BUY"", ""strike"": 80900.0}, {""expiry"": ""2024-12-06"", ""option_type"": ""CE"", ""premium_points"": 217.7, ""qty"": -2, ""quantity_per_lot"": 2, ""raw_open"": 217.95, ""side"": ""SELL"", ""strike"": 81400.0}]",2.0,EVALUATED,81709.12,362.63000000000466,103.03440299999988,7149.5655970000935,True,,
development,2024-12-06,2024-12-03,Long Synthetic Future,high,0.15982821729843882,0.9166666666666666,80298.92,79419.1470662015,79978.23809916794,80852.1134471757,81412.83717582394,"{""atm"": 80300.0}",-67.35000000000002,24.9296266107484,21.97633941745057,0.5228,2946.8865350205147,4522.892897392168,4522.892897392168,2000.0,90457.85794784337,1.0,2.0,True,eligible,0.25,59.065743865956975,45.58175412,"[{""expiry"": ""2024-12-06"", ""option_type"": ""CE"", ""premium_points"": 662.65, ""qty"": 1, ""quantity_per_lot"": 1, ""raw_open"": 662.4, ""side"": ""BUY"", ""strike"": 80300.0}, {""expiry"": ""2024-12-06"", ""option_type"": ""PE"", ""premium_points"": 595.3, ""qty"": -1, ""quantity_per_lot"": 1, ""raw_open"": 595.55, ""side"": ""SELL"", ""strike"": 80300.0}]",3.0,EVALUATED,81709.12,1341.7699999999954,80.8097541199999,26754.590245879906,True,,
development,2024-12-06,2024-12-03,Risk Reversal,high,0.15982821729843882,0.9166666666666666,80298.92,79419.1470662015,79978.23809916794,80852.1134471757,81412.83717582394,"{""c65"": 80900.0, ""p35"": 80000.0}",96.25,45.469097084536145,43.1273193020973,0.6732,2482.675025609656,4058.681387981309,4058.681387981309,2000.0,81173.62775962618,1.0,2.0,True,eligible,0.25,46.83555564877697,39.949641799999995,"[{""expiry"": ""2024-12-06"", ""option_type"": ""CE"", ""premium_points"": 380.25, ""qty"": 1, ""quantity_per_lot"": 1, ""raw_open"": 380.0, ""side"": ""BUY"", ""strike"": 80900.0}, {""expiry"": ""2024-12-06"", ""option_type"": ""PE"", ""premium_points"": 476.5, ""qty"": -1, ""quantity_per_lot"": 1, ""raw_open"": 476.75, ""side"": ""SELL"", ""strike"": 80000.0}]",5.0,EVALUATED,81709.12,905.3699999999953,60.17764179999988,18047.222358199906,True,,
development,2024-12-06,2024-12-03,Sell Put,high,0.15982821729843882,0.9166666666666666,80298.92,79419.1470662015,79978.23809916794,80852.1134471757,81412.83717582394,"{""atm"": 80300.0}",595.3,148.22003677246957,146.80573676846953,0.729,2282.6975478312165,3858.7039102028693,3858.7039102028693,2000.0,77174.07820405738,1.0,1.0,True,eligible,0.25,28.28600008,28.28600008,"[{""expiry"": ""2024-12-06"", ""option_type"": ""PE"", ""premium_points"": 595.3, ""qty"": -1, ""quantity_per_lot"": 1, ""raw_open"": 595.55, ""side"": ""SELL"", ""strike"": 80300.0}]",5.0,EVALUATED,81709.12,595.3,28.28600008,11877.71399992,True,,
development,2024-12-06,2024-12-03,Batman,high,0.15982821729843882,0.9166666666666666,80298.92,79419.1470662015,79978.23809916794,80852.1134471757,81412.83717582394,"{""c65"": 80900.0, ""c80"": 81400.0, ""p20"": 79400.0, ""p35"": 80000.0}",171.75,162.34529921492603,157.452911551404,0.8438,1620.4133391911332,2977.426143563818,2977.426143563818,2000.0,59548.522871276364,1.0,6.0,True,eligible,0.25,97.84775327044053,82.806403,"[{""expiry"": ""2024-12-06"", ""option_type"": ""PE"", ""premium_points"": 477.0, ""qty"": 1, ""quantity_per_lot"": 1, ""raw_open"": 476.75, ""side"": ""BUY"", ""strike"": 80000.0}, {""expiry"": ""2024-12-06"", ""option_type"": ""PE"", ""premium_points"": 296.8, ""qty"": -2, ""quantity_per_lot"": 2, ""raw_open"": 297.05, ""side"": ""SELL"", ""strike"": 79400.0}, {""expiry"": ""2024-12-06"", ""option_type"": ""CE"", ""premium_points"": 380.25, ""qty"": 1, ""quantity_per_lot"": 1, ""raw_open"": 380.0, ""side"": ""BUY"", ""strike"": 80900.0}, {""expiry"": ""2024-12-06"", ""option_type"": ""CE"", ""premium_points"": 217.7, ""qty"": -2, ""quantity_per_lot"": 2, ""raw_open"": 217.95, ""side"": ""SELL"", ""strike"": 81400.0}]",2.0,EVALUATED,81709.12,362.63000000000466,103.03440299999988,7149.5655970000935,True,Batman_standalone,
development,2024-12-13,2024-12-10,Batman,high,0.1453019037897224,0.75,81424.3,80575.213314151,81115.43493564586,81980.56786512426,82504.39952969059,"{""c65"": 82000.0, ""c80"": 82500.0, ""p20"": 80600.0, ""p35"": 81100.0}",93.80000000000001,39.97000473226009,35.52419753827725,0.8066,1888.6643266342492,3347.0484496391305,3347.0484496391305,2000.0,66940.96899278261,1.0,6.0,True,eligible,0.25,88.91614387965686,73.98825552000001,"[{""expiry"": ""2024-12-13"", ""option_type"": ""PE"", ""premium_points"": 357.0, ""qty"": 1, ""quantity_per_lot"": 1, ""raw_open"": 356.75, ""side"": ""BUY"", ""strike"": 81100.0}, {""expiry"": ""2024-12-13"", ""option_type"": ""PE"", ""premium_points"": 202.35, ""qty"": -2, ""quantity_per_lot"": 2, ""raw_open"": 202.6, ""side"": ""SELL"", ""strike"": 80600.0}, {""expiry"": ""2024-12-13"", ""option_type"": ""CE"", ""premium_points"": 315.2, ""qty"": 1, ""quantity_per_lot"": 1, ""raw_open"": 314.95, ""side"": ""BUY"", ""strike"": 82000.0}, {""expiry"": ""2024-12-13"", ""option_type"": ""CE"", ""premium_points"": 180.65, ""qty"": -2, ""quantity_per_lot"": 2, ""raw_open"": 180.9, ""side"": ""SELL"", ""strike"": 82500.0}]",2.0,EVALUATED,82133.12,226.91999999999535,77.3162555199999,4461.083744479907,True,,
development,2024-12-13,2024-12-10,Long Synthetic Future,high,0.1453019037897224,0.75,81424.3,80575.213314151,81115.43493564586,81980.56786512426,82504.39952969059,"{""atm"": 81400.0}",-84.94999999999999,28.549471896174783,25.781803334208874,0.52,3037.8169138125736,4721.694990196518,4721.694990196518,2000.0,94433.89980393037,1.0,2.0,True,eligible,0.25,55.35337123931747,41.63057876,"[{""expiry"": ""2024-12-13"", ""option_type"": ""CE"", ""premium_points"": 566.4, ""qty"": 1, ""quantity_per_lot"": 1, ""raw_open"": 566.15, ""side"": ""BUY"", ""strike"": 81400.0}, {""expiry"": ""2024-12-13"", ""option_type"": ""PE"", ""premium_points"": 481.45, ""qty"": -1, ""quantity_per_lot"": 1, ""raw_open"": 481.7, ""side"": ""SELL"", ""strike"": 81400.0}]",3.0,EVALUATED,82133.12,648.1699999999953,59.95857875999988,12903.441421239908,True,,
development,2024-12-13,2024-12-10,Risk Reversal,high,0.1453019037897224,0.75,81424.3,80575.213314151,81115.43493564586,81980.56786512426,82504.39952969059,"{""c65"": 82000.0, ""p35"": 81100.0}",41.30000000000001,6.021764111612507,3.866270244051289,0.6672,2610.954739118169,4294.832815502114,4294.832815502114,2000.0,85896.65631004228,1.0,2.0,True,eligible,0.25,43.109877351223574,36.086911119999996,"[{""expiry"": ""2024-12-13"", ""option_type"": ""CE"", ""premium_points"": 315.2, ""qty"": 1, ""quantity_per_lot"": 1, ""raw_open"": 314.95, ""side"": ""BUY"", ""strike"": 82000.0}, {""expiry"": ""2024-12-13"", ""option_type"": ""PE"", ""premium_points"": 356.5, ""qty"": -1, ""quantity_per_lot"": 1, ""raw_open"": 356.75, ""side"": ""SELL"", ""strike"": 81100.0}]",5.0,EVALUATED,82133.12,174.41999999999535,39.41491111999988,3448.985088879907,True,,
development,2024-12-13,2024-12-10,Sell Put,high,0.1453019037897224,0.75,81424.3,80575.213314151,81115.43493564586,81980.56786512426,82504.39952969059,"{""atm"": 81400.0}",481.45,46.03777272347578,44.78111853747581,0.7116,2469.905899436608,4153.783975820552,4153.783975820552,2000.0,83075.67951641104,1.0,1.0,True,eligible,0.25,25.13308372,25.13308372,"[{""expiry"": ""2024-12-13"", ""option_type"": ""PE"", ""premium_points"": 481.45, ""qty"": -1, ""quantity_per_lot"": 1, ""raw_open"": 481.7, ""side"": ""SELL"", ""strike"": 81400.0}]",5.0,EVALUATED,82133.12,481.45,25.13308372,9603.86691628,True,,
development,2024-12-13,2024-12-10,Batman,high,0.1453019037897224,0.75,81424.3,80575.213314151,81115.43493564586,81980.56786512426,82504.39952969059,"{""c65"": 82000.0, ""c80"": 82500.0, ""p20"": 80600.0, ""p35"": 81100.0}",93.80000000000001,39.97000473226009,35.52419753827725,0.8066,1888.6643266342492,3347.0484496391305,3347.0484496391305,2000.0,66940.96899278261,1.0,6.0,True,eligible,0.25,88.91614387965686,73.98825552000001,"[{""expiry"": ""2024-12-13"", ""option_type"": ""PE"", ""premium_points"": 357.0, ""qty"": 1, ""quantity_per_lot"": 1, ""raw_open"": 356.75, ""side"": ""BUY"", ""strike"": 81100.0}, {""expiry"": ""2024-12-13"", ""option_type"": ""PE"", ""premium_points"": 202.35, ""qty"": -2, ""quantity_per_lot"": 2, ""raw_open"": 202.6, ""side"": ""SELL"", ""strike"": 80600.0}, {""expiry"": ""2024-12-13"", ""option_type"": ""CE"", ""premium_points"": 315.2, ""qty"": 1, ""quantity_per_lot"": 1, ""raw_open"": 314.95, ""side"": ""BUY"", ""strike"": 82000.0}, {""expiry"": ""2024-12-13"", ""option_type"": ""CE"", ""premium_points"": 180.65, ""qty"": -2, ""quantity_per_lot"": 2, ""raw_open"": 180.9, ""side"": ""SELL"", ""strike"": 82500.0}]",2.0,EVALUATED,82133.12,226.91999999999535,77.3162555199999,4461.083744479907,True,Batman_standalone,
development,2024-12-20,2024-12-17,Batman,high,0.13395368672876617,0.6904761904761905,81505.33,80677.0172141511,81217.57461631313,82128.06399552624,82628.5755797163,"{""c65"": 82100.0, ""c80"": 82600.0, ""p20"": 80700.0, ""p35"": 81200.0}",212.7,170.25092027603125,165.36510602096345,0.834,1597.6177567084526,2714.3468951216914,2714.3468951216914,2000.0,54286.93790243383,1.0,6.0,True,eligible,0.25,97.7162851013564,82.94900855999998,"[{""expiry"": ""2024-12-20"", ""option_type"": ""PE"", ""premium_points"": 421.45, ""qty"": 1, ""quantity_per_lot"": 1, ""raw_open"": 421.2, ""side"": ""BUY"", ""strike"": 81200.0}, {""expiry"": ""2024-12-20"", ""option_type"": ""PE"", ""premium_points"": 263.45, ""qty"": -2, ""quantity_per_lot"": 2, ""raw_open"": 263.7, ""side"": ""SELL"", ""strike"": 80700.0}, {""expiry"": ""2024-12-20"", ""option_type"": ""CE"", ""premium_points"": 408.25, ""qty"": 1, ""quantity_per_lot"": 1, ""raw_open"": 408.0, ""side"": ""BUY"", ""strike"": 82100.0}, {""expiry"": ""2024-12-20"", ""option_type"": ""CE"", ""premium_points"": 257.75, ""qty"": -2, ""quantity_per_lot"": 2, ""raw_open"": 258.0, ""side"": ""SELL"", ""strike"": 82600.0}]",2.0,EVALUATED,78041.59,-1945.7100000000034,161.90925856000007,-39076.10925856007,True,,
development,2024-12-20,2024-12-17,Long Synthetic Future,high,0.13395368672876617,0.6904761904761905,81505.33,80677.0172141511,81217.57461631313,82128.06399552624,82628.5755797163,"{""atm"": 81500.0}",-129.69999999999993,15.697871616632497,12.7745133473879,0.5078,2851.9077113754647,4174.313248831377,4174.313248831377,2000.0,83486.26497662754,1.0,2.0,True,eligible,0.25,58.46716538489138,44.36787576,"[{""expiry"": ""2024-12-20"", ""option_type"": ""CE"", ""premium_points"": 676.9, ""qty"": 1, ""quantity_per_lot"": 1, ""raw_open"": 676.65, ""side"": ""BUY"", ""strike"": 81500.0}, {""expiry"": ""2024-12-20"", ""option_type"": ""PE"", ""premium_points"": 547.2, ""qty"": -1, ""quantity_per_lot"": 1, ""raw_open"": 547.45, ""side"": ""SELL"", ""strike"": 81500.0}]",3.0,EVALUATED,78041.59,-3588.1100000000033,44.36787576,-71806.56787576007,True,,
development,2024-12-20,2024-12-17,Risk Reversal,high,0.13395368672876617,0.6904761904761905,81505.33,80677.0172141511,81217.57461631313,82128.06399552624,82628.5755797163,"{""c65"": 82100.0, ""p35"": 81200.0}",12.699999999999989,2.30266989202538,0.007812153808945004,0.657,2408.879210844436,3731.284748300349,3731.284748300349,2000.0,74625.69496600698,1.0,2.0,True,eligible,0.25,45.897154764328526,38.64348312,"[{""expiry"": ""2024-12-20"", ""option_type"": ""CE"", ""premium_points"": 408.25, ""qty"": 1, ""quantity_per_lot"": 1, ""raw_open"": 408.0, ""side"": ""BUY"", ""strike"": 82100.0}, {""expiry"": ""2024-12-20"", ""option_type"": ""PE"", ""premium_points"": 420.95, ""qty"": -1, ""quantity_per_lot"": 1, ""raw_open"": 421.2, ""side"": ""SELL"", ""strike"": 81200.0}]",5.0,EVALUATED,78041.59,-3145.7100000000037,38.64348312,-62952.84348312007,True,,
development,2024-12-20,2024-12-17,Sell Put,high,0.13395368672876617,0.6904761904761905,81505.33,80677.0172141511,81217.57461631313,82128.06399552624,82628.5755797163,"{""atm"": 81500.0}",547.2,128.62628662097697,127.27858972497698,0.7286,2173.43205000222,3495.837587458133,3495.837587458133,2000.0,69916.75174916266,1.0,1.0,True,eligible,0.25,26.95393792,26.95393792,"[{""expiry"": ""2024-12-20"", ""option_type"": ""PE"", ""premium_points"": 547.2, ""qty"": -1, ""quantity_per_lot"": 1, ""raw_open"": 547.45, ""side"": ""SELL"", ""strike"": 81500.0}]",5.0,EVALUATED,78041.59,-2911.2100000000037,26.95393792,-58251.15393792007,True,,
development,2024-12-20,2024-12-17,Batman,high,0.13395368672876617,0.6904761904761905,81505.33,80677.0172141511,81217.57461631313,82128.06399552624,82628.5755797163,"{""c65"": 82100.0, ""c80"": 82600.0, ""p20"": 80700.0, ""p35"": 81200.0}",212.7,170.25092027603125,165.36510602096345,0.834,1597.6177567084526,2714.3468951216914,2714.3468951216914,2000.0,54286.93790243383,1.0,6.0,True,eligible,0.25,97.7162851013564,82.94900855999998,"[{""expiry"": ""2024-12-20"", ""option_type"": ""PE"", ""premium_points"": 421.45, ""qty"": 1, ""quantity_per_lot"": 1, ""raw_open"": 421.2, ""side"": ""BUY"", ""strike"": 81200.0}, {""expiry"": ""2024-12-20"", ""option_type"": ""PE"", ""premium_points"": 263.45, ""qty"": -2, ""quantity_per_lot"": 2, ""raw_open"": 263.7, ""side"": ""SELL"", ""strike"": 80700.0}, {""expiry"": ""2024-12-20"", ""option_type"": ""CE"", ""premium_points"": 408.25, ""qty"": 1, ""quantity_per_lot"": 1, ""raw_open"": 408.0, ""side"": ""BUY"", ""strike"": 82100.0}, {""expiry"": ""2024-12-20"", ""option_type"": ""CE"", ""premium_points"": 257.75, ""qty"": -2, ""quantity_per_lot"": 2, ""raw_open"": 258.0, ""side"": ""SELL"", ""strike"": 82600.0}]",2.0,EVALUATED,78041.59,-1945.7100000000034,161.90925856000007,-39076.10925856007,True,Batman_standalone,
development,2024-12-27,2024-12-23,Batman,high,0.13539323593139985,0.6785714285714286,78551.15,77751.62523268686,78268.2158964128,79106.17028432047,79585.09186144269,"{""c65"": 79100.0, ""c80"": 79600.0, ""p20"": 77800.0, ""p35"": 78300.0}",242.65000000000003,213.14453857402023,208.17252538713728,0.84,1466.4177409327422,2627.030134701141,2627.030134701141,2000.0,52540.60269402282,1.0,6.0,True,eligible,0.25,99.44026373765801,84.83105748,"[{""expiry"": ""2024-12-27"", ""option_type"": ""PE"", ""premium_points"": 441.3, ""qty"": 1, ""quantity_per_lot"": 1, ""raw_open"": 441.05, ""side"": ""BUY"", ""strike"": 78300.0}, {""expiry"": ""2024-12-27"", ""option_type"": ""PE"", ""premium_points"": 283.2, ""qty"": -2, ""quantity_per_lot"": 2, ""raw_open"": 283.45, ""side"": ""SELL"", ""strike"": 77800.0}, {""expiry"": ""2024-12-27"", ""option_type"": ""CE"", ""premium_points"": 417.65, ""qty"": 1, ""quantity_per_lot"": 1, ""raw_open"": 417.4, ""side"": ""BUY"", ""strike"": 79100.0}, {""expiry"": ""2024-12-27"", ""option_type"": ""CE"", ""premium_points"": 267.6, ""qty"": -2, ""quantity_per_lot"": 2, ""raw_open"": 267.85, ""side"": ""SELL"", ""strike"": 79600.0}]",2.0,EVALUATED,78699.07,242.65000000000003,84.83105748,4768.168942520001,True,,
development,2024-12-27,2024-12-23,Long Synthetic Future,high,0.13539323593139985,0.6785714285714286,78551.15,77751.62523268686,78268.2158964128,79106.17028432047,79585.09186144269,"{""atm"": 78600.0}",-69.64999999999998,-12.376663145368035,-15.223946584268944,0.4994,2755.030627914766,4080.749786247997,4080.749786247997,2000.0,81614.99572495994,0.0,2.0,False,negative_net_ev,0.25,56.94566877801799,44.62737564,"[{""expiry"": ""2024-12-27"", ""option_type"": ""CE"", ""premium_points"": 637.9, ""qty"": 1, ""quantity_per_lot"": 1, ""raw_open"": 637.65, ""side"": ""BUY"", ""strike"": 78600.0}, {""expiry"": ""2024-12-27"", ""option_type"": ""PE"", ""premium_points"": 568.25, ""qty"": -1, ""quantity_per_lot"": 1, ""raw_open"": 568.5, ""side"": ""SELL"", ""strike"": 78600.0}]",3.0,EVALUATED,78699.07,29.420000000007008,47.10412564000017,541.29587436014,True,,
development,2024-12-27,2024-12-23,Risk Reversal,high,0.13539323593139985,0.6785714285714286,78551.15,77751.62523268686,78268.2158964128,79106.17028432047,79585.09186144269,"{""c65"": 79100.0, ""p35"": 78300.0}",23.150000000000034,-13.078618379512582,-15.38476369546684,0.6464,2361.6894897918187,3687.40864812505,3687.40864812505,2000.0,73748.172962501,0.0,2.0,False,negative_net_ev,0.25,46.1229063190851,39.27116092,"[{""expiry"": ""2024-12-27"", ""option_type"": ""CE"", ""premium_points"": 417.65, ""qty"": 1, ""quantity_per_lot"": 1, ""raw_open"": 417.4, ""side"": ""BUY"", ""strike"": 79100.0}, {""expiry"": ""2024-12-27"", ""option_type"": ""PE"", ""premium_points"": 440.8, ""qty"": -1, ""quantity_per_lot"": 1, ""raw_open"": 441.05, ""side"": ""SELL"", ""strike"": 78300.0}]",5.0,EVALUATED,78699.07,23.150000000000034,39.27116092,423.7288390800007,True,,
development,2024-12-27,2024-12-23,Sell Put,high,0.13539323593139985,0.6785714285714286,78551.15,77751.62523268686,78268.2158964128,79106.17028432047,79585.09186144269,"{""atm"": 78600.0}",568.25,132.79161133391227,131.41476692391228,0.721,2115.660188885865,3441.3793472190964,3441.3793472190964,2000.0,68827.58694438192,1.0,1.0,True,eligible,0.25,27.5368882,27.5368882,"[{""expiry"": ""2024-12-27"", ""option_type"": ""PE"", ""premium_points"": 568.25, ""qty"": -1, ""quantity_per_lot"": 1, ""raw_open"": 568.5, ""side"": ""SELL"", ""strike"": 78600.0}]",5.0,EVALUATED,78699.07,568.25,27.5368882,11337.4631118,True,,
development,2024-12-27,2024-12-23,Batman,high,0.13539323593139985,0.6785714285714286,78551.15,77751.62523268686,78268.2158964128,79106.17028432047,79585.09186144269,"{""c65"": 79100.0, ""c80"": 79600.0, ""p20"": 77800.0, ""p35"": 78300.0}",242.65000000000003,213.14453857402023,208.17252538713728,0.84,1466.4177409327422,2627.030134701141,2627.030134701141,2000.0,52540.60269402282,1.0,6.0,True,eligible,0.25,99.44026373765801,84.83105748,"[{""expiry"": ""2024-12-27"", ""option_type"": ""PE"", ""premium_points"": 441.3, ""qty"": 1, ""quantity_per_lot"": 1, ""raw_open"": 441.05, ""side"": ""BUY"", ""strike"": 78300.0}, {""expiry"": ""2024-12-27"", ""option_type"": ""PE"", ""premium_points"": 283.2, ""qty"": -2, ""quantity_per_lot"": 2, ""raw_open"": 283.45, ""side"": ""SELL"", ""strike"": 77800.0}, {""expiry"": ""2024-12-27"", ""option_type"": ""CE"", ""premium_points"": 417.65, ""qty"": 1, ""quantity_per_lot"": 1, ""raw_open"": 417.4, ""side"": ""BUY"", ""strike"": 79100.0}, {""expiry"": ""2024-12-27"", ""option_type"": ""CE"", ""premium_points"": 267.6, ""qty"": -2, ""quantity_per_lot"": 2, ""raw_open"": 267.85, ""side"": ""SELL"", ""strike"": 79600.0}]",2.0,EVALUATED,78699.07,242.65000000000003,84.83105748,4768.168942520001,True,Batman_standalone,
